Date,carbon_price,oil_price,gas_price,stock_market_index_level,energy_price,coal_price
2017-01-02,6.12,56.82,,363.18,,
2017-01-03,5.43,55.47,49.45,365.71,,82.5
2017-01-04,5.72,56.46,50.68,365.26,,84.2
2017-01-05,5.29,56.89,50.69,365.64,,85.75
2017-01-06,5.5,57.1,49.77,365.45,,84.75
2017-01-09,5.27,54.94,51.89,363.67,,84.05
2017-01-10,5.51,53.64,54.53,364.07,,86.4
2017-01-11,5.52,55.1,55.99,364.9,,88.7
2017-01-12,5.4,56.01,55.93,362.51,,88.6
2017-01-13,5.4,55.45,55.08,365.94,,88.2
2017-01-16,4.7,55.86,52.34,362.97,,88.05
2017-01-17,5.0,55.47,52.74,362.42,,89.8
2017-01-18,4.84,53.92,53.22,363.07,,89.95
2017-01-19,5.2,54.16,53.61,362.85,,88.55
2017-01-20,5.42,55.49,55.56,362.58,,89.2
2017-01-23,5.31,55.23,56.78,361.01,,89.3
2017-01-24,5.7,55.44,55.44,361.92,,89.2
2017-01-25,4.97,55.08,52.81,366.59,,88.85
2017-01-26,5.19,56.24,52.12,367.5,,88.5
2017-01-27,4.92,55.52,51.38,366.38,,88.5
2017-01-30,5.16,55.23,54.09,362.55,,82.3
2017-01-31,5.35,55.7,55.19,360.12,,85.3
2017-02-01,5.27,56.8,56.98,363.2,,84.65
2017-02-02,5.22,56.56,58.35,361.95,,85.1
2017-02-03,5.15,56.81,59.82,364.07,,84.55
2017-02-06,5.9,55.72,58.94,361.6,,84.3
2017-02-07,5.16,55.05,56.7,362.74,,84.1
2017-02-08,5.21,55.12,53.35,363.94,,83.1
2017-02-09,5.28,55.63,52.87,366.79,,82.8
2017-02-10,5.12,56.7,51.79,367.39,,81.2
2017-02-13,4.9,55.59,49.72,370.13,,80.5
2017-02-14,5.13,55.97,48.91,370.2,,80.5
2017-02-15,5.6,55.75,49.33,371.47,,81.5
2017-02-16,4.93,55.65,49.94,370.1,,81.75
2017-02-17,4.97,55.81,48.47,370.22,,81.8
2017-02-20,5.8,56.18,48.49,371.04,,82.2
2017-02-21,5.4,56.66,46.8,373.4,,82.2
2017-02-22,5.6,55.84,46.46,373.38,,82.1
2017-02-23,5.34,56.58,47.06,372.85,,82.1
2017-02-24,5.38,55.99,45.81,370.01,,82.1
2017-02-27,5.19,55.93,44.86,369.52,,78.65
2017-02-28,5.23,55.59,43.5,370.24,,77.9
2017-03-01,5.9,56.36,44.22,375.69,,78.8
2017-03-02,5.46,55.08,43.14,375.61,,77.95
2017-03-03,5.59,55.9,43.29,375.23,,76.9
2017-03-06,5.48,56.01,42.98,373.27,,76.8
2017-03-07,5.37,55.92,42.93,372.27,,75.8
2017-03-08,5.23,53.11,42.32,372.58,,76.1
2017-03-09,5.12,52.19,42.07,372.89,,74.7
2017-03-10,5.16,51.37,42.39,373.23,,75.35
2017-03-13,5.15,51.35,41.28,374.64,,75.85
2017-03-14,5.1,50.92,41.78,373.46,,75.25
2017-03-15,5.19,51.81,42.06,375.1,,75.15
2017-03-16,5.14,51.74,41.53,377.73,,74.7
2017-03-17,5.13,51.76,41.69,378.32,,74.85
2017-03-20,4.99,51.62,40.98,377.68,,74.15
2017-03-21,4.93,50.96,40.38,375.67,,73.8
2017-03-22,4.96,50.64,40.27,374.03,,73.65
2017-03-23,4.97,50.56,39.84,377.2,,73.8
2017-03-24,4.76,50.8,38.87,376.51,,73.45
2017-03-27,4.63,50.75,38.06,375.01,,73.55
2017-03-28,4.73,51.33,38.69,377.3,,73.7
2017-03-29,4.75,52.42,40.05,378.53,,73.7
2017-03-30,4.91,52.96,40.9,380.46,,73.7
2017-03-31,4.68,52.83,39.65,381.14,,74.2
2017-04-03,4.86,53.12,40.06,379.29,,76.8
2017-04-04,4.64,54.17,40.53,380.03,,76.15
2017-04-05,4.81,54.36,40.82,380.09,,77.25
2017-04-06,5.5,54.89,40.44,380.77,,77.8
2017-04-07,4.88,55.24,39.4,381.26,,76.65
2017-04-10,4.78,55.98,38.56,381.25,,75.5
2017-04-11,4.86,56.23,38.37,381.18,,75.1
2017-04-12,4.92,55.86,38.39,381.9,,74.9
2017-04-13,4.94,55.89,38.51,380.58,,75.45
2017-04-17,4.94,55.36,,,,75.45
2017-04-18,4.85,54.89,39.46,376.35,,75.65
2017-04-19,4.82,52.93,39.15,377.24,,75.3
2017-04-20,4.74,52.99,39.03,378.06,,75.55
2017-04-21,4.56,51.96,39.58,378.12,,75.45
2017-04-24,4.63,51.6,39.77,386.09,,75.25
2017-04-25,4.49,52.1,38.88,386.91,,75.25
2017-04-26,4.6,51.82,39.4,388.73,,75.35
2017-04-27,4.54,51.44,39.29,387.79,,75.9
2017-04-28,4.56,51.73,38.16,387.09,,75.5
2017-05-01,4.56,51.52,,386.64,,74.3
2017-05-02,4.44,50.46,39.4,389.53,,74.3
2017-05-03,4.39,50.79,39.22,389.37,,74.15
2017-05-04,4.51,48.38,37.91,391.98,,73.55
2017-05-05,4.57,49.1,37.37,394.54,,73.5
2017-05-08,4.42,49.34,36.28,394.04,,72.7
2017-05-09,4.51,48.73,36.0,395.81,,72.8
2017-05-10,4.45,50.22,36.22,396.45,,73.1
2017-05-11,4.34,50.77,35.76,394.39,,72.65
2017-05-12,4.45,50.84,35.97,395.63,,72.7
2017-05-15,4.38,51.82,36.37,395.97,,72.75
2017-05-16,4.53,51.65,36.4,395.91,,73.25
2017-05-17,4.57,52.21,37.33,391.14,,73.55
2017-05-18,4.76,52.51,37.66,389.19,,74.1
2017-05-19,4.85,53.61,36.88,391.51,,74.2
2017-05-22,4.9,53.87,36.65,391.14,,74.95
2017-05-23,4.75,54.15,36.66,392.02,,74.25
2017-05-24,4.91,53.96,36.42,392.37,,74.25
2017-05-25,4.98,51.46,36.06,392.14,,74.2
2017-05-26,5.19,52.15,36.55,391.35,,74.2
2017-05-29,5.17,52.29,,391.25,,76.2
2017-05-30,5.14,51.84,37.27,390.5,,77.75
2017-05-31,4.98,50.31,37.1,389.99,,76.55
2017-06-01,5.8,50.63,36.64,391.66,,77.3
2017-06-02,5.16,49.95,36.52,392.55,,77.5
2017-06-05,5.17,49.47,36.51,392.04,,77.85
2017-06-06,4.97,50.12,35.96,389.4,,77.4
2017-06-07,4.87,48.06,36.02,389.18,,77.85
2017-06-08,5.4,47.86,37.46,389.15,,78.5
2017-06-09,5.4,48.15,36.74,390.39,,78.55
2017-06-12,4.91,48.29,35.99,386.62,,78.65
2017-06-13,5.0,48.72,35.19,388.75,,78.75
2017-06-14,4.93,47.0,35.19,387.58,,78.15
2017-06-15,4.95,46.92,34.33,386.05,,78.3
2017-06-16,4.87,47.37,34.47,388.6,,78.55
2017-06-19,4.92,46.91,34.9,391.94,,79.15
2017-06-20,4.94,46.02,35.64,389.21,,79.05
2017-06-21,4.87,44.82,35.71,388.5,,79.05
2017-06-22,4.86,45.22,35.49,388.53,,78.9
2017-06-23,4.86,45.54,35.6,387.62,,78.85
2017-06-26,4.77,45.83,36.55,389.05,,78.9
2017-06-27,4.93,46.65,37.62,385.98,,79.1
2017-06-28,4.93,47.31,37.75,385.82,,79.05
2017-06-29,5.6,47.42,36.6,380.66,,79.0
2017-06-30,5.2,47.92,36.2,379.37,,79.0
2017-07-03,5.13,49.68,37.94,383.41,,80.7
2017-07-04,5.11,49.61,36.8,382.3,,81.75
2017-07-05,5.4,47.79,36.78,382.99,,84.05
2017-07-06,5.23,48.11,36.79,380.43,,85.5
2017-07-07,5.33,46.71,36.17,380.18,,85.45
2017-07-10,5.39,46.88,35.15,381.64,,84.65
2017-07-11,5.32,47.52,34.49,379.15,,84.65
2017-07-12,5.47,47.74,33.91,384.9,,84.3
2017-07-13,5.35,48.42,33.93,386.14,,83.15
2017-07-14,5.41,48.91,33.72,386.84,,83.3
2017-07-17,5.43,48.42,35.66,386.86,,83.5
2017-07-18,5.45,48.84,35.14,382.58,,83.4
2017-07-19,5.38,49.7,34.81,385.54,,83.0
2017-07-20,5.29,49.3,36.6,384.07,,83.4
2017-07-21,5.8,48.06,36.76,380.16,,83.6
2017-07-24,5.13,48.6,36.23,379.23,,83.45
2017-07-25,5.15,50.2,36.53,380.77,,83.55
2017-07-26,5.24,50.97,38.49,382.74,,83.5
2017-07-27,5.13,51.49,38.48,382.32,,83.5
2017-07-28,5.17,52.52,38.56,378.34,,83.5
2017-07-31,5.22,52.65,39.5,377.85,,83.25
2017-08-01,5.29,51.78,38.28,380.26,,82.25
2017-08-02,5.42,52.36,38.6,378.63,,82.1
2017-08-03,5.42,52.01,39.09,378.93,,82.8
2017-08-04,5.34,52.42,39.92,382.53,,83.6
2017-08-07,5.26,52.37,41.59,382.01,,84.0
2017-08-08,5.26,52.14,40.86,382.65,,83.5
2017-08-09,5.36,52.7,41.77,379.84,,84.1
2017-08-10,5.36,51.9,42.42,376.05,,84.4
2017-08-11,5.38,52.1,43.1,372.14,,85.1
2017-08-14,5.51,50.73,42.61,376.16,,85.4
2017-08-15,5.52,50.8,41.59,376.5,,84.75
2017-08-16,5.79,50.27,43.25,379.09,,85.35
2017-08-17,5.8,51.03,43.51,376.87,,86.1
2017-08-18,5.81,52.72,43.59,374.2,,86.25
2017-08-21,5.74,51.66,43.87,372.72,,85.2
2017-08-22,5.77,51.87,44.07,375.8,,85.25
2017-08-23,5.94,52.57,44.85,373.92,,85.4
2017-08-24,5.94,52.04,44.81,374.51,,85.15
2017-08-25,6.8,52.41,44.45,374.07,,85.25
2017-08-28,6.9,51.89,,372.29,,89.0
2017-08-29,6.3,52.0,45.5,368.42,,89.55
2017-08-30,6.2,50.86,45.41,371.01,,89.1
2017-08-31,5.93,52.38,44.91,373.88,,87.65
2017-09-01,5.82,52.75,44.58,376.14,,88.05
2017-09-04,5.91,52.34,44.94,374.17,,88.6
2017-09-05,6.49,53.38,45.63,373.71,,89.15
2017-09-06,6.69,54.2,45.46,373.95,,89.15
2017-09-07,6.89,54.49,45.59,374.95,,89.15
2017-09-08,7.6,53.78,45.25,375.51,,89.8
2017-09-11,6.87,53.84,46.42,379.43,,90.15
2017-09-12,6.86,54.27,45.83,381.42,,90.0
2017-09-13,7.9,55.16,46.02,381.34,,91.25
2017-09-14,7.9,55.47,46.47,381.79,,91.8
2017-09-15,6.94,55.62,44.99,380.71,,91.7
2017-09-18,6.72,55.48,44.89,381.95,1032.24,91.65
2017-09-19,7.2,55.14,45.35,382.12,1040.96,92.35
2017-09-20,6.9,56.29,44.55,381.98,1043.76,92.25
2017-09-21,6.55,56.43,44.08,382.88,1035.89,91.6
2017-09-22,6.64,56.86,43.75,383.22,1026.83,91.75
2017-09-25,7.28,59.02,46.16,383.9,1028.84,92.75
2017-09-26,6.98,58.44,45.98,384.03,1021.04,91.75
2017-09-27,6.93,57.9,46.32,385.62,1020.29,91.5
2017-09-28,6.96,57.41,46.45,386.36,1022.39,91.45
2017-09-29,7.7,57.54,47.32,388.16,1019.04,91.4
2017-10-02,6.94,56.12,48.22,390.13,1024.34,90.65
2017-10-03,7.0,56.0,49.24,390.72,1026.63,91.8
2017-10-04,6.9,55.8,49.07,390.4,1034.53,92.5
2017-10-05,6.89,57.0,50.13,391.03,1043.45,92.25
2017-10-06,7.0,55.62,50.02,389.47,1038.67,90.8
2017-10-09,6.96,55.79,50.23,390.21,1041.57,90.8
2017-10-10,7.39,56.61,49.79,390.16,1048.65,90.85
2017-10-11,7.38,56.94,49.8,390.15,1059.81,90.55
2017-10-12,7.41,56.25,49.27,390.28,1057.99,91.4
2017-10-13,7.32,57.17,49.19,391.42,1054.9,91.2
2017-10-16,7.36,57.82,49.9,391.41,1035.9,92.05
2017-10-17,7.42,57.88,49.79,390.44,1039.42,92.3
2017-10-18,7.81,58.15,50.57,391.56,1035.22,92.5
2017-10-19,7.65,57.23,49.96,389.11,1028.54,91.85
2017-10-20,7.57,57.75,48.91,390.13,1017.85,91.95
2017-10-23,7.44,57.37,48.38,390.74,1007.78,91.8
2017-10-24,7.47,58.33,48.3,389.33,1006.52,92.35
2017-10-25,7.4,58.44,48.66,387.13,1000.51,91.95
2017-10-26,7.2,59.3,48.25,391.27,1018.43,92.15
2017-10-27,7.17,60.44,47.85,393.43,1029.76,92.35
2017-10-30,7.14,60.9,47.6,393.91,1045.84,93.05
2017-10-31,7.37,61.37,50.38,395.22,1058.51,94.8
2017-11-01,7.51,60.49,51.1,396.77,1065.07,95.25
2017-11-02,7.66,60.62,51.96,394.94,1068.33,95.05
2017-11-03,7.88,62.07,50.89,396.06,1040.11,94.0
2017-11-06,7.92,64.27,52.67,396.59,1045.58,94.75
2017-11-07,7.75,63.69,53.48,394.65,1025.54,94.8
2017-11-08,7.72,63.49,53.81,394.45,1033.73,94.95
2017-11-09,7.55,63.93,54.51,390.07,964.01,94.7
2017-11-10,7.4,63.52,54.83,388.69,948.67,95.35
2017-11-13,7.35,63.16,55.68,386.13,941.7,94.75
2017-11-14,7.39,62.21,53.8,383.86,931.63,94.25
2017-11-15,7.69,61.87,52.76,381.96,935.73,93.85
2017-11-16,7.5,61.36,53.27,384.93,943.07,93.95
2017-11-17,7.48,62.72,52.27,383.8,935.09,93.8
2017-11-20,7.44,62.22,53.92,386.39,918.91,94.05
2017-11-21,7.39,62.57,54.82,388.1,911.2,93.8
2017-11-22,7.37,63.32,54.2,387.06,916.99,93.9
2017-11-23,7.66,63.55,55.46,387.12,907.92,94.1
2017-11-24,7.77,63.86,57.72,386.63,901.09,94.3
2017-11-27,7.7,63.84,57.96,384.87,896.83,91.85
2017-11-28,7.59,63.61,56.59,387.02,927.41,92.05
2017-11-29,7.7,63.11,56.3,387.96,928.62,93.0
2017-11-30,7.53,63.57,56.7,386.69,931.68,92.7
2017-12-01,7.68,63.73,58.42,383.97,917.44,92.7
2017-12-04,7.55,62.45,59.42,387.47,909.71,93.55
2017-12-05,7.43,62.86,59.83,386.74,902.78,93.35
2017-12-06,7.27,61.22,59.04,386.32,908.76,93.9
2017-12-07,7.35,62.2,59.7,386.41,933.56,93.7
2017-12-08,7.14,63.4,58.1,389.25,934.68,94.4
2017-12-11,7.2,64.69,59.81,389.05,933.73,94.7
2017-12-12,7.14,63.34,66.31,391.63,936.31,95.3
2017-12-13,7.7,62.44,60.33,390.7,938.12,95.0
2017-12-14,7.9,63.31,62.37,388.91,958.55,95.1
2017-12-15,7.18,63.23,61.37,388.19,952.52,95.15
2017-12-18,7.41,63.41,59.92,392.66,973.82,95.1
2017-12-19,7.52,63.8,58.96,391.02,961.58,94.85
2017-12-20,7.79,64.56,60.22,388.37,958.03,94.85
2017-12-21,8.0,64.9,58.78,390.69,963.24,94.8
2017-12-22,8.16,65.25,56.85,390.28,962.34,94.8
2017-12-26,8.16,67.02,,,,94.8
2017-12-27,8.14,66.44,54.97,390.54,971.62,94.8
2017-12-28,8.18,66.72,56.32,389.54,970.39,94.8
2017-12-29,8.15,66.87,56.43,389.18,969.99,94.8
2018-01-02,7.78,66.57,55.25,388.35,981.89,96.65
2018-01-03,7.81,67.84,54.69,390.22,978.43,96.45
2018-01-04,7.75,68.07,54.24,393.68,976.54,96.15
2018-01-05,7.76,67.62,52.91,397.35,985.37,96.25
2018-01-08,7.64,67.78,53.09,398.41,1004.72,96.45
2018-01-09,7.76,68.82,54.42,400.11,1006.58,96.1
2018-01-10,7.87,69.2,54.75,398.6,993.94,95.65
2018-01-11,7.8,69.26,54.38,397.25,1005.2,95.4
2018-01-12,7.84,69.87,55.97,398.49,1007.12,95.55
2018-01-15,7.78,70.26,53.84,397.83,1019.5,95.5
2018-01-16,8.3,69.15,53.0,398.35,1035.09,95.35
2018-01-17,8.16,69.38,51.01,397.97,1040.42,95.2
2018-01-18,8.47,69.31,50.11,398.73,1043.68,95.0
2018-01-19,8.74,68.61,50.13,400.88,1037.69,95.2
2018-01-22,8.73,69.03,51.35,402.11,1050.31,95.25
2018-01-23,8.99,69.96,49.98,402.81,1053.19,95.25
2018-01-24,9.43,70.53,48.53,400.79,1038.85,95.15
2018-01-25,9.22,70.42,48.59,398.56,1016.29,95.2
2018-01-26,9.7,70.52,49.14,400.57,1012.19,95.3
2018-01-29,8.98,69.46,48.21,399.8,1003.6,91.2
2018-01-30,8.86,69.02,47.63,396.12,1014.26,90.85
2018-01-31,9.26,69.05,48.95,395.46,1011.15,89.6
2018-02-01,9.25,69.65,50.22,393.49,1003.02,87.75
2018-02-02,8.94,68.58,50.03,388.07,983.55,88.4
2018-02-05,9.5,67.62,48.62,382.0,967.74,87.25
2018-02-06,8.78,66.86,49.85,372.79,956.26,85.5
2018-02-07,8.97,65.51,51.57,380.13,989.37,85.65
2018-02-08,9.1,64.81,49.18,374.03,969.66,83.65
2018-02-09,9.21,62.79,50.18,368.61,967.04,82.25
2018-02-12,9.46,62.59,50.29,372.93,980.72,82.45
2018-02-13,9.87,62.72,51.93,370.58,977.16,84.45
2018-02-14,9.58,64.36,51.1,374.53,1002.65,85.05
2018-02-15,9.52,64.33,49.7,376.51,990.79,84.9
2018-02-16,9.5,64.84,51.22,380.62,989.84,85.15
2018-02-19,9.86,65.67,53.87,378.24,992.35,85.2
2018-02-20,9.7,65.25,55.18,380.51,1007.34,85.65
2018-02-21,9.54,65.42,55.44,381.1,999.68,85.6
2018-02-22,9.7,66.39,55.89,380.34,998.1,86.0
2018-02-23,9.79,67.31,57.7,381.16,1007.21,85.8
2018-02-26,9.61,67.5,51.2,383.06,1011.97,83.55
2018-02-27,10.13,66.63,52.67,382.36,1016.73,82.05
2018-02-28,10.8,65.78,46.67,379.63,1011.79,81.55
2018-03-01,9.97,63.83,47.04,374.86,1004.02,79.2
2018-03-02,10.12,64.37,48.66,367.04,976.65,78.95
2018-03-05,10.34,65.54,47.4,370.87,987.24,80.05
2018-03-06,10.45,65.79,48.27,371.37,985.14,81.1
2018-03-07,10.62,64.34,48.07,372.71,992.02,81.5
2018-03-08,11.1,63.61,49.43,376.62,1005.44,81.1
2018-03-09,11.1,65.49,51.21,378.24,1007.9,81.3
2018-03-12,11.6,64.95,53.57,379.2,1008.88,80.95
2018-03-13,11.38,64.64,52.64,375.49,1008.83,81.35
2018-03-14,11.16,64.89,49.54,374.94,1026.83,81.05
2018-03-15,11.16,65.12,50.69,376.88,1024.32,80.95
2018-03-16,11.15,66.21,50.09,377.71,1024.36,80.0
2018-03-19,11.4,66.05,49.86,373.68,1025.06,79.5
2018-03-20,11.52,67.42,51.02,375.57,1038.27,80.5
2018-03-21,12.62,69.47,51.39,374.96,1043.64,80.4
2018-03-22,12.31,68.91,50.53,369.15,1013.62,80.2
2018-03-23,12.58,70.45,48.78,365.82,1007.03,79.55
2018-03-26,12.96,70.12,47.17,363.18,1008.0,79.45
2018-03-27,13.65,70.11,49.17,367.57,998.17,79.35
2018-03-28,12.96,69.53,48.63,369.26,986.32,79.4
2018-03-29,13.26,70.27,47.36,370.87,989.23,79.5
2018-04-02,13.26,67.64,,,,
2018-04-03,13.27,68.12,46.92,369.07,993.62,80.7
2018-04-04,13.2,68.02,47.18,367.33,982.53,79.9
2018-04-05,12.61,68.33,46.97,376.13,1008.27,80.55
2018-04-06,12.96,67.11,46.87,374.82,1015.4,81.2
2018-04-09,13.3,68.65,48.14,375.3,1022.15,82.1
2018-04-10,13.34,71.04,48.56,378.42,1025.9,82.15
2018-04-11,13.39,72.06,49.95,376.18,1010.74,82.25
2018-04-12,13.55,72.02,49.25,378.82,1015.7,81.95
2018-04-13,13.9,72.58,50.35,379.2,1019.38,81.8
2018-04-16,13.95,71.42,49.61,377.74,1024.14,81.85
2018-04-17,13.7,71.58,48.67,380.77,1031.85,81.15
2018-04-18,13.85,73.48,49.98,381.86,1035.5,81.3
2018-04-19,13.42,73.78,51.0,381.95,1040.06,81.8
2018-04-20,13.1,74.06,51.31,381.84,1034.05,81.8
2018-04-23,12.85,74.71,51.62,383.18,1033.03,81.95
2018-04-24,13.18,73.86,50.6,383.11,1026.1,81.8
2018-04-25,13.21,74.0,51.19,380.17,1023.6,81.8
2018-04-26,13.44,74.74,52.02,383.75,1034.36,81.7
2018-04-27,13.51,74.64,52.63,384.64,1047.03,81.8
2018-04-30,13.55,75.17,53.09,385.32,1044.58,85.2
2018-05-01,13.34,73.13,51.68,385.03,1046.22,85.3
2018-05-02,13.2,73.36,50.53,387.44,1049.74,85.1
2018-05-03,12.92,73.62,50.59,384.62,1044.67,85.2
2018-05-04,12.98,74.87,52.28,387.03,1039.6,85.25
2018-05-07,13.58,76.17,,389.51,1063.03,85.25
2018-05-08,13.56,74.85,52.37,390.0,1062.47,86.75
2018-05-09,13.96,77.21,52.66,392.44,1068.4,87.1
2018-05-10,14.57,77.47,53.04,391.97,1068.81,88.1
2018-05-11,14.6,77.12,53.89,392.4,1069.32,88.45
2018-05-14,14.6,78.23,54.78,392.19,1079.17,89.65
2018-05-15,14.29,78.43,54.63,392.37,1085.66,89.5
2018-05-16,15.15,79.28,54.37,393.21,1085.61,89.7
2018-05-17,15.27,79.3,56.0,395.79,1113.66,90.2
2018-05-18,15.22,78.51,55.46,394.67,1107.97,89.6
2018-05-21,15.53,79.22,56.52,395.87,1111.45,89.6
2018-05-22,15.92,79.57,58.31,396.94,1120.99,89.65
2018-05-23,15.98,79.8,57.56,392.58,1105.19,89.45
2018-05-24,16.26,78.79,57.22,390.54,1089.97,89.75
2018-05-25,15.97,76.44,55.17,391.08,1086.97,89.6
2018-05-28,16.28,75.3,,389.82,1071.55,92.6
2018-05-29,16.27,75.39,57.62,384.47,1064.58,94.2
2018-05-30,15.81,77.5,59.0,385.49,1080.11,95.75
2018-05-31,14.88,77.59,57.56,383.06,1080.6,95.0
2018-06-01,15.26,76.79,55.0,386.91,1089.72,95.3
2018-06-04,16.1,75.29,55.79,388.11,1090.53,95.75
2018-06-05,15.74,75.38,54.28,386.89,1084.0,94.9
2018-06-06,15.9,75.36,53.9,386.88,1079.28,94.8
2018-06-07,15.97,77.32,55.15,385.94,1075.21,95.4
2018-06-08,15.79,76.46,54.34,385.12,1064.99,95.5
2018-06-11,15.46,76.46,53.78,387.94,1073.87,96.15
2018-06-12,15.12,75.88,55.07,387.53,1067.21,96.85
2018-06-13,15.28,76.74,56.84,388.25,1062.18,96.8
2018-06-14,14.88,75.94,56.45,393.04,1068.66,96.75
2018-06-15,14.5,73.44,54.35,389.13,1064.84,96.5
2018-06-18,14.57,75.34,55.34,385.91,1055.19,96.8
2018-06-19,14.21,75.08,53.68,383.21,1048.34,97.0
2018-06-20,14.47,74.74,52.45,384.29,1035.6,96.6
2018-06-21,14.78,73.05,52.47,380.85,1022.57,96.0
2018-06-22,15.9,75.55,53.51,385.01,1029.98,96.0
2018-06-25,15.1,74.73,52.69,377.05,1008.76,96.1
2018-06-26,15.1,76.31,52.16,377.25,1006.83,96.05
2018-06-27,15.24,77.62,54.26,379.97,1005.11,96.0
2018-06-28,14.99,77.85,53.71,376.87,991.95,96.0
2018-06-29,14.98,79.44,55.24,379.93,1004.36,96.0
2018-07-02,15.6,77.3,56.61,376.75,991.29,98.75
2018-07-03,15.9,77.76,57.02,379.81,1015.7,99.4
2018-07-04,15.51,78.24,57.29,380.05,1023.79,99.75
2018-07-05,15.67,77.39,57.97,381.59,1021.76,100.4
2018-07-06,15.69,77.11,57.68,382.36,1023.03,100.2
2018-07-09,15.99,78.07,59.32,384.59,1035.94,101.95
2018-07-10,16.4,78.86,58.92,386.25,1036.98,102.2
2018-07-11,16.31,73.4,58.38,381.4,1021.61,102.6
2018-07-12,16.8,74.45,56.39,384.37,1031.53,101.55
2018-07-13,16.5,75.33,57.65,385.03,1023.82,101.4
2018-07-16,15.92,71.84,56.92,384.05,1027.76,100.7
2018-07-17,16.7,72.16,56.81,384.98,1035.91,100.8
2018-07-18,16.4,72.9,57.94,387.06,1048.98,101.85
2018-07-19,16.85,72.58,57.97,386.18,1041.22,100.95
2018-07-20,17.6,73.07,57.14,385.62,1061.95,100.15
2018-07-23,17.38,73.06,57.73,384.88,1054.31,100.75
2018-07-24,17.9,73.44,58.01,388.18,1057.1,100.9
2018-07-25,17.33,73.93,58.04,387.17,1058.35,100.95
2018-07-26,17.28,74.54,57.74,390.53,1073.46,101.0
2018-07-27,17.11,74.29,57.28,392.08,1057.18,101.0
2018-07-30,17.3,74.97,58.34,390.92,1057.05,94.8
2018-07-31,17.38,74.25,58.55,391.61,1067.48,95.1
2018-08-01,17.76,72.39,57.83,389.84,1065.06,95.15
2018-08-02,17.61,73.45,57.93,386.64,1055.35,94.75
2018-08-03,17.65,73.21,58.77,389.16,1058.89,94.45
2018-08-06,17.55,73.75,59.54,388.66,1061.64,96.05
2018-08-07,17.49,74.65,59.9,390.49,1055.27,96.75
2018-08-08,17.38,72.28,60.27,389.69,1057.52,96.4
2018-08-09,17.58,72.07,60.35,390.05,1058.44,96.45
2018-08-10,17.87,72.81,60.41,385.86,1048.79,96.85
2018-08-13,18.4,72.61,62.1,384.91,1041.76,97.6
2018-08-14,18.14,72.46,62.37,384.92,1038.5,98.2
2018-08-15,18.7,70.76,61.59,379.7,1037.19,97.6
2018-08-16,17.97,71.43,62.74,381.43,1028.67,97.85
2018-08-17,18.12,71.83,63.68,381.06,1040.6,98.2
2018-08-20,18.47,72.21,63.97,383.23,1058.74,98.2
2018-08-21,19.29,72.63,64.46,384.15,1071.56,97.5
2018-08-22,19.78,74.78,64.66,384.02,1073.64,96.9
2018-08-23,20.36,74.73,65.94,383.38,1082.62,96.95
2018-08-24,20.65,75.82,66.52,383.56,1084.43,97.0
2018-08-27,21.28,76.21,,385.57,1092.87,98.0
2018-08-28,20.65,75.95,68.08,385.46,1094.36,97.6
2018-08-29,21.2,77.14,69.21,386.58,1087.41,97.9
2018-08-30,21.13,77.77,69.52,385.36,1088.14,97.9
2018-08-31,21.6,77.42,67.79,382.26,1086.52,97.9
2018-09-03,20.12,78.15,69.55,382.51,1079.27,99.3
2018-09-04,20.14,78.17,70.52,379.83,1070.77,100.75
2018-09-05,20.34,77.27,71.18,375.68,1055.29,101.45
2018-09-06,21.44,76.5,72.39,373.47,1069.21,101.0
2018-09-07,23.19,76.83,73.41,373.77,1083.73,99.75
2018-09-10,25.19,77.37,76.14,375.51,1099.21,100.25
2018-09-11,24.13,79.06,75.33,375.31,1105.35,100.95
2018-09-12,22.92,79.74,71.92,377.08,1095.38,100.5
2018-09-13,18.87,78.18,69.86,376.52,1065.89,100.4
2018-09-14,19.94,78.09,70.19,377.85,1077.4,99.5
2018-09-17,20.9,78.05,72.91,378.31,1078.83,99.35
2018-09-18,20.19,79.03,71.18,378.73,1088.69,98.65
2018-09-19,21.43,79.4,73.5,379.98,1090.91,100.3
2018-09-20,21.98,78.7,74.52,382.63,1087.5,99.65
2018-09-21,22.8,78.8,76.5,384.29,1105.48,100.3
2018-09-24,22.43,81.2,77.71,382.14,1101.47,100.35
2018-09-25,21.25,81.87,77.68,383.89,1098.15,100.3
2018-09-26,20.24,81.34,75.13,385.04,1097.23,100.3
2018-09-27,20.83,81.72,72.63,386.38,1077.38,100.35
2018-09-28,21.21,82.72,75.06,383.18,1084.31,100.15
2018-10-01,21.37,84.98,75.12,383.94,1072.04,101.8
2018-10-02,20.98,84.8,74.19,381.94,1064.67,101.2
2018-10-03,21.18,86.29,73.92,383.84,1066.48,101.65
2018-10-04,21.34,84.58,74.47,379.68,1048.97,100.8
2018-10-05,22.16,84.16,75.33,376.41,1034.61,101.35
2018-10-08,21.94,83.91,73.07,372.21,1016.53,101.3
2018-10-09,20.79,85.0,71.93,372.93,1019.32,100.8
2018-10-10,19.46,83.09,70.13,366.93,985.3,99.9
2018-10-11,19.87,80.26,69.13,359.65,969.86,99.1
2018-10-12,20.37,80.43,72.22,358.95,983.61,99.1
2018-10-15,18.58,80.78,72.28,359.31,984.45,99.1
2018-10-16,19.29,81.41,70.6,364.99,1009.66,99.05
2018-10-17,19.27,80.05,69.7,363.54,1015.85,99.3
2018-10-18,19.74,79.29,69.85,361.67,1010.23,99.7
2018-10-19,19.71,79.78,72.56,361.24,1004.26,100.5
2018-10-22,19.0,79.83,70.53,359.74,995.61,100.35
2018-10-23,19.23,76.44,69.3,354.06,962.22,100.4
2018-10-24,19.61,76.17,68.02,353.27,970.62,100.35
2018-10-25,19.8,76.89,67.31,355.07,981.4,100.4
2018-10-26,18.28,77.62,65.27,352.34,970.9,100.2
2018-10-29,16.68,77.34,67.16,355.51,973.31,99.2
2018-10-30,16.2,75.91,64.88,355.53,949.39,98.7
2018-10-31,16.36,75.47,68.18,361.61,968.85,97.55
2018-11-01,15.62,72.89,65.72,363.08,982.68,95.35
2018-11-02,17.8,72.83,67.55,364.08,982.28,96.1
2018-11-05,17.23,73.17,65.83,363.5,986.02,94.7
2018-11-06,17.57,72.13,66.04,362.55,1030.38,93.25
2018-11-07,18.62,72.07,67.32,366.39,1089.54,94.0
2018-11-08,19.56,70.65,67.02,367.08,1096.81,92.3
2018-11-09,19.5,70.18,67.1,365.74,1098.72,91.7
2018-11-12,20.5,70.12,71.44,362.03,1094.1,92.8
2018-11-13,20.14,65.47,72.72,364.44,1072.19,91.45
2018-11-14,19.73,66.12,72.16,362.27,1073.54,90.5
2018-11-15,19.0,66.62,74.6,358.43,1059.01,89.95
2018-11-16,19.11,66.76,72.27,357.71,1063.07,89.1
2018-11-19,18.93,66.79,66.91,355.11,1042.69,88.75
2018-11-20,19.46,62.53,66.83,351.06,1036.62,88.05
2018-11-21,20.49,63.48,67.32,355.07,1057.69,87.8
2018-11-22,20.92,62.6,67.05,352.57,1050.84,88.6
2018-11-23,20.21,58.8,67.61,353.98,1054.02,88.25
2018-11-26,19.83,60.48,66.07,358.33,1081.59,88.55
2018-11-27,19.6,60.21,68.14,357.4,1087.21,88.6
2018-11-28,19.29,58.76,64.76,357.39,1108.14,88.6
2018-11-29,20.2,59.51,66.26,358.1,1110.89,88.6
2018-11-30,20.5,58.71,67.54,357.49,1102.84,88.4
2018-12-03,20.63,61.69,68.77,361.18,1127.18,86.0
2018-12-04,20.73,62.08,66.95,358.43,1123.48,85.8
2018-12-05,19.67,61.56,64.8,354.27,1113.98,86.05
2018-12-06,19.99,60.06,62.97,343.31,1084.69,86.4
2018-12-07,20.29,61.67,63.3,345.45,1095.49,86.55
2018-12-10,20.86,59.97,64.46,338.99,1064.45,86.55
2018-12-11,20.16,60.2,65.25,344.18,1090.19,86.95
2018-12-12,21.47,60.15,66.05,350.0,1120.3,87.7
2018-12-13,22.32,61.45,66.53,349.42,1134.28,87.9
2018-12-14,23.37,60.28,67.95,347.21,1145.18,88.5
2018-12-17,24.35,59.61,68.03,343.26,1136.81,88.6
2018-12-18,24.9,56.26,65.53,340.46,1108.11,88.4
2018-12-19,24.38,57.24,67.24,341.52,1099.76,88.25
2018-12-20,24.23,54.35,68.64,336.58,1068.47,88.55
2018-12-21,24.65,53.82,69.05,336.67,1062.69,88.0
2018-12-24,24.9,50.47,67.34,335.24,1060.78,88.0
2018-12-26,24.9,54.47,,,,87.5
2018-12-27,24.73,52.16,64.36,329.58,1035.85,87.25
2018-12-28,24.7,52.2,62.63,336.23,1050.92,88.0
2018-12-31,24.73,53.8,61.07,337.65,1057.88,86.7
2019-01-02,25.6,54.91,62.16,337.21,1080.18,85.45
2019-01-03,23.8,55.95,61.81,333.92,1062.67,83.75
2019-01-04,23.54,57.06,63.55,343.38,1094.24,83.45
2019-01-07,22.9,57.33,59.26,342.88,1107.12,81.5
2019-01-08,22.68,58.72,60.73,345.85,1121.79,82.05
2019-01-09,21.87,61.44,60.03,347.7,1128.34,82.05
2019-01-10,21.95,61.68,59.87,348.88,1132.47,82.15
2019-01-11,22.6,60.48,61.39,349.2,1135.57,82.55
2019-01-14,22.41,58.99,59.3,347.51,1127.45,82.0
2019-01-15,22.49,60.64,60.61,348.71,1123.98,82.5
2019-01-16,23.25,61.32,60.15,350.59,1130.54,82.95
2019-01-17,23.51,61.18,62.97,350.73,1135.39,83.4
2019-01-18,24.69,62.7,61.79,357.05,1158.45,83.2
2019-01-21,24.3,62.74,59.29,356.36,1164.4,82.3
2019-01-22,25.3,61.5,59.26,355.09,1152.92,82.0
2019-01-23,24.55,61.14,60.19,354.89,1152.58,81.95
2019-01-24,23.9,61.09,57.57,355.67,1176.73,81.85
2019-01-25,23.78,61.64,56.04,357.84,1176.79,81.5
2019-01-28,22.62,59.93,55.2,354.38,1173.21,79.0
2019-01-29,23.24,61.32,55.13,357.23,1219.04,79.75
2019-01-30,22.91,61.65,54.06,358.51,1228.44,79.85
2019-01-31,22.16,61.89,51.52,358.67,1232.39,79.05
2019-02-01,21.85,62.75,50.07,359.71,1236.96,77.75
2019-02-04,22.92,62.51,50.66,359.92,1221.04,76.3
2019-02-05,23.3,61.98,50.48,364.99,1231.31,75.7
2019-02-06,23.56,62.69,49.88,365.52,1232.72,76.05
2019-02-07,23.34,61.63,49.81,360.08,1212.75,75.2
2019-02-08,22.24,62.1,48.05,358.07,1198.94,74.1
2019-02-11,22.27,61.51,47.81,361.12,1217.71,73.6
2019-02-12,20.58,62.42,46.98,362.78,1231.79,73.15
2019-02-13,20.83,63.61,47.62,364.97,1226.41,74.1
2019-02-14,19.68,64.57,47.07,363.8,1234.85,73.75
2019-02-15,20.31,66.25,47.64,368.94,1243.69,74.1
2019-02-18,19.9,66.5,45.78,369.78,1240.48,74.1
2019-02-19,20.1,66.45,46.33,368.97,1241.83,74.05
2019-02-20,20.37,67.08,47.42,371.46,1249.96,74.35
2019-02-21,18.71,67.07,45.66,370.41,1244.54,74.25
2019-02-22,18.85,67.12,44.9,371.23,1238.92,74.1
2019-02-25,19.15,64.76,44.08,372.18,1237.53,73.25
2019-02-26,19.56,65.21,43.76,373.64,1245.22,74.05
2019-02-27,21.17,66.39,44.89,372.58,1238.45,75.05
2019-02-28,21.59,66.03,44.11,372.8,1242.83,75.05
2019-03-01,22.18,65.07,43.07,374.24,1238.25,74.6
2019-03-04,23.3,65.67,43.14,375.09,1243.47,75.1
2019-03-05,22.83,65.86,42.84,375.64,1237.41,74.5
2019-03-06,22.4,65.99,42.08,375.48,1234.65,73.45
2019-03-07,23.17,66.3,41.85,373.88,1230.71,73.15
2019-03-08,22.91,65.74,41.95,370.57,1220.43,72.35
2019-03-11,22.18,66.58,41.57,373.47,1238.71,72.3
2019-03-12,22.22,66.67,40.73,373.25,1251.57,72.65
2019-03-13,22.17,67.55,39.26,375.6,1250.08,71.8
2019-03-14,22.63,67.23,38.8,378.52,1259.05,71.95
2019-03-15,22.36,67.16,37.58,381.1,1264.01,71.4
2019-03-18,21.71,67.54,37.26,382.11,1274.53,71.45
2019-03-19,21.1,67.61,37.28,384.29,1276.14,71.25
2019-03-20,21.53,68.5,38.07,380.84,1277.87,71.2
2019-03-21,20.83,67.86,37.11,380.69,1277.99,70.95
2019-03-22,20.56,67.03,36.25,376.03,1257.27,70.85
2019-03-25,20.84,67.21,35.56,374.33,1248.76,70.7
2019-03-26,21.44,67.97,35.78,377.2,1267.45,70.7
2019-03-27,21.75,67.83,37.47,377.28,1281.83,70.6
2019-03-28,22.16,67.82,36.05,376.84,1288.14,70.45
2019-03-29,21.44,68.39,34.61,379.09,1291.58,70.4
2019-04-01,21.82,69.01,33.34,383.67,1308.44,58.75
2019-04-02,21.93,69.37,32.15,385.03,1316.4,56.4
2019-04-03,23.9,69.31,33.98,388.92,1336.46,54.8
2019-04-04,24.37,69.4,35.83,387.87,1335.96,56.05
2019-04-05,24.53,70.34,41.09,388.23,1347.05,56.25
2019-04-08,24.25,71.1,39.14,387.51,1338.07,58.7
2019-04-09,25.46,70.61,41.46,385.68,1336.11,59.05
2019-04-10,26.5,71.73,38.12,386.68,1344.1,59.8
2019-04-11,27.24,70.83,39.14,386.91,1331.22,59.8
2019-04-12,26.5,71.55,38.52,387.53,1321.11,60.15
2019-04-15,26.73,71.18,36.09,388.1,1342.17,59.4
2019-04-16,26.92,71.72,35.68,389.21,1341.62,59.6
2019-04-17,27.38,71.62,36.66,389.59,1339.92,59.6
2019-04-18,26.81,71.97,34.41,390.46,1341.08,59.4
2019-04-22,26.81,74.04,,,,59.4
2019-04-23,27.45,74.51,34.34,391.35,1347.45,59.65
2019-04-24,27.33,74.57,33.87,390.98,1350.52,59.35
2019-04-25,27.21,74.35,34.36,390.15,1350.68,59.35
2019-04-26,25.78,72.15,33.9,391.01,1348.09,59.0
2019-04-29,26.31,72.04,34.07,391.32,1345.13,58.85
2019-04-30,26.2,72.8,33.66,391.35,1348.29,59.05
2019-05-01,25.69,72.18,32.59,391.09,1352.89,58.35
2019-05-02,24.62,70.75,33.38,388.84,1322.89,59.15
2019-05-03,25.12,70.85,33.99,390.37,1333.47,60.9
2019-05-06,25.25,71.24,,386.95,1317.99,60.5
2019-05-07,26.32,69.88,32.39,381.64,1317.75,59.6
2019-05-08,26.82,70.37,33.19,382.23,1321.87,60.45
2019-05-09,26.42,70.39,33.75,375.92,1293.98,59.35
2019-05-10,25.54,70.62,32.54,377.14,1308.44,59.15
2019-05-13,24.95,70.23,32.15,372.57,1273.75,58.7
2019-05-14,25.81,71.24,32.24,376.34,1295.88,59.25
2019-05-15,25.89,71.77,32.63,378.06,1301.82,58.95
2019-05-16,25.49,72.62,31.23,382.88,1315.16,58.5
2019-05-17,24.92,72.21,29.83,381.51,1312.97,58.4
2019-05-20,25.13,71.97,30.6,377.46,1297.15,58.3
2019-05-21,25.32,72.18,30.15,379.5,1325.3,58.2
2019-05-22,26.3,70.99,30.35,379.19,1334.33,58.0
2019-05-23,25.99,67.76,30.43,373.79,1302.35,57.8
2019-05-24,25.4,68.69,29.93,375.89,1320.34,57.5
2019-05-27,25.51,70.11,,376.71,1323.99,57.5
2019-05-28,25.4,70.11,30.42,375.9,1338.29,57.05
2019-05-29,25.45,69.45,29.93,370.51,1306.12,56.9
2019-05-30,25.22,66.87,28.28,372.07,1306.92,56.8
2019-05-31,24.39,64.49,27.57,369.06,,56.8
2019-06-03,23.67,61.28,26.76,370.49,,51.55
2019-06-04,24.49,61.97,29.18,372.67,,52.3
2019-06-05,24.18,60.63,28.61,374.08,,51.6
2019-06-06,23.91,61.67,27.38,374.01,,51.85
2019-06-07,24.44,63.29,28.59,377.48,,52.35
2019-06-10,25.13,62.29,29.71,378.27,1333.66,53.0
2019-06-11,24.91,62.29,27.85,380.89,1345.81,51.05
2019-06-12,24.75,59.97,27.92,379.74,1354.97,50.5
2019-06-13,24.9,61.31,28.51,380.33,1364.12,50.25
2019-06-14,24.99,62.01,28.31,378.81,1358.1,50.0
2019-06-17,24.96,60.94,29.31,378.46,1349.77,49.35
2019-06-18,25.5,62.14,27.82,384.78,1360.05,48.65
2019-06-19,24.89,61.82,26.55,384.77,1352.55,48.7
2019-06-20,25.3,64.45,26.27,386.16,1367.02,48.95
2019-06-21,25.24,65.2,27.15,384.76,1362.03,49.0
2019-06-24,26.35,64.86,26.93,383.79,1374.98,48.95
2019-06-25,26.39,65.05,25.1,383.4,1382.01,48.95
2019-06-26,27.37,66.49,25.11,382.2,1368.65,48.9
2019-06-27,26.87,66.55,24.18,382.21,1345.35,48.9
2019-06-28,26.26,66.55,25.65,384.87,1337.33,48.85
2019-07-01,26.89,65.06,26.48,387.87,1352.59,50.55
2019-07-02,26.69,62.4,26.12,389.29,1371.52,51.45
2019-07-03,26.48,63.82,26.5,392.58,1402.7,52.8
2019-07-04,25.98,63.3,27.02,392.94,1398.18,55.3
2019-07-05,26.35,64.23,29.59,390.11,1377.86,56.3
2019-07-08,26.78,64.11,31.41,389.9,1387.65,57.05
2019-07-09,26.53,64.16,31.28,387.92,1390.62,56.4
2019-07-10,28.16,67.01,32.51,387.15,1401.38,58.1
2019-07-11,28.26,66.52,35.26,386.7,1409.06,58.5
2019-07-12,28.76,66.72,35.83,386.85,1400.68,57.85
2019-07-15,29.2,66.48,34.97,387.75,1413.25,57.75
2019-07-16,28.44,64.35,31.38,389.1,1412.52,57.3
2019-07-17,28.43,63.66,30.04,387.66,1412.23,57.8
2019-07-18,27.74,61.93,29.08,386.8,1404.68,57.65
2019-07-19,28.85,62.47,29.09,387.25,1415.05,58.0
2019-07-22,28.96,63.26,27.48,387.74,1406.01,58.1
2019-07-23,29.78,63.83,29.57,391.54,1414.86,58.1
2019-07-24,29.16,63.18,27.64,391.73,1412.59,58.1
2019-07-25,28.99,63.39,27.67,389.52,1412.02,58.1
2019-07-26,28.26,63.46,27.52,390.73,1399.76,58.1
2019-07-29,28.39,63.71,27.45,390.85,1404.5,58.0
2019-07-30,27.87,64.72,27.93,385.11,1326.93,57.9
2019-07-31,27.95,65.17,29.76,385.77,1328.66,57.9
2019-08-01,29.42,60.5,33.46,387.68,1346.28,58.55
2019-08-02,29.23,61.89,32.72,378.15,1333.93,58.15
2019-08-05,28.67,59.81,31.52,369.43,1307.51,57.05
2019-08-06,28.38,58.94,30.33,367.71,1322.86,56.1
2019-08-07,28.25,56.23,31.6,368.6,1337.26,56.15
2019-08-08,28.51,57.38,33.88,374.71,1347.72,56.5
2019-08-09,28.1,58.53,33.99,371.56,1356.38,56.25
2019-08-12,26.68,58.57,32.27,370.41,1339.49,56.3
2019-08-13,27.8,61.3,33.64,372.4,1336.81,56.4
2019-08-14,26.89,59.48,31.64,366.16,1325.09,56.1
2019-08-15,25.97,58.23,31.37,365.09,1309.93,56.0
2019-08-16,25.95,58.64,30.48,369.63,1317.52,55.9
2019-08-19,26.55,59.74,30.03,373.86,1333.73,55.8
2019-08-20,26.24,60.03,31.5,371.3,1319.87,55.65
2019-08-21,26.1,60.3,32.01,375.8,1342.78,55.35
2019-08-22,25.65,59.92,30.63,374.29,1331.71,55.1
2019-08-23,25.8,59.34,29.84,371.36,1334.17,54.9
2019-08-26,25.82,58.7,,371.28,1327.47,54.9
2019-08-27,25.4,59.51,28.27,373.62,1334.1,54.95
2019-08-28,26.0,60.49,28.77,372.86,1324.64,54.8
2019-08-29,26.45,61.08,30.07,376.74,1308.09,54.7
2019-08-30,26.31,60.43,33.03,379.48,1320.97,55.0
2019-09-02,25.18,58.66,30.57,380.69,1321.18,55.3
2019-09-03,25.22,58.26,31.54,379.81,1320.86,56.95
2019-09-04,25.52,60.7,30.88,383.18,1336.4,56.75
2019-09-05,25.53,60.95,31.57,385.92,1332.99,57.4
2019-09-06,25.8,61.54,31.96,387.14,1335.27,57.65
2019-09-09,25.1,62.59,31.43,386.06,1331.31,58.4
2019-09-10,26.72,62.38,37.28,386.44,1329.71,60.65
2019-09-11,26.27,60.81,37.04,389.71,1356.62,60.45
2019-09-12,26.43,60.38,37.52,390.48,1369.04,60.75
2019-09-13,26.37,60.22,38.15,391.79,1360.07,60.95
2019-09-16,27.2,69.02,39.69,389.53,1364.13,61.75
2019-09-17,26.2,64.55,35.11,389.33,1367.83,61.55
2019-09-18,25.44,63.6,32.47,389.41,1369.34,61.05
2019-09-19,25.94,64.4,32.16,391.8,1384.11,60.9
2019-09-20,26.51,64.28,33.3,392.95,1371.6,61.25
2019-09-23,25.78,64.77,32.26,389.8,1359.54,60.9
2019-09-24,25.52,63.1,32.19,389.84,1375.84,61.0
2019-09-25,25.19,62.39,30.92,387.59,1358.79,60.25
2019-09-26,25.62,62.74,30.65,389.95,1362.06,60.9
2019-09-27,25.29,61.91,30.65,391.79,1351.24,60.4
2019-09-30,24.72,60.78,43.18,393.15,1344.48,60.9
2019-10-01,25.4,58.89,44.4,387.99,1329.47,60.0
2019-10-02,24.19,57.69,42.32,377.52,1311.42,59.4
2019-10-03,23.24,57.71,42.08,377.46,1306.7,59.2
2019-10-04,22.94,58.37,41.9,380.22,1324.56,59.65
2019-10-07,23.41,58.35,41.18,382.91,1316.29,60.25
2019-10-08,22.53,58.24,41.97,378.71,1302.87,61.3
2019-10-09,22.65,58.32,41.87,380.3,1306.29,60.75
2019-10-10,23.26,59.1,42.55,382.76,1304.96,60.7
2019-10-11,24.44,60.51,42.13,391.61,1332.3,60.75
2019-10-14,24.15,59.35,42.37,389.69,1339.24,60.92
2019-10-15,25.71,58.74,41.75,394.02,1347.12,60.43
2019-10-16,26.3,59.42,41.73,393.46,1327.17,60.25
2019-10-17,26.6,59.91,41.74,393.08,1331.15,60.1
2019-10-18,25.88,59.42,41.61,391.84,1317.67,60.0
2019-10-21,25.93,58.96,40.35,394.22,1331.08,60.1
2019-10-22,25.66,59.7,40.68,394.59,1329.64,60.15
2019-10-23,24.75,61.17,40.33,395.03,1335.81,60.15
2019-10-24,25.44,61.67,41.13,397.37,1337.32,59.9
2019-10-25,24.97,62.02,39.95,398.01,1343.86,60.15
2019-10-28,25.12,61.57,37.24,398.99,1345.95,56.4
2019-10-29,25.45,61.59,35.85,398.37,1316.39,56.7
2019-10-30,26.0,60.61,36.09,398.7,1332.02,56.2
2019-10-31,25.61,60.23,42.64,396.75,1329.01,56.4
2019-11-01,25.29,61.69,42.82,399.43,1343.58,56.95
2019-11-04,25.63,62.13,43.61,403.41,1349.22,56.75
2019-11-05,25.51,62.96,44.4,404.23,1325.07,56.9
2019-11-06,24.79,61.74,43.08,405.07,1325.72,56.1
2019-11-07,24.94,62.29,42.5,406.56,1351.72,56.2
2019-11-08,24.84,62.51,41.94,405.42,1373.51,55.8
2019-11-11,24.93,62.18,41.56,405.34,1390.45,55.2
2019-11-12,24.12,62.06,40.76,406.9,1390.6,55.3
2019-11-13,24.39,62.37,40.33,405.86,1398.36,55.3
2019-11-14,23.96,62.28,40.59,404.41,1401.41,55.75
2019-11-15,23.85,63.3,41.03,406.04,1412.65,55.85
2019-11-18,23.39,62.44,39.75,405.99,1408.39,54.8
2019-11-19,23.44,60.91,40.06,405.5,1403.26,55.35
2019-11-20,24.3,62.4,40.81,403.82,1406.13,55.5
2019-11-21,23.94,63.97,40.99,402.22,1396.93,56.05
2019-11-22,24.58,63.39,42.2,403.98,1392.65,55.95
2019-11-25,24.44,63.65,42.51,408.09,1417.97,55.9
2019-11-26,24.38,64.27,41.56,408.49,1427.38,56.15
2019-11-27,25.11,64.06,41.92,409.81,1424.2,55.85
2019-11-28,25.1,63.87,40.84,409.25,1432.73,56.1
2019-11-29,25.22,62.43,42.76,407.43,1429.81,56.4
2019-12-02,24.33,60.92,41.27,401.01,1409.57,57.3
2019-12-03,24.0,60.82,41.17,398.48,1401.72,56.4
2019-12-04,24.74,63.0,41.03,403.19,1416.06,56.0
2019-12-05,24.69,63.39,40.01,402.66,1415.36,55.2
2019-12-06,24.94,64.39,39.05,407.35,1429.19,54.35
2019-12-09,25.13,64.25,38.28,406.39,1430.66,54.2
2019-12-10,24.94,64.34,37.46,405.34,1431.2,53.6
2019-12-11,24.48,63.72,36.0,406.22,1447.73,53.5
2019-12-12,25.7,64.2,38.14,407.58,1460.25,54.0
2019-12-13,24.2,65.22,35.17,412.02,1468.13,53.6
2019-12-16,24.9,65.34,35.46,417.75,1487.99,53.5
2019-12-17,25.95,66.1,37.56,414.92,1495.27,53.5
2019-12-18,26.47,66.17,38.81,414.38,1489.97,53.5
2019-12-19,26.74,66.54,39.08,415.07,1493.94,53.35
2019-12-20,26.56,66.14,37.12,418.4,1493.43,53.45
2019-12-23,26.43,66.39,34.2,418.27,1498.52,53.4
2019-12-24,25.97,67.2,33.12,418.86,1499.38,53.2
2019-12-26,25.97,67.92,,,,53.2
2019-12-27,26.59,68.16,33.13,419.74,1515.31,53.5
2019-12-30,24.97,68.44,31.84,416.17,1503.82,52.75
2019-12-31,24.52,66.0,31.07,415.84,1502.38,53.0
2020-01-02,24.28,66.25,31.03,419.72,1502.0,52.1
2020-01-03,24.9,68.6,33.07,418.33,1484.56,52.75
2020-01-06,24.15,68.91,31.18,416.63,1471.83,52.65
2020-01-07,24.47,68.27,30.24,417.67,1459.35,52.55
2020-01-08,23.97,65.44,30.46,418.36,1456.94,52.5
2020-01-09,24.58,65.37,31.03,419.64,1465.71,52.7
2020-01-10,24.12,64.98,30.45,419.14,1471.02,52.9
2020-01-13,24.6,64.2,31.34,418.39,1476.84,53.5
2020-01-14,23.77,64.49,29.18,419.59,1484.83,52.2
2020-01-15,24.43,64.0,29.05,419.63,1504.37,51.8
2020-01-16,24.77,64.62,28.83,420.54,1523.62,51.0
2020-01-17,25.36,64.85,28.31,424.56,1540.25,50.5
2020-01-20,25.11,65.2,27.35,423.98,1552.54,49.75
2020-01-21,24.85,64.59,27.85,423.38,1554.6,50.6
2020-01-22,24.94,63.21,26.81,423.04,1560.88,50.25
2020-01-23,24.63,62.04,26.77,420.03,1570.09,50.4
2020-01-24,24.3,60.69,27.12,423.64,1595.41,50.25
2020-01-27,24.52,59.32,27.32,414.07,1571.89,50.35
2020-01-28,24.58,59.51,28.14,417.56,1594.02,50.35
2020-01-29,23.92,59.81,26.66,419.41,1617.4,50.15
2020-01-30,23.67,58.29,25.34,415.16,1570.04,50.45
2020-01-31,23.82,58.16,24.18,410.71,1582.73,50.35
2020-02-03,23.15,54.45,22.83,411.72,1582.52,47.7
2020-02-04,23.3,53.96,23.02,418.47,1596.78,48.9
2020-02-05,23.71,55.28,22.79,423.62,1638.68,49.45
2020-02-06,23.5,54.93,22.4,425.49,1616.56,48.9
2020-02-07,23.26,54.47,22.13,424.36,1616.89,48.2
2020-02-10,23.11,53.27,20.86,424.64,1611.52,47.5
2020-02-11,23.25,54.01,20.52,428.48,1645.23,48.0
2020-02-12,23.83,55.79,20.69,431.16,1634.71,48.75
2020-02-13,24.35,56.34,20.75,431.08,1637.43,49.9
2020-02-14,24.24,57.32,20.86,430.52,1650.64,50.3
2020-02-17,25.0,57.67,22.16,431.98,1648.17,50.55
2020-02-18,25.9,57.75,22.33,430.33,1665.64,49.7
2020-02-19,25.66,59.12,23.04,433.9,1697.99,49.3
2020-02-20,25.59,59.31,23.14,430.19,1686.21,48.4
2020-02-21,25.56,58.5,22.92,428.07,1690.93,48.3
2020-02-24,24.53,56.3,22.58,411.86,1613.65,48.0
2020-02-25,24.14,54.95,22.54,404.6,1580.14,48.15
2020-02-26,24.22,53.43,23.06,404.62,1587.27,48.0
2020-02-27,23.56,52.18,22.93,389.45,1536.92,47.9
2020-02-28,23.57,50.52,21.7,375.65,1508.23,47.8
2020-03-02,23.49,51.9,22.38,375.97,1519.49,46.85
2020-03-03,23.33,51.86,23.2,381.13,1580.1,46.95
2020-03-04,23.8,51.13,22.39,386.3,1625.19,47.3
2020-03-05,23.77,49.99,22.35,380.76,1615.31,47.8
2020-03-06,23.39,45.27,21.85,366.8,1539.49,47.4
2020-03-09,23.25,34.36,21.62,339.5,1424.57,46.4
2020-03-10,24.7,37.22,23.01,335.64,1399.87,46.4
2020-03-11,23.89,35.79,24.18,333.17,1352.32,46.5
2020-03-12,22.49,33.22,24.03,294.93,1187.8,45.8
2020-03-13,21.89,33.85,23.98,299.16,1225.67,46.55
2020-03-16,19.41,30.05,22.97,284.63,1172.62,46.5
2020-03-17,18.25,28.73,22.36,291.07,1233.86,47.1
2020-03-18,15.24,24.88,22.16,279.66,1161.24,47.8
2020-03-19,16.31,28.47,23.16,287.8,1148.91,46.9
2020-03-20,16.4,26.98,22.24,293.04,1214.71,47.5
2020-03-23,15.45,27.03,21.62,280.43,1154.35,47.4
2020-03-24,16.7,27.15,21.59,304.0,1231.5,47.65
2020-03-25,17.41,27.39,20.65,313.38,1297.51,48.25
2020-03-26,17.22,26.34,19.85,321.38,1328.15,47.95
2020-03-27,16.26,24.93,18.46,310.9,1281.2,48.1
2020-03-30,16.94,22.76,17.0,314.88,1286.08,50.75
2020-03-31,17.56,22.74,16.33,320.06,1310.51,49.3
2020-04-01,16.96,24.74,16.04,310.77,1287.57,48.1
2020-04-02,17.95,29.94,16.28,312.08,1297.33,47.45
2020-04-03,17.86,34.11,16.22,309.06,1314.47,46.1
2020-04-06,20.3,33.05,16.98,320.58,1333.78,46.3
2020-04-07,20.41,31.87,17.08,326.61,1369.24,47.05
2020-04-08,21.4,32.84,16.87,326.67,1380.14,46.6
2020-04-09,20.98,31.48,16.86,331.8,1388.89,46.8
2020-04-13,20.98,31.74,,,,46.7
2020-04-14,19.73,29.6,15.52,333.89,1433.1,45.75
2020-04-15,19.17,27.69,14.68,323.06,1386.36,45.3
2020-04-16,20.85,27.82,15.2,324.92,1379.34,45.5
2020-04-17,21.61,28.08,15.36,333.47,1434.78,45.4
2020-04-20,21.29,25.57,13.8,335.7,1430.3,45.55
2020-04-21,19.77,19.33,13.99,324.31,1402.93,45.45
2020-04-22,20.57,20.37,14.43,330.14,1407.52,45.15
2020-04-23,20.94,21.33,13.82,333.24,1427.62,44.9
2020-04-24,20.66,21.44,12.76,329.59,1399.72,45.05
2020-04-27,20.21,19.99,13.14,335.44,1407.98,39.1
2020-04-28,20.14,20.46,13.83,341.09,1444.17,38.45
2020-04-29,20.12,22.54,13.24,347.06,1458.2,39.0
2020-04-30,19.5,25.27,13.87,340.03,1428.4,39.85
2020-05-01,18.9,26.44,13.28,337.39,1413.55,39.5
2020-05-04,19.28,27.2,13.81,328.44,1382.23,39.0
2020-05-05,19.2,30.97,13.59,335.5,1410.59,39.6
2020-05-06,18.93,29.72,13.67,334.34,1390.91,40.0
2020-05-07,19.47,29.46,13.98,337.98,1410.3,40.2
2020-05-08,19.28,30.97,,341.05,1432.51,40.0
2020-05-11,18.99,29.63,13.29,339.7,1444.65,39.9
2020-05-12,18.45,29.98,12.2,340.57,1456.26,39.7
2020-05-13,18.59,29.19,12.01,333.97,1449.11,39.35
2020-05-14,18.76,31.13,12.53,326.71,1415.44,39.1
2020-05-15,19.9,32.5,12.59,328.24,1411.86,38.75
2020-05-18,20.28,34.81,11.53,341.59,1453.07,38.85
2020-05-19,19.9,34.65,11.17,339.49,1409.22,38.85
2020-05-20,21.19,35.75,10.78,342.82,1438.28,38.8
2020-05-21,21.12,36.06,9.27,340.26,1440.75,38.75
2020-05-22,21.33,35.13,9.46,340.17,1450.74,38.65
2020-05-25,21.54,35.53,,345.18,1494.3,38.75
2020-05-26,21.53,36.17,9.82,348.92,1509.93,38.6
2020-05-27,21.26,34.74,8.88,349.75,1486.49,38.7
2020-05-28,21.19,35.29,8.34,355.47,1509.62,38.8
2020-05-29,21.33,35.33,9.63,350.36,1544.84,38.5
2020-06-01,20.9,38.32,8.79,354.2,1552.0,44.85
2020-06-02,22.0,39.57,10.91,359.77,1578.99,46.75
2020-06-03,22.1,39.79,12.15,368.92,1589.93,46.6
2020-06-04,22.14,39.99,12.79,366.25,1587.94,45.7
2020-06-05,23.17,42.3,13.89,375.32,1569.17,46.2
2020-06-08,22.65,40.8,12.76,374.12,1560.05,45.95
2020-06-09,22.42,41.18,11.64,369.54,1550.03,45.6
2020-06-10,22.85,41.73,11.86,368.15,1550.17,44.95
2020-06-11,22.21,38.55,12.71,353.07,1481.56,44.35
2020-06-12,21.93,38.73,13.96,354.06,1483.29,44.5
2020-06-15,22.1,39.72,14.34,353.09,1491.69,45.0
2020-06-16,22.72,40.96,13.21,363.33,1508.14,44.8
2020-06-17,22.69,40.71,13.34,366.02,1518.24,44.6
2020-06-18,24.4,41.51,14.03,363.41,1502.37,44.7
2020-06-19,24.9,42.19,14.42,365.46,1506.11,45.0
2020-06-22,24.46,43.08,13.83,362.7,1534.65,45.6
2020-06-23,25.35,42.63,15.0,367.4,1546.31,44.85
2020-06-24,25.33,40.31,14.64,357.17,1522.81,45.25
2020-06-25,25.11,41.05,13.63,359.74,1517.03,45.25
2020-06-26,24.66,41.02,13.92,358.32,1514.31,45.45
2020-06-29,26.61,41.71,15.97,359.89,1529.08,50.05
2020-06-30,26.95,41.15,16.22,360.34,1538.34,49.85
2020-07-01,27.69,42.03,15.72,361.19,1547.74,49.95
2020-07-02,27.35,43.14,15.37,368.29,1587.33,51.05
2020-07-03,27.89,42.8,15.11,365.43,1580.88,50.9
2020-07-06,29.68,43.1,15.23,371.21,1600.76,51.2
2020-07-07,29.36,43.08,15.53,368.96,1604.56,50.65
2020-07-08,29.29,43.29,15.07,366.48,1627.09,49.5
2020-07-09,28.58,42.35,14.51,363.64,1649.06,49.3
2020-07-10,28.98,43.24,13.67,366.83,1653.29,48.7
2020-07-13,29.31,42.72,12.38,370.5,1681.69,48.8
2020-07-14,29.6,42.9,12.93,367.4,1646.71,48.65
2020-07-15,28.81,43.79,13.61,373.87,1705.22,49.0
2020-07-16,26.54,43.37,12.99,372.13,1717.0,49.0
2020-07-17,27.75,43.14,13.42,372.71,1717.39,49.25
2020-07-20,26.1,43.28,12.21,375.51,1743.62,49.05
2020-07-21,26.55,44.32,12.71,376.7,1770.42,49.6
2020-07-22,26.57,44.29,13.05,373.44,1776.11,49.7
2020-07-23,27.27,43.31,13.7,373.65,1790.72,49.6
2020-07-24,26.31,43.34,13.59,367.29,1749.6,49.55
2020-07-27,24.95,43.41,12.91,366.15,1745.68,49.5
2020-07-28,25.69,43.22,13.19,367.68,1740.11,49.7
2020-07-29,26.14,43.75,13.72,367.45,1733.37,49.7
2020-07-30,25.5,42.94,13.46,359.52,1747.87,49.85
2020-07-31,26.23,43.3,15.64,356.33,1740.11,49.9
2020-08-03,26.7,44.15,18.19,363.64,1771.62,51.7
2020-08-04,26.78,44.43,19.79,363.39,1762.38,51.6
2020-08-05,26.73,45.17,19.95,365.16,1776.84,51.3
2020-08-06,26.35,45.09,21.61,362.49,1763.76,50.2
2020-08-07,26.38,44.4,21.82,363.55,1786.9,50.8
2020-08-10,26.68,44.99,20.9,364.65,1788.59,50.55
2020-08-11,26.16,44.5,20.57,370.76,1858.95,50.3
2020-08-12,25.94,45.43,20.15,374.88,1866.13,49.7
2020-08-13,25.4,44.96,20.31,372.53,1905.56,49.5
2020-08-14,25.44,44.8,22.01,368.07,1891.69,49.25
2020-08-17,26.26,45.37,22.48,369.26,1905.5,49.4
2020-08-18,26.51,45.46,23.51,367.18,1892.2,49.35
2020-08-19,26.2,45.37,22.99,369.58,1900.0,49.15
2020-08-20,25.88,44.9,22.58,365.64,1882.77,48.9
2020-08-21,25.63,44.35,21.05,365.09,1898.36,48.65
2020-08-24,27.46,45.13,23.22,370.85,1926.76,48.8
2020-08-25,28.59,45.86,24.61,369.75,1932.56,48.9
2020-08-26,28.6,45.64,25.1,373.12,1957.02,48.95
2020-08-27,28.35,45.09,24.33,370.72,1927.35,48.9
2020-08-28,29.5,45.05,28.95,368.8,1928.01,49.0
2020-08-31,28.64,45.28,28.95,366.51,1943.16,52.9
2020-09-01,27.72,45.58,29.11,365.23,1920.52,52.7
2020-09-02,28.21,44.43,28.5,371.28,1962.57,51.5
2020-09-03,28.72,44.07,30.19,366.08,1923.49,51.5
2020-09-04,27.34,42.66,30.31,361.93,1834.11,51.4
2020-09-07,27.4,42.01,29.27,367.97,1897.01,51.0
2020-09-08,26.78,39.78,28.13,363.75,1849.48,51.2
2020-09-09,27.19,40.79,28.03,369.65,1895.88,51.2
2020-09-10,28.4,40.06,27.7,367.48,1878.9,51.7
2020-09-11,28.24,39.83,27.78,367.96,1886.03,51.7
2020-09-14,30.44,39.61,28.38,368.51,1890.58,51.7
2020-09-15,29.76,40.53,28.97,370.96,1917.76,51.8
2020-09-16,29.96,42.22,29.74,373.13,1938.93,51.9
2020-09-17,28.41,43.3,29.14,371.23,1936.03,51.9
2020-09-18,27.97,43.15,30.36,368.78,1926.74,52.0
2020-09-21,26.38,41.44,30.45,356.82,1893.43,52.1
2020-09-22,27.83,41.72,31.19,357.55,1896.8,52.1
2020-09-23,26.48,41.77,32.27,359.53,1922.09,52.15
2020-09-24,26.77,41.94,31.39,355.85,1897.92,52.25
2020-09-25,26.15,41.92,31.91,355.51,1898.75,52.35
2020-09-28,27.71,42.43,34.02,363.39,1924.35,57.2
2020-09-29,26.79,41.03,34.26,361.49,1948.81,57.05
2020-09-30,26.93,40.95,37.0,361.09,1982.24,57.2
2020-10-01,26.51,40.93,36.71,361.8,2047.73,57.35
2020-10-02,27.3,39.27,36.25,362.69,2060.19,56.4
2020-10-05,26.94,41.29,37.62,365.63,2089.16,57.7
2020-10-06,26.79,42.65,37.25,365.88,2112.54,57.7
2020-10-07,26.9,41.99,38.59,365.45,2179.8,57.65
2020-10-08,26.34,43.34,38.7,368.31,2221.27,57.7
2020-10-09,25.71,42.85,38.3,370.35,2198.55,57.6
2020-10-12,25.87,41.72,38.52,373.0,2253.73,56.85
2020-10-13,25.22,42.45,37.83,370.96,2231.67,56.5
2020-10-14,25.75,43.32,38.84,370.62,2277.17,56.6
2020-10-15,24.96,43.16,39.99,362.91,2216.43,56.8
2020-10-16,24.89,42.93,40.94,367.48,2230.64,57.0
2020-10-19,24.98,42.62,41.4,366.81,2214.25,57.1
2020-10-20,24.41,43.16,42.06,365.51,2206.03,57.1
2020-10-21,23.56,41.73,41.63,360.79,2159.11,56.5
2020-10-22,24.18,42.46,43.22,360.27,2118.52,56.75
2020-10-23,25.49,41.77,43.62,362.5,2108.31,56.7
2020-10-26,23.85,40.46,42.2,355.95,2076.11,56.7
2020-10-27,24.7,41.2,42.13,352.58,2065.59,56.55
2020-10-28,23.3,39.12,41.48,342.17,2015.14,56.5
2020-10-29,23.67,37.65,40.91,341.76,2062.65,56.1
2020-10-30,23.71,37.46,41.5,342.36,2094.04,56.05
2020-11-02,23.67,38.97,40.0,347.86,2107.61,50.9
2020-11-03,24.39,39.71,39.29,356.01,2171.81,51.05
2020-11-04,25.11,41.23,39.8,363.31,2168.68,50.85
2020-11-05,25.98,40.93,41.37,367.12,2271.5,51.4
2020-11-06,25.42,39.45,39.98,366.4,2255.82,50.8
2020-11-09,26.55,42.4,39.72,380.99,2243.04,51.05
2020-11-10,26.23,43.61,39.53,384.42,2266.24,51.35
2020-11-11,26.13,43.8,39.8,388.56,2364.95,51.4
2020-11-12,25.92,43.53,39.65,385.16,2387.72,52.05
2020-11-13,26.28,42.78,40.27,385.18,2357.81,52.7
2020-11-16,27.39,43.82,41.19,389.74,2352.44,52.95
2020-11-17,26.64,43.75,39.38,388.82,2352.59,52.75
2020-11-18,27.19,44.34,38.4,390.54,2352.83,52.85
2020-11-19,26.35,44.2,36.84,387.6,2408.24,52.75
2020-11-20,26.74,44.96,36.21,389.61,2468.26,53.0
2020-11-23,27.25,46.06,37.97,388.84,2464.69,52.95
2020-11-24,27.63,47.86,39.04,392.39,2412.69,53.2
2020-11-25,27.62,48.61,39.48,392.09,2456.84,53.55
2020-11-26,28.1,47.8,39.62,391.63,2454.49,53.55
2020-11-27,28.13,48.18,41.68,393.23,2538.03,53.6
2020-11-30,29.14,47.59,43.67,389.36,2570.07,61.15
2020-12-01,28.86,47.42,43.26,391.9,2539.4,61.25
2020-12-02,29.55,48.25,43.62,391.69,2467.76,62.0
2020-12-03,29.0,48.71,41.2,391.72,2435.84,61.85
2020-12-04,30.11,49.25,42.57,394.04,2441.35,63.2
2020-12-07,29.62,48.79,42.11,392.84,2478.66,62.95
2020-12-08,29.57,48.84,42.15,393.64,2474.52,63.05
2020-12-09,29.7,48.86,42.34,394.9,2488.58,63.3
2020-12-10,30.9,50.25,45.15,393.15,2485.77,64.0
2020-12-11,30.52,49.97,46.35,390.12,2503.55,65.1
2020-12-14,30.86,50.29,48.17,391.85,2520.01,65.4
2020-12-15,32.5,50.76,49.55,392.84,2559.48,65.8
2020-12-16,31.66,51.08,47.21,396.08,2584.36,65.6
2020-12-17,31.83,51.5,45.67,397.28,2594.92,65.65
2020-12-18,30.96,52.26,45.97,395.9,2632.6,66.0
2020-12-21,30.77,50.91,49.1,386.69,2639.91,66.1
2020-12-22,31.3,50.08,51.62,391.25,2742.79,66.1
2020-12-23,31.79,51.2,50.89,395.49,2758.91,66.05
2020-12-24,32.6,51.29,51.07,395.98,2771.97,66.1
2020-12-28,33.29,50.86,,398.58,2899.51,71.65
2020-12-29,32.89,51.09,55.51,401.61,2891.5,70.0
2020-12-30,32.8,51.34,55.82,400.25,2875.68,69.4
2020-12-31,32.59,51.8,56.4,399.03,2882.94,69.0
2021-01-04,33.58,51.09,59.45,401.69,2975.51,69.3
2021-01-05,32.87,53.6,54.02,400.94,2997.34,64.9
2021-01-06,33.53,54.3,52.95,406.41,3117.94,64.25
2021-01-07,34.66,54.38,58.08,408.49,3253.61,66.6
2021-01-08,34.82,55.99,60.69,411.17,3213.61,68.5
2021-01-11,34.43,55.66,66.3,408.41,3123.25,68.5
2021-01-12,34.56,56.58,77.43,408.61,3034.41,70.5
2021-01-13,33.55,56.06,65.16,409.07,3042.47,70.15
2021-01-14,33.43,56.42,63.15,412.0,3038.73,69.9
2021-01-15,31.65,55.1,59.35,407.85,2927.87,68.6
2021-01-18,31.54,54.75,54.86,408.68,2924.95,67.25
2021-01-19,33.0,55.9,57.77,407.92,2999.12,67.5
2021-01-20,32.82,56.08,57.44,410.84,3015.21,67.5
2021-01-21,34.3,56.1,56.57,410.89,3094.52,67.55
2021-01-22,34.17,55.41,60.15,408.54,3084.33,67.5
2021-01-25,33.1,55.88,56.55,405.13,3066.11,67.45
2021-01-26,33.29,55.91,54.1,407.7,2969.81,67.65
2021-01-27,33.22,55.81,54.09,402.98,2807.82,67.7
2021-01-28,33.89,55.53,58.24,403.39,2863.85,67.8
2021-01-29,32.89,55.88,53.15,395.85,2829.72,67.8
2021-02-01,32.81,56.35,48.24,400.77,2843.16,65.6
2021-02-02,34.93,57.46,48.64,405.92,2891.44,65.4
2021-02-03,37.39,58.46,47.23,407.27,2926.26,63.75
2021-02-04,37.23,58.84,47.64,409.54,2887.48,65.0
2021-02-05,38.15,59.34,48.17,409.54,2897.61,66.45
2021-02-08,38.56,60.56,53.11,410.78,2861.0,68.25
2021-02-09,38.21,61.09,49.73,410.42,2737.17,68.6
2021-02-10,39.28,61.47,47.91,409.47,2699.68,68.0
2021-02-11,38.71,61.14,44.43,411.35,2798.28,67.35
2021-02-12,39.97,62.43,44.85,414.0,2754.09,67.0
2021-02-15,39.47,63.3,41.58,419.47,2786.41,65.3
2021-02-16,38.81,63.35,42.49,419.2,2828.74,65.6
2021-02-17,38.4,64.34,41.81,416.1,2797.25,65.35
2021-02-18,38.27,63.93,44.04,412.7,2712.07,65.55
2021-02-19,37.36,62.91,42.1,414.88,2728.34,65.95
2021-02-22,37.91,65.24,40.03,413.06,2634.08,65.95
2021-02-23,38.61,65.37,40.66,411.32,2559.18,65.9
2021-02-24,39.9,67.04,41.18,413.21,2516.39,65.7
2021-02-25,38.2,66.88,40.29,411.73,2566.46,65.8
2021-02-26,37.23,66.13,39.79,404.99,2523.26,66.15
2021-03-01,37.7,63.69,40.92,412.44,2566.14,65.4
2021-03-02,38.29,62.7,40.51,413.23,2511.29,66.15
2021-03-03,37.41,64.07,38.79,413.42,2392.15,65.7
2021-03-04,38.1,66.74,39.83,411.91,2365.03,65.2
2021-03-05,38.96,69.36,41.25,408.68,2286.53,65.25
2021-03-08,39.7,68.24,40.4,417.25,2348.88,65.5
2021-03-09,40.58,67.52,42.78,420.41,2465.72,66.0
2021-03-10,41.47,67.9,44.89,422.11,2458.87,65.8
2021-03-11,41.85,69.63,46.58,424.17,2557.59,65.8
2021-03-12,42.77,69.22,47.5,423.08,2524.44,66.05
2021-03-15,42.29,68.88,45.29,423.08,2512.8,66.35
2021-03-16,41.47,68.39,44.05,426.82,2540.91,66.3
2021-03-17,42.86,68.0,45.17,424.91,2423.13,67.55
2021-03-18,42.28,63.28,44.51,426.59,2411.03,68.1
2021-03-19,41.84,64.53,43.1,423.35,2401.28,68.45
2021-03-22,42.73,64.62,45.73,424.17,2451.44,68.5
2021-03-23,41.32,60.79,46.67,423.31,2495.62,68.5
2021-03-24,41.49,64.41,47.45,423.39,2437.03,68.5
2021-03-25,40.26,61.95,47.25,423.08,2393.95,68.5
2021-03-26,41.63,64.57,48.39,426.93,2469.53,68.5
2021-03-29,41.75,64.98,47.0,427.61,2493.3,70.6
2021-03-30,41.95,64.14,48.2,430.65,2532.5,70.0
2021-03-31,42.45,63.54,46.8,429.6,2629.94,70.05
2021-04-01,42.37,64.86,47.21,432.22,2646.98,70.2
2021-04-05,42.37,62.15,,,,70.2
2021-04-06,44.14,62.74,48.97,435.26,2618.57,70.3
2021-04-07,43.76,63.16,47.96,434.32,2573.84,68.8
2021-04-08,43.38,63.2,47.2,436.86,2613.25,67.2
2021-04-09,43.56,62.95,46.86,437.23,2609.93,67.55
2021-04-12,44.39,63.28,49.14,435.24,2552.15,68.35
2021-04-13,43.76,63.67,48.6,435.75,2568.57,68.85
