"Date","Price","Open","High","Low","Vol.","Change %"
"Jul 09, 2021","457.67","452.45","457.67","452.45","158.97M","1.34%"
"Jul 08, 2021","451.61","458.68","458.68","448.93","211.15M","-1.72%"
"Jul 07, 2021","459.53","456.53","459.63","456.53","204.65M","0.78%"
"Jul 06, 2021","455.98","458.38","459.46","454.85","165.80M","-0.52%"
"Jul 05, 2021","458.36","456.98","458.69","455.26","102.59M","0.34%"
"Jul 02, 2021","456.81","456.15","458.31","455.89","130.25M","0.26%"
"Jul 01, 2021","455.63","453.59","457.70","452.28","154.34M","0.62%"
"Jun 30, 2021","452.84","456.27","456.94","451.23","183.56M","-0.77%"
"Jun 29, 2021","456.37","454.92","457.85","454.85","147.06M","0.31%"
"Jun 28, 2021","454.94","457.71","458.09","454.88","154.48M","-0.59%"
"Jun 25, 2021","457.63","457.47","457.66","456.44","141.14M","0.13%"
"Jun 24, 2021","457.04","453.47","457.54","453.47","167.60M","0.87%"
"Jun 23, 2021","453.10","456.86","457.42","453.10","143.52M","-0.73%"
"Jun 22, 2021","456.42","455.65","456.93","453.67","141.75M","0.26%"
"Jun 21, 2021","455.23","450.87","455.37","448.40","188.36M","0.70%"
"Jun 18, 2021","452.05","458.71","459.62","451.77","408.71M","-1.58%"
"Jun 17, 2021","459.33","458.87","459.93","457.65","186.06M","-0.12%"
"Jun 16, 2021","459.86","459.16","460.45","458.66","175.03M","0.23%"
"Jun 15, 2021","458.81","458.93","460.31","458.81","173.99M","0.11%"
"Jun 14, 2021","458.32","458.13","460.51","457.61","138.75M","0.18%"
"Jun 11, 2021","457.51","455.08","457.87","454.98","131.96M","0.65%"
"Jun 10, 2021","454.56","454.73","455.76","452.70","154.36M","0.03%"
"Jun 09, 2021","454.44","454.21","454.68","452.82","139.84M","0.09%"
"Jun 08, 2021","454.01","453.62","455.66","453.43","158.65M","0.10%"
"Jun 07, 2021","453.56","452.39","454.31","450.71","187.05M","0.22%"
"Jun 04, 2021","452.57","451.17","452.71","450.45","129.79M","0.39%"
"Jun 03, 2021","450.79","451.45","451.45","447.82","154.43M","-0.12%"
"Jun 02, 2021","451.34","450.21","451.97","450.17","146.83M","0.28%"
"Jun 01, 2021","450.10","447.58","452.50","447.58","174.74M","0.75%"
"May 31, 2021","446.76","448.83","449.08","446.71","63.50M","-0.49%"
"May 28, 2021","448.98","446.98","450.07","446.98","186.88M","0.57%"
"May 27, 2021","446.44","445.10","447.86","444.59","359.79M","0.27%"
"May 26, 2021","445.22","445.47","446.80","444.04","169.17M","0.00%"
"May 25, 2021","445.20","445.49","447.15","445.20","168.44M","0.03%"
"May 24, 2021","445.07","444.25","445.32","443.79","118.59M","0.14%"
"May 21, 2021","444.44","442.40","445.29","441.67","200.85M","0.57%"
"May 20, 2021","441.90","437.14","441.90","436.07","169.99M","1.27%"
"May 19, 2021","436.34","441.01","441.01","432.63","197.84M","-1.51%"
"May 18, 2021","443.04","443.40","446.01","442.25","186.09M","0.17%"
"May 17, 2021","442.29","443.02","444.25","440.40","161.06M","-0.05%"
"May 14, 2021","442.53","438.58","442.56","438.17","195.56M","1.19%"
"May 13, 2021","437.32","436.06","438.07","430.32","176.45M","-0.14%"
"May 12, 2021","437.93","436.81","439.46","436.32","203.67M","0.30%"
"May 11, 2021","436.61","444.43","444.43","434.02","234.85M","-1.97%"
"May 10, 2021","445.39","445.71","446.19","444.38","201.18M","0.10%"
"May 07, 2021","444.93","441.86","444.93","441.86","183.46M","0.89%"
"May 06, 2021","441.02","441.23","443.05","438.65","228.48M","-0.12%"
"May 05, 2021","441.55","435.21","441.60","435.21","189.96M","1.82%"
"May 04, 2021","433.65","440.60","441.71","433.17","232.15M","-1.43%"
"May 03, 2021","439.92","437.87","439.98","436.84","85.15M","0.58%"
"Apr 30, 2021","437.39","438.78","439.84","437.18","213.00M","-0.31%"
"Apr 29, 2021","438.77","440.64","442.66","437.85","204.03M","-0.26%"
"Apr 28, 2021","439.92","439.66","441.02","438.68","206.10M","0.02%"
"Apr 27, 2021","439.85","440.28","440.48","438.66","167.39M","-0.08%"
"Apr 26, 2021","440.20","439.32","440.75","438.50","145.93M","0.26%"
"Apr 23, 2021","439.04","439.20","439.60","436.57","148.58M","-0.13%"
"Apr 22, 2021","439.63","437.24","439.81","437.24","170.16M","0.68%"
"Apr 21, 2021","436.64","434.21","437.27","433.75","179.06M","0.65%"
"Apr 20, 2021","433.80","441.20","441.57","433.35","210.25M","-1.90%"
"Apr 19, 2021","442.18","442.44","443.61","441.53","149.75M","-0.07%"
"Apr 16, 2021","442.49","438.29","442.51","438.29","198.49M","0.90%"
"Apr 15, 2021","438.55","436.66","439.13","436.66","162.55M","0.45%"
"Apr 14, 2021","436.57","436.28","437.15","435.73","156.29M","0.19%"
"Apr 13, 2021","435.75","435.45","436.59","434.20","161.89M","0.12%"
"Apr 12, 2021","435.24","437.01","437.04","435.01","153.27M","-0.46%"
"Apr 09, 2021","437.23","436.67","437.65","436.10","164.37M","0.08%"
"Apr 08, 2021","436.86","434.88","436.88","434.88","200.25M","0.58%"
"Apr 07, 2021","434.32","434.57","435.63","433.69","171.95M","-0.22%"
"Apr 06, 2021","435.26","433.29","436.47","433.29","204.33M","0.70%"
"Apr 01, 2021","432.22","429.61","432.65","429.61","162.08M","0.61%"
"Mar 31, 2021","429.60","430.85","431.76","429.60","218.63M","-0.24%"
"Mar 30, 2021","430.65","428.14","431.08","428.14","186.10M","0.71%"
"Mar 29, 2021","427.61","427.23","428.74","426.58","176.53M","0.16%"
"Mar 26, 2021","426.93","424.19","427.21","424.19","199.10M","0.91%"
"Mar 25, 2021","423.08","422.38","423.57","419.05","197.37M","-0.07%"
"Mar 24, 2021","423.39","421.95","423.69","420.36","207.48M","0.02%"
"Mar 23, 2021","423.31","423.40","424.34","420.94","222.83M","-0.20%"
"Mar 22, 2021","424.17","422.53","424.36","420.73","205.45M","0.19%"
"Mar 19, 2021","423.35","424.95","426.02","421.40","509.00M","-0.76%"
"Mar 18, 2021","426.59","425.41","427.26","424.79","244.18M","0.40%"
"Mar 17, 2021","424.91","426.58","426.98","424.12","217.73M","-0.45%"
"Mar 16, 2021","426.82","424.08","426.96","424.08","221.97M","0.88%"
"Mar 15, 2021","423.08","423.97","426.13","421.95","194.02M","0.00%"
"Mar 12, 2021","423.08","423.43","423.43","421.68","198.58M","-0.26%"
"Mar 11, 2021","424.17","422.68","424.23","422.55","231.05M","0.49%"
"Mar 10, 2021","422.11","419.96","422.71","418.66","226.42M","0.40%"
"Mar 09, 2021","420.41","417.34","421.05","416.19","258.44M","0.76%"
"Mar 08, 2021","417.25","410.23","417.62","410.23","258.76M","2.10%"
"Mar 05, 2021","408.68","410.62","413.19","407.14","257.58M","-0.78%"
"Mar 04, 2021","411.91","411.71","412.84","409.03","233.11M","-0.37%"
"Mar 03, 2021","413.42","413.80","416.69","410.55","242.88M","0.05%"
"Mar 02, 2021","413.23","412.06","415.37","411.33","185.75M","0.19%"
"Mar 01, 2021","412.44","408.25","412.76","408.25","193.94M","1.84%"
"Feb 26, 2021","404.99","408.98","410.64","404.04","299.83M","-1.64%"
"Feb 25, 2021","411.73","414.08","415.38","411.73","260.37M","-0.36%"
"Feb 24, 2021","413.21","410.96","413.70","410.62","294.35M","0.46%"
"Feb 23, 2021","411.32","413.18","414.50","406.68","273.44M","-0.42%"
"Feb 22, 2021","413.06","413.81","413.81","409.55","207.70M","-0.44%"
"Feb 19, 2021","414.88","413.07","415.72","412.27","227.84M","0.53%"
"Feb 18, 2021","412.70","415.87","417.26","411.87","202.09M","-0.82%"
"Feb 17, 2021","416.10","418.64","418.64","415.56","193.91M","-0.74%"
"Feb 16, 2021","419.20","419.88","420.57","418.71","184.55M","-0.06%"
"Feb 15, 2021","419.47","415.82","420.14","415.82","194.86M","1.32%"
"Feb 12, 2021","414.00","411.12","414.00","409.25","157.25M","0.64%"
"Feb 11, 2021","411.35","409.97","411.56","409.52","174.14M","0.46%"
"Feb 10, 2021","409.47","411.21","411.92","407.48","210.43M","-0.23%"
"Feb 09, 2021","410.42","411.01","411.12","408.90","161.50M","-0.09%"
"Feb 08, 2021","410.78","410.16","412.29","410.16","219.97M","0.30%"
"Feb 05, 2021","409.54","410.08","411.59","408.46","253.71M","0.00%"
"Feb 04, 2021","409.54","407.07","409.81","406.92","243.16M","0.56%"
"Feb 03, 2021","407.27","407.64","410.13","406.44","229.68M","0.33%"
"Feb 02, 2021","405.92","402.26","406.43","402.26","202.27M","1.29%"
"Feb 01, 2021","400.77","397.08","401.86","397.08","184.28M","1.24%"
"Jan 29, 2021","395.85","401.21","401.21","395.85","244.28M","-1.87%"
"Jan 28, 2021","403.39","400.86","404.48","394.40","257.03M","0.10%"
"Jan 27, 2021","402.98","407.63","408.32","399.24","266.84M","-1.16%"
"Jan 26, 2021","407.70","404.75","409.76","404.75","197.86M","0.63%"
"Jan 25, 2021","405.13","410.18","410.86","403.90","211.86M","-0.83%"
"Jan 22, 2021","408.54","409.88","409.88","405.74","191.47M","-0.57%"
"Jan 21, 2021","410.89","412.45","413.98","410.79","172.92M","0.01%"
"Jan 20, 2021","410.84","408.64","411.93","408.62","172.62M","0.72%"
"Jan 19, 2021","407.92","410.15","410.86","407.57","172.62M","-0.19%"
"Jan 18, 2021","408.68","407.02","408.75","406.39","125.09M","0.20%"
"Jan 15, 2021","407.85","411.19","411.19","405.42","218.52M","-1.01%"
"Jan 14, 2021","412.00","409.71","412.46","409.71","194.33M","0.72%"
"Jan 13, 2021","409.07","408.81","409.74","407.94","181.75M","0.11%"
"Jan 12, 2021","408.61","409.17","410.11","407.34","190.73M","0.05%"
"Jan 11, 2021","408.41","410.41","410.97","406.45","182.56M","-0.67%"
"Jan 08, 2021","411.17","410.02","411.92","410.02","216.73M","0.66%"
"Jan 07, 2021","408.49","408.09","409.39","406.46","235.10M","0.51%"
"Jan 06, 2021","406.41","402.08","407.30","400.50","286.02M","1.36%"
"Jan 05, 2021","400.94","400.84","402.78","399.35","184.27M","-0.19%"
"Jan 04, 2021","401.69","400.59","405.76","400.42","217.96M","0.67%"
"Dec 31, 2020","399.03","400.09","400.23","398.50","86.91M","-0.30%"
"Dec 30, 2020","400.25","401.73","402.75","400.19","108.65M","-0.34%"
"Dec 29, 2020","401.61","399.87","403.26","399.87","161.39M","0.76%"
"Dec 28, 2020","398.58","396.61","399.12","396.61","68.06M","0.66%"
"Dec 24, 2020","395.98","395.99","396.67","395.88","112.25M","0.12%"
"Dec 23, 2020","395.49","392.09","395.68","392.05","170.47M","1.08%"
"Dec 22, 2020","391.25","387.76","391.79","387.76","153.68M","1.18%"
"Dec 21, 2020","386.69","392.14","392.14","381.63","277.90M","-2.33%"
"Dec 18, 2020","395.90","396.51","399.07","395.72","347.21M","-0.35%"
"Dec 17, 2020","397.28","396.86","398.49","396.86","207.35M","0.30%"
"Dec 16, 2020","396.08","393.79","396.85","393.79","227.33M","0.82%"
"Dec 15, 2020","392.84","391.68","393.42","390.96","204.63M","0.25%"
"Dec 14, 2020","391.85","391.68","394.45","391.68","207.74M","0.44%"
"Dec 11, 2020","390.12","392.64","392.64","387.20","244.83M","-0.77%"
"Dec 10, 2020","393.15","394.54","395.44","391.30","253.40M","-0.44%"
"Dec 09, 2020","394.90","394.21","396.61","394.21","206.03M","0.32%"
"Dec 08, 2020","393.64","392.74","393.90","390.55","180.04M","0.20%"
"Dec 07, 2020","392.84","393.48","393.63","390.29","221.22M","-0.30%"
"Dec 04, 2020","394.04","391.54","394.04","391.54","260.75M","0.59%"
"Dec 03, 2020","391.72","391.91","392.10","389.81","226.88M","0.01%"
"Dec 02, 2020","391.69","390.96","391.97","389.60","246.62M","-0.05%"
"Dec 01, 2020","391.90","389.98","393.11","389.98","241.25M","0.65%"
"Nov 30, 2020","389.36","392.29","393.87","389.36","370.61M","-0.98%"
"Nov 27, 2020","393.23","391.25","393.50","390.73","312.10M","0.41%"
"Nov 26, 2020","391.63","392.44","393.07","391.22","193.42M","-0.12%"
"Nov 25, 2020","392.09","393.00","393.68","390.69","280.45M","-0.08%"
"Nov 24, 2020","392.39","390.59","392.39","390.45","316.72M","0.91%"
"Nov 23, 2020","388.84","390.66","392.97","388.84","234.77M","-0.20%"
"Nov 20, 2020","389.61","387.38","390.55","386.95","214.27M","0.52%"
"Nov 19, 2020","387.60","388.41","388.56","386.46","237.68M","-0.75%"
"Nov 18, 2020","390.54","388.30","391.08","387.14","249.03M","0.44%"
"Nov 17, 2020","388.82","389.13","389.97","386.89","284.76M","-0.24%"
"Nov 16, 2020","389.74","386.89","391.57","386.09","337.49M","1.18%"
"Nov 13, 2020","385.18","384.39","386.58","383.51","241.86M","0.01%"
"Nov 12, 2020","385.16","386.80","387.85","384.58","267.75M","-0.88%"
"Nov 11, 2020","388.56","384.71","389.07","384.71","310.29M","1.08%"
"Nov 10, 2020","384.42","380.66","385.43","380.03","461.69M","0.90%"
"Nov 09, 2020","380.99","368.13","385.81","368.13","534.41M","3.98%"
"Nov 06, 2020","366.40","367.16","368.22","363.26","217.41M","-0.20%"
"Nov 05, 2020","367.12","364.00","367.96","364.00","241.66M","1.05%"
"Nov 04, 2020","363.31","354.38","363.49","351.33","241.85M","2.05%"
"Nov 03, 2020","356.01","349.16","356.03","349.16","233.72M","2.34%"
"Nov 02, 2020","347.86","343.20","348.41","341.34","208.38M","1.61%"
"Oct 30, 2020","342.36","340.61","342.94","338.84","228.70M","0.18%"
"Oct 29, 2020","341.76","342.10","344.54","338.57","270.19M","-0.12%"
"Oct 28, 2020","342.17","351.18","351.18","339.75","314.63M","-2.95%"
"Oct 27, 2020","352.58","356.36","356.72","352.13","216.10M","-0.95%"
"Oct 26, 2020","355.95","360.72","360.91","355.88","208.62M","-1.81%"
"Oct 23, 2020","362.50","360.21","364.11","359.96","210.39M","0.62%"
"Oct 22, 2020","360.27","360.46","361.33","356.43","188.29M","-0.14%"
"Oct 21, 2020","360.79","365.99","366.33","360.65","191.38M","-1.29%"
"Oct 20, 2020","365.51","366.26","367.68","365.03","179.89M","-0.35%"
"Oct 19, 2020","366.81","368.06","370.70","366.12","143.51M","-0.18%"
"Oct 16, 2020","367.48","363.45","368.70","363.45","203.75M","1.26%"
"Oct 15, 2020","362.91","369.65","369.65","361.19","206.97M","-2.08%"
"Oct 14, 2020","370.62","370.48","372.11","370.02","164.94M","-0.09%"
"Oct 13, 2020","370.96","373.15","373.15","369.89","192.19M","-0.55%"
"Oct 12, 2020","373.00","370.95","373.58","370.72","167.99M","0.72%"
"Oct 09, 2020","370.35","368.66","370.56","368.66","178.61M","0.55%"
"Oct 08, 2020","368.31","366.37","369.48","366.16","204.92M","0.78%"
"Oct 07, 2020","365.45","365.65","367.14","364.43","192.67M","-0.12%"
"Oct 06, 2020","365.88","366.18","367.41","363.97","225.29M","0.07%"
"Oct 05, 2020","365.63","363.61","366.35","363.61","178.09M","0.81%"
"Oct 02, 2020","362.69","360.58","362.69","357.63","189.19M","0.25%"
"Oct 01, 2020","361.80","361.91","364.43","360.37","200.72M","0.20%"
"Sep 30, 2020","361.09","360.85","363.36","358.82","213.22M","-0.11%"
"Sep 29, 2020","361.49","363.24","363.24","360.78","170.67M","-0.52%"
"Sep 28, 2020","363.39","357.03","363.82","357.03","214.88M","2.22%"
"Sep 25, 2020","355.51","356.15","356.96","351.24","204.97M","-0.10%"
"Sep 24, 2020","355.85","357.90","358.81","354.58","208.30M","-1.02%"
"Sep 23, 2020","359.53","358.26","363.21","358.26","203.30M","0.55%"
"Sep 22, 2020","357.55","357.24","359.94","357.24","89.31M","0.20%"
"Sep 21, 2020","356.82","367.86","367.86","355.87","110.78M","-3.24%"
"Sep 18, 2020","368.78","370.90","371.94","368.78","489.80M","-0.66%"
"Sep 17, 2020","371.23","372.07","372.07","368.25","187.08M","-0.51%"
"Sep 16, 2020","373.13","371.20","373.15","370.93","191.62M","0.58%"
"Sep 15, 2020","370.96","368.40","371.97","368.04","184.55M","0.66%"
"Sep 14, 2020","368.51","368.74","371.04","367.49","155.91M","0.15%"
"Sep 11, 2020","367.96","367.54","369.06","366.17","163.92M","0.13%"
"Sep 10, 2020","367.48","369.82","370.57","366.27","181.61M","-0.59%"
"Sep 09, 2020","369.65","363.24","370.20","363.24","189.77M","1.62%"
"Sep 08, 2020","363.75","367.89","368.77","360.82","207.36M","-1.15%"
"Sep 07, 2020","367.97","362.14","368.46","362.14","154.60M","1.67%"
"Sep 04, 2020","361.93","365.10","369.19","359.58","228.39M","-1.13%"
"Sep 03, 2020","366.08","372.13","375.92","364.90","209.69M","-1.40%"
"Sep 02, 2020","371.28","366.04","373.19","366.04","187.96M","1.66%"
"Sep 01, 2020","365.23","367.30","369.41","362.82","230.95M","-0.35%"
"Aug 31, 2020","366.51","369.36","371.35","366.32","115.95M","-0.62%"
"Aug 28, 2020","368.80","370.71","371.47","367.16","213.99M","-0.52%"
"Aug 27, 2020","370.72","373.17","373.30","370.70","161.99M","-0.64%"
"Aug 26, 2020","373.12","369.87","373.13","368.46","131.26M","0.91%"
"Aug 25, 2020","369.75","371.36","374.11","369.75","154.80M","-0.30%"
"Aug 24, 2020","370.85","365.80","371.97","365.80","136.82M","1.58%"
"Aug 21, 2020","365.09","366.43","367.87","361.98","150.94M","-0.15%"
"Aug 20, 2020","365.64","368.14","368.14","364.19","140.32M","-1.07%"
"Aug 19, 2020","369.58","367.08","369.58","365.93","124.01M","0.65%"
"Aug 18, 2020","367.18","368.94","371.23","366.20","141.93M","-0.56%"
"Aug 17, 2020","369.26","367.89","369.63","366.24","127.19M","0.32%"
"Aug 14, 2020","368.07","372.24","372.24","365.33","148.68M","-1.20%"
"Aug 13, 2020","372.53","373.92","374.20","372.10","153.41M","-0.63%"
"Aug 12, 2020","374.88","370.60","375.48","369.83","187.15M","1.11%"
"Aug 11, 2020","370.76","365.79","372.54","365.79","218.33M","1.68%"
"Aug 10, 2020","364.65","364.09","366.32","362.81","147.88M","0.30%"
"Aug 07, 2020","363.55","362.25","364.00","360.53","156.09M","0.29%"
"Aug 06, 2020","362.49","364.82","366.33","360.98","207.51M","-0.73%"
"Aug 05, 2020","365.16","363.78","367.09","363.78","206.11M","0.49%"
"Aug 04, 2020","363.39","364.20","365.92","361.30","221.53M","-0.07%"
"Aug 03, 2020","363.64","356.38","364.42","355.21","226.21M","2.05%"
"Jul 31, 2020","356.33","359.66","363.35","356.28","255.53M","-0.89%"
"Jul 30, 2020","359.52","367.90","367.90","356.52","286.98M","-2.16%"
"Jul 29, 2020","367.45","367.37","368.75","366.85","181.76M","-0.06%"
"Jul 28, 2020","367.68","366.59","368.08","364.75","168.24M","0.42%"
"Jul 27, 2020","366.15","366.68","367.58","365.01","183.36M","-0.31%"
"Jul 24, 2020","367.29","371.32","371.32","365.76","187.26M","-1.70%"
"Jul 23, 2020","373.65","374.36","376.27","372.90","168.51M","0.06%"
"Jul 22, 2020","373.44","375.74","375.82","372.02","189.25M","-0.87%"
"Jul 21, 2020","376.70","376.97","380.26","376.14","240.69M","0.32%"
"Jul 20, 2020","375.51","372.16","376.21","369.82","165.09M","0.75%"
"Jul 17, 2020","372.71","372.88","373.11","371.11","194.74M","0.16%"
"Jul 16, 2020","372.13","372.70","372.75","369.94","176.76M","-0.47%"
"Jul 15, 2020","373.87","368.99","375.46","368.99","222.16M","1.76%"
"Jul 14, 2020","367.40","368.52","368.52","363.56","201.14M","-0.84%"
"Jul 13, 2020","370.50","368.14","370.73","367.77","182.83M","1.00%"
"Jul 10, 2020","366.83","362.84","367.02","361.78","174.62M","0.88%"
"Jul 09, 2020","363.64","367.41","368.70","363.01","180.41M","-0.77%"
"Jul 08, 2020","366.48","367.84","369.34","365.79","181.62M","-0.67%"
"Jul 07, 2020","368.96","370.11","370.11","366.46","175.81M","-0.61%"
"Jul 06, 2020","371.21","367.31","372.37","367.31","198.93M","1.58%"
"Jul 03, 2020","365.43","368.49","369.28","364.22","140.95M","-0.78%"
"Jul 02, 2020","368.29","362.58","368.85","362.58","237.88M","1.97%"
"Jul 01, 2020","361.19","360.81","362.92","356.66","198.70M","0.24%"
"Jun 30, 2020","360.34","360.46","361.55","358.04","226.24M","0.13%"
"Jun 29, 2020","359.89","357.66","361.52","356.32","200.54M","0.44%"
"Jun 26, 2020","358.32","361.19","364.98","358.15","200.17M","-0.39%"
"Jun 25, 2020","359.74","356.79","360.46","352.68","244.57M","0.72%"
"Jun 24, 2020","357.17","366.60","366.60","357.17","225.96M","-2.78%"
"Jun 23, 2020","367.40","363.91","368.47","363.91","223.62M","1.30%"
"Jun 22, 2020","362.70","364.25","366.51","361.41","207.06M","-0.76%"
"Jun 19, 2020","365.46","364.46","367.47","364.46","508.13M","0.56%"
"Jun 18, 2020","363.41","365.19","367.31","361.51","257.89M","-0.71%"
"Jun 17, 2020","366.02","363.03","367.45","363.03","260.80M","0.74%"
"Jun 16, 2020","363.33","355.32","366.62","355.32","319.79M","2.90%"
"Jun 15, 2020","353.09","350.54","354.30","344.91","259.22M","-0.27%"
"Jun 12, 2020","354.06","351.77","358.85","349.22","295.86M","0.28%"
"Jun 11, 2020","353.07","364.98","364.98","353.07","345.74M","-4.10%"
"Jun 10, 2020","368.15","370.17","373.03","367.00","309.54M","-0.38%"
"Jun 09, 2020","369.54","374.56","374.98","368.13","366.50M","-1.22%"
"Jun 08, 2020","374.12","374.44","375.52","371.41","371.23M","-0.32%"
"Jun 05, 2020","375.32","367.54","375.40","367.54","407.20M","2.48%"
"Jun 04, 2020","366.25","367.69","369.48","364.57","337.33M","-0.72%"
"Jun 03, 2020","368.92","360.78","369.09","360.78","364.91M","2.54%"
"Jun 02, 2020","359.77","355.97","360.61","355.97","322.72M","1.57%"
"Jun 01, 2020","354.20","351.83","354.37","351.69","251.69M","1.10%"
"May 29, 2020","350.36","354.00","354.00","349.78","580.55M","-1.44%"
"May 28, 2020","355.47","350.85","356.05","350.85","322.52M","1.64%"
"May 27, 2020","349.75","349.42","352.75","347.41","407.51M","0.24%"
"May 26, 2020","348.92","347.01","349.72","347.01","314.65M","1.08%"
"May 25, 2020","345.18","340.98","345.18","340.98","85.56M","1.47%"
"May 22, 2020","340.17","338.70","340.83","334.57","253.88M","-0.03%"
"May 21, 2020","340.26","341.42","342.89","339.28","252.97M","-0.75%"
"May 20, 2020","342.82","338.82","343.05","336.88","286.04M","0.98%"
"May 19, 2020","339.49","342.27","343.27","337.44","329.49M","-0.61%"
"May 18, 2020","341.59","330.70","341.82","330.70","242.58M","4.07%"
"May 15, 2020","328.24","328.23","331.72","327.30","239.37M","0.47%"
"May 14, 2020","326.71","332.44","332.44","322.87","289.34M","-2.17%"
"May 13, 2020","333.97","338.80","338.80","333.76","259.09M","-1.94%"
"May 12, 2020","340.57","338.91","341.61","338.38","225.19M","0.26%"
"May 11, 2020","339.70","342.10","343.38","337.07","230.69M","-0.40%"
"May 08, 2020","341.05","339.09","341.13","339.09","88.06M","0.91%"
"May 07, 2020","337.98","334.81","338.20","334.81","232.30M","1.09%"
"May 06, 2020","334.34","335.77","337.38","333.87","235.99M","-0.35%"
"May 05, 2020","335.50","330.68","335.50","330.68","250.57M","2.15%"
"May 04, 2020","328.44","334.90","334.90","327.47","280.68M","-2.65%"
"May 01, 2020","337.39","338.71","338.71","337.11","278.30M","-0.78%"
"Apr 30, 2020","340.03","347.67","349.22","339.62","406.68M","-2.03%"
"Apr 29, 2020","347.06","341.39","347.21","340.40","307.40M","1.75%"
"Apr 28, 2020","341.09","335.76","342.83","335.56","297.91M","1.68%"
"Apr 27, 2020","335.44","331.82","335.88","331.82","203.32M","1.77%"
"Apr 24, 2020","329.59","331.56","332.92","328.42","216.93M","-1.10%"
"Apr 23, 2020","333.24","330.94","335.32","328.63","230.04M","0.94%"
"Apr 22, 2020","330.14","325.48","330.22","325.48","221.47M","1.80%"
"Apr 21, 2020","324.31","333.88","333.88","324.31","239.34M","-3.39%"
"Apr 20, 2020","335.70","334.19","335.70","329.55","215.33M","0.67%"
"Apr 17, 2020","333.47","328.57","335.88","328.57","310.81M","2.63%"
"Apr 16, 2020","324.92","324.47","327.24","323.10","280.86M","0.58%"
"Apr 15, 2020","323.06","333.51","333.70","322.37","322.32M","-3.24%"
"Apr 14, 2020","333.89","333.93","336.35","333.42","277.93M","0.63%"
"Apr 09, 2020","331.80","328.42","332.89","326.34","309.22M","1.57%"
"Apr 08, 2020","326.67","325.62","326.67","321.57","266.34M","0.02%"
"Apr 07, 2020","326.61","323.24","331.74","323.24","376.25M","1.88%"
"Apr 06, 2020","320.58","312.42","321.06","312.42","301.51M","3.73%"
"Apr 03, 2020","309.06","311.98","312.01","308.41","299.16M","-0.97%"
"Apr 02, 2020","312.08","311.45","314.01","306.58","346.14M","0.42%"
"Apr 01, 2020","310.77","316.35","316.35","308.03","349.68M","-2.90%"
"Mar 31, 2020","320.06","316.38","321.49","313.97","386.42M","1.65%"
"Mar 30, 2020","314.88","311.40","314.88","303.38","294.02M","1.28%"
"Mar 27, 2020","310.90","319.17","319.17","306.70","342.22M","-3.26%"
"Mar 26, 2020","321.38","310.02","321.38","306.04","373.67M","2.55%"
"Mar 25, 2020","313.38","307.86","318.52","301.85","452.20M","3.09%"
"Mar 24, 2020","304.00","284.01","304.00","284.01","420.30M","8.40%"
"Mar 23, 2020","280.43","288.31","292.04","278.41","-","-4.30%"
"Mar 20, 2020","293.04","291.01","301.97","291.01","672.27M","1.82%"
"Mar 19, 2020","287.80","277.51","288.22","275.72","508.81M","2.91%"
"Mar 18, 2020","279.66","288.68","288.68","275.92","478.15M","-3.92%"
"Mar 17, 2020","291.07","287.16","295.19","275.29","520.61M","2.26%"
"Mar 16, 2020","284.63","294.31","294.31","268.57","614.57M","-4.86%"
"Mar 13, 2020","299.16","297.92","320.76","295.23","596.03M","1.43%"
"Mar 12, 2020","294.93","327.98","327.98","294.32","694.16M","-11.48%"
"Mar 11, 2020","333.17","337.20","343.38","332.26","427.77M","-0.74%"
"Mar 10, 2020","335.64","341.74","353.40","334.28","513.55M","-1.14%"
"Mar 09, 2020","339.50","362.38","362.38","336.54","606.63M","-7.44%"
"Mar 06, 2020","366.80","378.34","378.34","364.03","395.36M","-3.67%"
"Mar 05, 2020","380.76","387.97","389.10","378.04","341.90M","-1.43%"
"Mar 04, 2020","386.30","381.42","388.82","379.43","328.47M","1.36%"
"Mar 03, 2020","381.13","378.67","388.44","378.67","374.56M","1.37%"
"Mar 02, 2020","375.97","378.73","384.20","369.06","439.82M","0.09%"
"Feb 28, 2020","375.65","385.05","385.05","371.20","533.26M","-3.54%"
"Feb 27, 2020","389.45","401.24","401.24","385.06","366.66M","-3.75%"
"Feb 26, 2020","404.62","403.25","405.78","392.89","316.57M","0.00%"
"Feb 25, 2020","404.60","412.91","414.75","403.96","283.35M","-1.76%"
"Feb 24, 2020","411.86","424.30","424.30","409.99","336.17M","-3.79%"
"Feb 21, 2020","428.07","429.39","430.87","426.13","241.01M","-0.49%"
"Feb 20, 2020","430.19","433.36","433.54","430.19","210.64M","-0.86%"
"Feb 19, 2020","433.90","431.44","433.90","431.44","182.53M","0.83%"
"Feb 18, 2020","430.33","430.54","431.35","428.56","228.61M","-0.38%"
"Feb 17, 2020","431.98","431.13","432.48","431.04","124.21M","0.34%"
"Feb 14, 2020","430.52","431.21","432.26","430.13","167.72M","-0.13%"
"Feb 13, 2020","431.08","430.60","431.08","426.34","227.96M","-0.02%"
"Feb 12, 2020","431.16","429.00","431.16","428.85","195.62M","0.63%"
"Feb 11, 2020","428.48","425.82","429.02","425.82","197.70M","0.90%"
"Feb 10, 2020","424.64","423.69","424.67","422.24","160.07M","0.07%"
"Feb 07, 2020","424.36","425.41","425.41","422.95","208.74M","-0.27%"
"Feb 06, 2020","425.49","425.10","426.70","424.16","228.04M","0.44%"
"Feb 05, 2020","423.62","417.99","424.27","417.56","244.72M","1.23%"
"Feb 04, 2020","418.47","412.21","418.49","412.21","206.10M","1.64%"
"Feb 03, 2020","411.72","410.96","413.16","410.19","182.18M","0.25%"
"Jan 31, 2020","410.71","415.98","416.99","410.43","238.10M","-1.07%"
"Jan 30, 2020","415.16","417.52","417.52","414.02","206.82M","-1.01%"
"Jan 29, 2020","419.41","417.92","420.09","417.75","175.28M","0.44%"
"Jan 28, 2020","417.56","414.37","417.89","413.16","176.70M","0.84%"
"Jan 27, 2020","414.07","420.56","420.56","413.47","203.74M","-2.26%"
"Jan 24, 2020","423.64","421.01","425.36","421.01","173.98M","0.86%"
"Jan 23, 2020","420.03","422.53","422.54","419.37","182.92M","-0.71%"
"Jan 22, 2020","423.04","423.51","424.94","422.57","178.13M","-0.08%"
"Jan 21, 2020","423.38","422.98","423.38","419.79","165.56M","-0.14%"
"Jan 20, 2020","423.98","424.02","424.48","423.07","107.86M","-0.14%"
"Jan 17, 2020","424.56","421.34","424.90","421.34","174.19M","0.96%"
"Jan 16, 2020","420.54","420.00","421.30","419.05","80.91M","0.22%"
"Jan 15, 2020","419.63","419.57","420.01","418.19","196.39M","0.01%"
"Jan 14, 2020","419.59","418.45","419.59","415.61","181.12M","0.29%"
"Jan 13, 2020","418.39","418.73","420.00","417.26","166.73M","-0.18%"
"Jan 10, 2020","419.14","420.20","420.85","419.14","165.85M","-0.12%"
"Jan 09, 2020","419.64","419.26","421.43","419.16","193.93M","0.31%"
"Jan 08, 2020","418.36","416.91","418.63","415.13","181.40M","0.17%"
"Jan 07, 2020","417.67","417.25","419.73","416.35","153.74M","0.25%"
"Jan 06, 2020","416.63","417.34","417.34","412.63","151.85M","-0.41%"
"Jan 03, 2020","418.33","418.73","418.73","415.58","149.65M","-0.33%"
"Jan 02, 2020","419.72","416.50","420.43","416.50","143.05M","0.93%"
"Dec 31, 2019","415.84","416.02","416.22","415.01","85.88M","-0.08%"
"Dec 30, 2019","416.17","419.46","419.46","416.17","94.20M","-0.85%"
"Dec 27, 2019","419.74","419.16","420.72","418.92","102.95M","0.21%"
"Dec 24, 2019","418.86","418.17","418.94","417.92","69.80M","0.14%"
"Dec 23, 2019","418.27","417.97","418.86","417.56","126.24M","-0.03%"
"Dec 20, 2019","418.40","414.98","418.45","414.98","337.27M","0.80%"
"Dec 19, 2019","415.07","414.98","415.45","413.53","186.84M","0.17%"
"Dec 18, 2019","414.38","414.57","416.12","414.38","179.84M","-0.13%"
"Dec 17, 2019","414.92","416.64","416.64","414.10","233.66M","-0.68%"
"Dec 16, 2019","417.75","412.91","418.53","412.91","222.06M","1.39%"
"Dec 13, 2019","412.02","410.61","414.91","410.61","366.68M","1.09%"
"Dec 12, 2019","407.58","406.32","409.34","404.99","221.44M","0.33%"
"Dec 11, 2019","406.22","405.05","406.49","403.99","188.02M","0.22%"
"Dec 10, 2019","405.34","406.16","406.16","401.46","183.38M","-0.26%"
"Dec 09, 2019","406.39","407.50","407.55","406.22","167.28M","-0.24%"
"Dec 06, 2019","407.35","403.00","407.48","403.00","147.39M","1.16%"
"Dec 05, 2019","402.66","403.71","405.37","402.41","158.19M","-0.13%"
"Dec 04, 2019","403.19","398.62","403.28","398.51","176.23M","1.18%"
"Dec 03, 2019","398.48","401.84","402.99","397.18","208.44M","-0.63%"
"Dec 02, 2019","401.01","407.48","410.04","400.57","232.12M","-1.58%"
"Nov 29, 2019","407.43","408.57","409.64","407.34","156.05M","-0.44%"
"Nov 28, 2019","409.25","409.63","409.63","408.44","130.99M","-0.14%"
"Nov 27, 2019","409.81","409.00","410.39","408.54","165.68M","0.32%"
"Nov 26, 2019","408.49","407.98","409.04","406.97","275.54M","0.10%"
"Nov 25, 2019","408.09","405.23","408.25","405.23","151.16M","1.02%"
"Nov 22, 2019","403.98","402.39","405.44","402.39","176.17M","0.44%"
"Nov 21, 2019","402.22","403.10","403.10","400.02","186.80M","-0.40%"
"Nov 20, 2019","403.82","404.65","404.65","401.78","196.56M","-0.41%"
"Nov 19, 2019","405.50","406.18","409.24","404.80","172.93M","-0.12%"
"Nov 18, 2019","405.99","406.34","407.16","404.69","180.98M","-0.01%"
"Nov 15, 2019","406.04","405.21","406.74","403.51","192.31M","0.40%"
"Nov 14, 2019","404.41","405.71","406.00","404.38","183.44M","-0.36%"
"Nov 13, 2019","405.86","406.57","406.57","403.53","201.17M","-0.26%"
"Nov 12, 2019","406.90","405.56","407.63","405.19","201.18M","0.38%"
"Nov 11, 2019","405.34","404.92","405.64","403.06","189.15M","-0.02%"
"Nov 08, 2019","405.42","406.02","406.10","404.46","200.72M","-0.28%"
"Nov 07, 2019","406.56","405.37","406.94","405.37","208.61M","0.37%"
"Nov 06, 2019","405.07","404.01","405.23","403.04","193.31M","0.21%"
"Nov 05, 2019","404.23","403.55","404.65","402.82","208.79M","0.20%"
"Nov 04, 2019","403.41","400.14","403.99","400.14","190.17M","1.00%"
"Nov 01, 2019","399.43","397.34","399.86","397.34","153.12M","0.68%"
"Oct 31, 2019","396.75","399.15","399.88","395.73","231.64M","-0.49%"
"Oct 30, 2019","398.70","398.00","398.70","396.50","200.76M","0.08%"
"Oct 29, 2019","398.37","398.90","398.90","396.86","187.41M","-0.16%"
"Oct 28, 2019","398.99","398.05","399.78","397.17","168.79M","0.25%"
"Oct 25, 2019","398.01","397.19","398.02","395.66","163.73M","0.16%"
"Oct 24, 2019","397.37","395.53","397.78","395.53","215.26M","0.59%"
"Oct 23, 2019","395.03","393.59","395.29","392.82","195.79M","0.11%"
"Oct 22, 2019","394.59","394.11","394.83","392.59","185.68M","0.09%"
"Oct 21, 2019","394.22","392.11","394.73","391.92","200.96M","0.61%"
"Oct 18, 2019","391.84","392.81","393.46","391.32","210.70M","-0.32%"
"Oct 17, 2019","393.08","392.94","396.86","392.23","256.88M","-0.10%"
"Oct 16, 2019","393.46","393.85","394.60","392.25","241.97M","-0.14%"
"Oct 15, 2019","394.02","390.56","395.07","390.56","243.56M","1.11%"
"Oct 14, 2019","389.69","390.81","390.81","387.09","171.18M","-0.49%"
"Oct 11, 2019","391.61","384.14","391.61","383.71","310.83M","2.31%"
"Oct 10, 2019","382.76","380.49","383.55","378.18","194.97M","0.65%"
"Oct 09, 2019","380.30","378.47","381.75","377.94","156.95M","0.42%"
"Oct 08, 2019","378.71","383.21","383.52","378.43","174.86M","-1.10%"
"Oct 07, 2019","382.91","380.13","383.11","379.54","146.53M","0.71%"
"Oct 04, 2019","380.22","377.60","380.22","376.71","176.10M","0.73%"
"Oct 03, 2019","377.46","377.06","378.43","374.66","170.77M","-0.02%"
"Oct 02, 2019","377.52","387.71","387.71","377.52","224.78M","-2.70%"
"Oct 01, 2019","387.99","393.35","394.69","387.79","204.81M","-1.31%"
"Sep 30, 2019","393.15","391.64","393.57","391.04","180.74M","0.35%"
"Sep 27, 2019","391.79","390.37","392.49","390.37","158.98M","0.47%"
"Sep 26, 2019","389.95","387.03","390.74","386.91","174.95M","0.61%"
"Sep 25, 2019","387.59","389.14","389.14","384.18","186.40M","-0.58%"
"Sep 24, 2019","389.84","390.37","390.96","389.64","161.98M","0.01%"
"Sep 23, 2019","389.80","392.40","392.42","388.71","170.83M","-0.80%"
"Sep 20, 2019","392.95","392.83","393.67","391.90","425.28M","0.29%"
"Sep 19, 2019","391.80","389.35","392.03","388.90","188.67M","0.61%"
"Sep 18, 2019","389.41","389.03","390.16","388.61","180.52M","0.02%"
"Sep 17, 2019","389.33","389.44","389.73","387.66","207.73M","-0.05%"
"Sep 16, 2019","389.53","391.14","391.14","389.13","225.00M","-0.58%"
"Sep 13, 2019","391.79","390.29","392.29","389.93","244.90M","0.34%"
"Sep 12, 2019","390.48","389.93","392.74","388.13","237.98M","0.20%"
"Sep 11, 2019","389.71","386.60","389.82","386.60","236.88M","0.85%"
"Sep 10, 2019","386.44","386.09","386.48","383.79","271.53M","0.10%"
"Sep 09, 2019","386.06","387.12","387.92","385.44","198.15M","-0.28%"
"Sep 06, 2019","387.14","386.00","387.14","385.36","189.28M","0.32%"
"Sep 05, 2019","385.92","383.75","386.11","383.75","210.41M","0.72%"
"Sep 04, 2019","383.18","380.86","384.41","380.86","192.14M","0.89%"
"Sep 03, 2019","379.81","380.40","380.40","378.15","160.86M","-0.23%"
"Sep 02, 2019","380.69","379.88","382.09","379.88","123.00M","0.32%"
"Aug 30, 2019","379.48","376.76","380.58","376.76","197.01M","0.73%"
"Aug 29, 2019","376.74","372.41","377.17","371.94","194.34M","1.04%"
"Aug 28, 2019","372.86","373.48","373.48","369.86","174.34M","-0.20%"
"Aug 27, 2019","373.62","371.37","374.37","370.06","209.02M","0.63%"
"Aug 26, 2019","371.28","370.57","372.23","369.08","73.31M","-0.02%"
"Aug 23, 2019","371.36","374.90","376.52","371.36","175.74M","-0.78%"
"Aug 22, 2019","374.29","375.32","376.69","373.43","177.00M","-0.40%"
"Aug 21, 2019","375.80","371.61","376.37","371.61","152.87M","1.21%"
"Aug 20, 2019","371.30","373.87","375.17","371.06","182.07M","-0.68%"
"Aug 19, 2019","373.86","370.43","374.17","370.43","177.67M","1.14%"
"Aug 16, 2019","369.63","365.31","369.95","365.31","240.28M","1.24%"
"Aug 15, 2019","365.09","366.28","367.03","361.07","232.06M","-0.29%"
"Aug 14, 2019","366.16","372.74","372.80","364.96","231.32M","-1.68%"
"Aug 13, 2019","372.40","370.12","374.21","367.17","224.93M","0.54%"
"Aug 12, 2019","370.41","372.09","375.35","370.08","168.00M","-0.31%"
"Aug 09, 2019","371.56","374.73","374.97","371.11","227.22M","-0.84%"
"Aug 08, 2019","374.71","370.02","374.71","370.02","195.89M","1.66%"
"Aug 07, 2019","368.60","368.08","371.70","365.99","222.71M","0.24%"
"Aug 06, 2019","367.71","369.07","371.98","367.56","206.93M","-0.47%"
"Aug 05, 2019","369.43","376.74","376.74","368.65","271.76M","-2.31%"
"Aug 02, 2019","378.15","385.72","385.72","377.31","277.00M","-2.46%"
"Aug 01, 2019","387.68","384.93","387.92","384.40","208.10M","0.50%"
"Jul 31, 2019","385.77","384.95","386.34","384.47","245.60M","0.17%"
"Jul 30, 2019","385.11","390.42","390.70","384.46","233.84M","-1.47%"
"Jul 29, 2019","390.85","390.38","392.56","389.77","178.07M","0.03%"
"Jul 26, 2019","390.73","389.27","391.12","389.06","207.43M","0.31%"
"Jul 25, 2019","389.52","392.08","395.10","387.64","220.37M","-0.56%"
"Jul 24, 2019","391.73","391.56","392.05","390.36","179.43M","0.05%"
"Jul 23, 2019","391.54","388.28","392.49","388.28","183.69M","0.98%"
"Jul 22, 2019","387.74","387.15","388.54","386.63","151.85M","0.13%"
"Jul 19, 2019","387.25","387.22","389.45","386.19","191.13M","0.12%"
"Jul 18, 2019","386.80","387.09","388.08","385.02","167.60M","-0.22%"
"Jul 17, 2019","387.66","388.82","389.70","387.19","173.24M","-0.37%"
"Jul 16, 2019","389.10","387.55","389.71","387.19","166.53M","0.35%"
"Jul 15, 2019","387.75","386.82","388.73","385.72","138.21M","0.23%"
"Jul 12, 2019","386.85","386.72","387.73","386.39","154.08M","0.04%"
"Jul 11, 2019","386.70","387.85","388.64","386.27","158.97M","-0.12%"
"Jul 10, 2019","387.15","387.69","389.37","386.79","167.20M","-0.20%"
"Jul 09, 2019","387.92","389.27","389.27","386.47","166.23M","-0.51%"
"Jul 08, 2019","389.90","390.01","390.90","389.06","156.77M","-0.05%"
"Jul 05, 2019","390.11","392.90","392.91","389.09","169.91M","-0.72%"
"Jul 04, 2019","392.94","392.65","393.40","392.43","158.04M","0.09%"
"Jul 03, 2019","392.58","389.36","392.67","389.36","201.01M","0.85%"
"Jul 02, 2019","389.29","388.35","389.69","387.88","164.53M","0.37%"
"Jul 01, 2019","387.87","385.34","389.98","385.34","184.00M","0.78%"
"Jun 28, 2019","384.87","382.14","385.10","382.12","194.70M","0.70%"
"Jun 27, 2019","382.21","382.12","383.56","380.72","178.94M","0.00%"
"Jun 26, 2019","382.20","382.97","384.30","381.90","178.60M","-0.31%"
"Jun 25, 2019","383.40","383.73","383.83","382.39","168.24M","-0.10%"
"Jun 24, 2019","383.79","384.61","385.88","383.38","171.77M","-0.25%"
"Jun 21, 2019","384.76","386.16","387.07","384.08","402.29M","-0.36%"
"Jun 20, 2019","386.16","385.40","387.87","385.40","231.50M","0.36%"
"Jun 19, 2019","384.77","384.83","385.03","383.54","221.10M","-0.00%"
"Jun 18, 2019","384.78","378.22","385.43","376.73","239.92M","1.67%"
"Jun 17, 2019","378.46","378.83","379.69","377.75","143.32M","-0.09%"
"Jun 14, 2019","378.81","379.99","379.99","377.41","156.54M","-0.40%"
"Jun 13, 2019","380.33","379.36","381.40","378.71","163.35M","0.16%"
"Jun 12, 2019","379.74","379.86","380.19","378.34","188.54M","-0.30%"
"Jun 11, 2019","380.89","378.54","382.07","378.54","189.90M","0.69%"
"Jun 10, 2019","378.27","377.63","378.98","377.63","117.67M","0.21%"
"Jun 07, 2019","377.48","374.25","378.39","374.25","175.02M","0.93%"
"Jun 06, 2019","374.01","374.05","376.75","373.15","196.91M","-0.02%"
"Jun 05, 2019","374.08","372.76","374.90","372.54","201.24M","0.38%"
"Jun 04, 2019","372.67","369.89","373.35","367.81","227.76M","0.59%"
"Jun 03, 2019","370.49","368.79","370.49","365.77","193.23M","0.39%"
"May 31, 2019","369.06","371.51","371.51","366.64","231.28M","-0.81%"
"May 30, 2019","372.07","370.83","372.69","370.83","157.08M","0.42%"
"May 29, 2019","370.51","375.27","388.96","369.91","186.93M","-1.43%"
"May 28, 2019","375.90","376.98","377.61","374.78","337.72M","-0.22%"
"May 27, 2019","376.71","376.37","378.54","376.36","66.11M","0.22%"
"May 24, 2019","375.89","373.90","377.12","373.90","183.13M","0.56%"
"May 23, 2019","373.79","378.39","378.39","373.31","219.42M","-1.42%"
"May 22, 2019","379.19","378.92","380.36","376.91","203.27M","-0.08%"
"May 21, 2019","379.50","377.43","380.25","377.43","201.85M","0.54%"
"May 20, 2019","377.46","381.12","381.89","375.95","209.19M","-1.06%"
"May 17, 2019","381.51","382.35","382.35","379.28","206.40M","-0.36%"
"May 16, 2019","382.88","377.47","382.88","376.36","205.14M","1.27%"
"May 15, 2019","378.06","376.40","378.06","373.80","232.30M","0.46%"
"May 14, 2019","376.34","372.67","376.34","372.67","199.11M","1.01%"
"May 13, 2019","372.57","377.25","377.31","371.76","207.80M","-1.21%"
"May 10, 2019","377.14","376.65","379.59","376.30","188.70M","0.32%"
"May 09, 2019","375.92","381.22","381.22","375.48","225.78M","-1.65%"
"May 08, 2019","382.23","381.38","382.70","379.89","214.97M","0.15%"
"May 07, 2019","381.64","386.91","387.85","381.10","233.43M","-1.37%"
"May 06, 2019","386.95","389.06","389.06","384.17","96.74M","-0.88%"
"May 03, 2019","390.37","389.14","391.09","388.83","151.44M","0.39%"
"May 02, 2019","388.84","390.44","390.63","388.70","195.55M","-0.58%"
"May 01, 2019","391.09","391.46","391.78","390.99","152.24M","-0.07%"
"Apr 30, 2019","391.35","390.86","391.35","389.93","200.28M","0.01%"
"Apr 29, 2019","391.32","390.86","392.05","389.63","152.05M","0.08%"
"Apr 26, 2019","391.01","390.19","391.09","389.24","199.40M","0.22%"
"Apr 25, 2019","390.15","390.76","390.87","388.85","182.89M","-0.21%"
"Apr 24, 2019","390.98","391.09","392.22","390.32","203.50M","-0.09%"
"Apr 23, 2019","391.35","389.84","391.55","389.29","201.22M","0.23%"
"Apr 19, 2019","390.46","390.46","390.46","390.46","-","0.00%"
"Apr 18, 2019","390.46","389.36","391.07","388.16","179.70M","0.22%"
"Apr 17, 2019","389.59","389.14","390.34","388.25","203.84M","0.10%"
"Apr 16, 2019","389.21","387.99","389.63","387.99","180.89M","0.29%"
"Apr 15, 2019","388.10","387.11","388.59","387.11","165.69M","0.15%"
"Apr 12, 2019","387.53","386.30","387.71","385.81","219.34M","0.16%"
"Apr 11, 2019","386.91","386.33","387.78","384.92","187.74M","0.06%"
"Apr 10, 2019","386.68","385.81","387.13","385.70","171.08M","0.26%"
"Apr 09, 2019","385.68","387.62","389.11","385.36","181.00M","-0.47%"
"Apr 08, 2019","387.51","388.46","388.50","386.84","154.64M","-0.19%"
"Apr 05, 2019","388.23","387.81","388.94","387.54","178.18M","0.09%"
"Apr 04, 2019","387.87","388.48","388.65","387.18","180.96M","-0.27%"
"Apr 03, 2019","388.92","386.08","388.92","386.08","230.07M","1.01%"
"Apr 02, 2019","385.03","383.19","385.68","383.19","190.68M","0.35%"
"Apr 01, 2019","383.67","379.72","383.79","379.72","205.88M","1.21%"
"Mar 29, 2019","379.09","376.73","379.55","376.73","244.98M","0.60%"
"Mar 28, 2019","376.84","377.12","378.81","376.64","173.08M","-0.12%"
"Mar 27, 2019","377.28","377.50","379.59","375.69","219.72M","0.02%"
"Mar 26, 2019","377.20","374.84","377.87","374.11","175.48M","0.77%"
"Mar 25, 2019","374.33","374.82","375.47","372.96","175.74M","-0.45%"
"Mar 22, 2019","376.03","381.09","381.82","375.61","231.04M","-1.22%"
"Mar 21, 2019","380.69","380.27","381.29","378.48","187.05M","-0.04%"
"Mar 20, 2019","380.84","383.67","383.70","380.84","199.37M","-0.90%"
"Mar 19, 2019","384.29","382.41","385.33","382.31","180.21M","0.57%"
"Mar 18, 2019","382.11","381.22","382.19","381.22","191.03M","0.27%"
"Mar 15, 2019","381.10","378.22","381.47","378.22","393.77M","0.68%"
"Mar 14, 2019","378.52","375.81","379.07","375.81","210.10M","0.78%"
"Mar 13, 2019","375.60","373.03","375.61","372.80","195.57M","0.63%"
"Mar 12, 2019","373.25","374.65","375.20","372.37","208.94M","-0.06%"
"Mar 11, 2019","373.47","370.99","373.63","370.88","177.15M","0.78%"
"Mar 08, 2019","370.57","372.60","372.60","369.75","204.16M","-0.89%"
"Mar 07, 2019","373.88","374.95","376.34","372.37","245.42M","-0.43%"
"Mar 06, 2019","375.48","375.58","376.85","374.98","213.25M","-0.04%"
"Mar 05, 2019","375.64","374.90","376.12","373.72","205.41M","0.15%"
"Mar 04, 2019","375.09","375.04","376.32","375.04","171.80M","0.23%"
"Mar 01, 2019","374.24","373.48","375.67","373.48","201.37M","0.39%"
"Feb 28, 2019","372.80","371.19","373.19","370.47","261.02M","0.06%"
"Feb 27, 2019","372.58","372.96","373.06","371.25","224.17M","-0.28%"
"Feb 26, 2019","373.64","372.04","374.11","370.28","199.94M","0.39%"
"Feb 25, 2019","372.18","371.90","373.18","371.56","182.65M","0.26%"
"Feb 22, 2019","371.23","370.27","371.90","369.87","185.49M","0.22%"
"Feb 21, 2019","370.41","371.12","371.72","369.48","214.40M","-0.28%"
"Feb 20, 2019","371.46","369.38","371.70","369.26","211.27M","0.67%"
"Feb 19, 2019","368.97","369.40","370.02","367.36","174.29M","-0.22%"
"Feb 18, 2019","369.78","368.90","370.14","368.66","148.50M","0.23%"
"Feb 15, 2019","368.94","363.83","369.27","363.24","245.67M","1.41%"
"Feb 14, 2019","363.80","365.42","367.06","363.48","185.94M","-0.32%"
"Feb 13, 2019","364.97","363.24","365.82","363.24","178.79M","0.60%"
"Feb 12, 2019","362.78","362.07","363.68","362.07","167.31M","0.46%"
"Feb 11, 2019","361.12","358.87","361.83","358.87","169.84M","0.85%"
"Feb 08, 2019","358.07","359.75","360.77","357.37","188.12M","-0.56%"
"Feb 07, 2019","360.08","364.73","365.25","360.08","221.76M","-1.49%"
"Feb 06, 2019","365.52","364.86","365.91","364.14","188.34M","0.15%"
"Feb 05, 2019","364.99","359.94","364.99","359.94","208.45M","1.41%"
"Feb 04, 2019","359.92","359.80","360.20","358.28","187.58M","0.06%"
"Feb 01, 2019","359.71","359.02","360.03","357.31","219.85M","0.29%"
"Jan 31, 2019","358.67","358.68","360.51","356.25","297.61M","0.04%"
"Jan 30, 2019","358.51","356.72","359.03","356.64","188.88M","0.36%"
"Jan 29, 2019","357.23","354.45","358.70","354.19","183.22M","0.80%"
"Jan 28, 2019","354.38","357.01","357.26","354.03","178.00M","-0.97%"
"Jan 25, 2019","357.84","357.28","358.76","357.28","202.90M","0.61%"
"Jan 24, 2019","355.67","355.06","356.64","353.83","197.79M","0.22%"
"Jan 23, 2019","354.89","354.49","356.86","352.97","192.07M","-0.06%"
"Jan 22, 2019","355.09","355.49","356.51","353.74","195.75M","-0.36%"
"Jan 21, 2019","356.36","356.39","356.43","355.58","138.95M","-0.19%"
"Jan 18, 2019","357.05","351.98","357.29","351.98","260.62M","1.80%"
"Jan 17, 2019","350.73","349.71","351.07","348.29","167.56M","0.04%"
"Jan 16, 2019","350.59","349.92","350.93","348.82","206.30M","0.54%"
"Jan 15, 2019","348.71","348.26","350.60","347.11","189.28M","0.35%"
"Jan 14, 2019","347.51","348.27","348.27","345.86","168.22M","-0.48%"
"Jan 11, 2019","349.20","349.03","350.18","347.74","179.86M","0.09%"
"Jan 10, 2019","348.88","347.07","348.92","344.84","173.53M","0.34%"
"Jan 09, 2019","347.70","346.87","349.81","346.79","214.41M","0.53%"
"Jan 08, 2019","345.85","342.99","348.06","342.99","191.38M","0.87%"
"Jan 07, 2019","342.88","344.03","344.75","341.38","180.41M","-0.15%"
"Jan 04, 2019","343.38","335.47","343.90","335.47","193.70M","2.83%"
"Jan 03, 2019","333.92","335.64","336.78","333.51","184.99M","-0.98%"
"Jan 02, 2019","337.21","335.86","337.83","331.80","163.35M","-0.13%"
"Dec 31, 2018","337.65","336.73","337.92","336.53","88.97M","0.42%"
"Dec 28, 2018","336.23","330.57","336.92","330.57","156.94M","2.02%"
"Dec 27, 2018","329.58","336.23","337.05","327.34","197.15M","-1.69%"
"Dec 24, 2018","335.24","336.24","336.24","334.57","178.19M","-0.42%"
"Dec 21, 2018","336.67","336.15","337.05","333.15","409.62M","0.03%"
"Dec 20, 2018","336.58","339.45","339.45","335.41","256.99M","-1.45%"
"Dec 19, 2018","341.52","340.42","342.49","340.42","219.25M","0.31%"
"Dec 18, 2018","340.46","342.66","343.08","340.46","232.13M","-0.82%"
"Dec 17, 2018","343.26","346.74","346.74","342.46","196.13M","-1.14%"
"Dec 14, 2018","347.21","348.20","348.26","344.55","187.51M","-0.63%"
"Dec 13, 2018","349.42","350.13","351.31","348.72","214.98M","-0.17%"
"Dec 12, 2018","350.00","344.45","350.85","344.45","255.60M","1.69%"
"Dec 11, 2018","344.18","340.66","346.82","340.66","219.42M","1.53%"
"Dec 10, 2018","338.99","344.15","344.15","338.79","216.52M","-1.87%"
"Dec 07, 2018","345.45","344.29","349.20","344.29","212.73M","0.62%"
"Dec 06, 2018","343.31","352.59","352.59","342.53","274.86M","-3.09%"
"Dec 05, 2018","354.27","357.39","357.39","354.00","187.67M","-1.16%"
"Dec 04, 2018","358.43","360.72","360.98","358.36","202.79M","-0.76%"
"Dec 03, 2018","361.18","359.56","364.89","359.56","226.58M","1.03%"
"Nov 30, 2018","357.49","358.21","358.39","356.01","288.30M","-0.17%"
"Nov 29, 2018","358.10","358.10","360.06","357.08","199.67M","0.20%"
"Nov 28, 2018","357.39","358.01","359.20","357.10","208.56M","-0.00%"
"Nov 27, 2018","357.40","358.12","358.85","355.62","212.34M","-0.26%"
"Nov 26, 2018","358.33","355.02","358.80","355.02","223.04M","1.23%"
"Nov 23, 2018","353.98","352.46","354.20","351.36","163.02M","0.40%"
"Nov 22, 2018","352.57","354.57","354.57","351.67","177.56M","-0.70%"
"Nov 21, 2018","355.07","351.86","355.27","351.85","219.95M","1.14%"
"Nov 20, 2018","351.06","354.30","354.30","349.29","239.16M","-1.14%"
"Nov 19, 2018","355.11","358.24","360.27","355.01","196.78M","-0.73%"
"Nov 16, 2018","357.71","358.90","361.40","355.63","242.90M","-0.20%"
"Nov 15, 2018","358.43","362.30","364.01","356.00","259.89M","-1.06%"
"Nov 14, 2018","362.27","363.38","365.45","359.92","225.55M","-0.60%"
"Nov 13, 2018","364.44","362.73","365.26","361.72","234.17M","0.67%"
"Nov 12, 2018","362.03","366.38","367.80","362.02","193.77M","-1.01%"
"Nov 09, 2018","365.74","366.38","366.38","363.85","211.01M","-0.37%"
"Nov 08, 2018","367.08","367.34","369.12","366.56","198.49M","0.19%"
"Nov 07, 2018","366.39","363.30","367.12","363.30","201.13M","1.06%"
"Nov 06, 2018","362.55","364.02","364.44","361.43","176.10M","-0.26%"
"Nov 05, 2018","363.50","364.26","365.23","363.29","157.05M","-0.16%"
"Nov 02, 2018","364.08","364.98","367.63","363.85","212.62M","0.28%"
"Nov 01, 2018","363.08","361.73","364.70","361.11","240.11M","0.41%"
"Oct 31, 2018","361.61","357.29","362.74","357.29","272.46M","1.71%"
"Oct 30, 2018","355.53","355.77","356.89","352.78","212.39M","0.01%"
"Oct 29, 2018","355.51","352.65","358.60","352.65","212.56M","0.90%"
"Oct 26, 2018","352.34","354.55","354.55","348.44","245.52M","-0.77%"
"Oct 25, 2018","355.07","351.94","355.11","349.58","254.83M","0.51%"
"Oct 24, 2018","353.27","354.47","358.53","353.19","224.76M","-0.22%"
"Oct 23, 2018","354.06","358.44","358.44","353.25","259.00M","-1.58%"
"Oct 22, 2018","359.74","361.78","363.83","359.41","207.40M","-0.42%"
"Oct 19, 2018","361.24","361.70","362.75","359.00","274.50M","-0.12%"
"Oct 18, 2018","361.67","363.48","365.61","361.57","222.73M","-0.51%"
"Oct 17, 2018","363.54","365.54","367.37","362.16","196.32M","-0.40%"
"Oct 16, 2018","364.99","359.74","365.06","359.30","214.30M","1.58%"
"Oct 15, 2018","359.31","358.72","359.67","356.34","179.79M","0.10%"
"Oct 12, 2018","358.95","360.81","363.07","358.95","232.52M","-0.19%"
"Oct 11, 2018","359.65","364.40","364.40","359.17","311.99M","-1.98%"
"Oct 10, 2018","366.93","373.36","373.36","366.93","266.29M","-1.61%"
"Oct 09, 2018","372.93","372.58","373.42","369.24","227.36M","0.19%"
"Oct 08, 2018","372.21","376.09","376.09","371.97","196.73M","-1.12%"
"Oct 05, 2018","376.41","379.83","379.83","376.28","202.94M","-0.86%"
"Oct 04, 2018","379.68","383.61","383.61","379.15","225.35M","-1.08%"
"Oct 03, 2018","383.84","382.16","384.76","382.16","210.14M","0.50%"
"Oct 02, 2018","381.94","383.29","383.29","380.70","233.31M","-0.52%"
"Oct 01, 2018","383.94","383.18","384.83","382.74","217.34M","0.20%"
"Sep 28, 2018","383.18","385.97","385.97","381.82","282.73M","-0.83%"
"Sep 27, 2018","386.38","384.71","386.62","382.71","191.14M","0.35%"
"Sep 26, 2018","385.04","384.33","385.07","383.32","183.18M","0.30%"
"Sep 25, 2018","383.89","382.23","384.33","382.23","196.79M","0.46%"
"Sep 24, 2018","382.14","383.93","384.07","381.79","175.43M","-0.56%"
"Sep 21, 2018","384.29","382.73","385.20","382.73","436.63M","0.43%"
"Sep 20, 2018","382.63","379.90","382.86","379.84","243.99M","0.70%"
"Sep 19, 2018","379.98","378.96","380.52","378.56","218.82M","0.33%"
"Sep 18, 2018","378.73","378.18","379.53","377.05","195.07M","0.11%"
"Sep 17, 2018","378.31","377.90","378.69","376.93","175.45M","0.12%"
"Sep 14, 2018","377.85","377.01","378.24","376.74","156.34M","0.35%"
"Sep 13, 2018","376.52","377.15","378.61","376.39","179.48M","-0.15%"
"Sep 12, 2018","377.08","375.67","377.44","375.55","192.50M","0.47%"
"Sep 11, 2018","375.31","375.56","375.99","373.49","175.76M","-0.05%"
"Sep 10, 2018","375.51","374.04","376.46","373.66","198.44M","0.47%"
"Sep 07, 2018","373.77","373.59","374.09","371.89","225.02M","0.08%"
"Sep 06, 2018","373.47","375.19","376.36","373.45","199.84M","-0.59%"
"Sep 05, 2018","375.68","379.07","379.07","375.45","248.56M","-1.09%"
"Sep 04, 2018","379.83","383.18","384.02","378.59","221.98M","-0.70%"
"Sep 03, 2018","382.51","381.92","382.76","381.60","126.94M","0.07%"
"Aug 31, 2018","382.26","385.06","385.06","382.02","227.46M","-0.80%"
"Aug 30, 2018","385.36","386.52","386.52","383.90","177.51M","-0.32%"
"Aug 29, 2018","386.58","385.89","386.75","384.66","169.04M","0.29%"
"Aug 28, 2018","385.46","386.00","386.80","385.40","161.59M","-0.03%"
"Aug 27, 2018","385.57","384.07","385.83","384.07","58.89M","0.52%"
"Aug 24, 2018","383.56","383.37","384.80","382.96","134.08M","0.05%"
"Aug 23, 2018","383.38","384.16","385.31","383.32","147.33M","-0.17%"
"Aug 22, 2018","384.02","383.66","385.00","383.27","160.33M","-0.03%"
"Aug 21, 2018","384.15","382.71","385.27","382.36","149.22M","0.24%"
"Aug 20, 2018","383.23","381.33","384.05","381.33","141.32M","0.57%"
"Aug 17, 2018","381.06","381.44","382.09","379.09","172.11M","-0.10%"
"Aug 16, 2018","381.43","380.30","381.75","379.85","194.05M","0.46%"
"Aug 15, 2018","379.70","385.18","385.87","378.73","212.46M","-1.36%"
"Aug 14, 2018","384.92","385.51","387.22","384.01","184.24M","0.00%"
"Aug 13, 2018","384.91","385.62","385.72","383.65","168.91M","-0.25%"
"Aug 10, 2018","385.86","389.91","389.91","384.97","206.28M","-1.07%"
"Aug 09, 2018","390.05","389.01","390.10","388.07","149.76M","0.09%"
"Aug 08, 2018","389.69","389.73","390.66","388.88","161.80M","-0.20%"
"Aug 07, 2018","390.49","388.85","391.47","388.85","170.20M","0.47%"
"Aug 06, 2018","388.66","389.44","390.31","387.59","181.17M","-0.13%"
"Aug 03, 2018","389.16","387.33","389.63","387.09","179.25M","0.65%"
"Aug 02, 2018","386.64","389.46","389.46","385.93","254.09M","-0.82%"
"Aug 01, 2018","389.84","391.81","392.26","389.59","233.92M","-0.45%"
"Jul 31, 2018","391.61","390.76","392.69","390.37","235.59M","0.18%"
"Jul 30, 2018","390.92","391.17","391.72","390.39","170.86M","-0.30%"
"Jul 27, 2018","392.08","390.34","392.20","390.34","210.31M","0.40%"
"Jul 26, 2018","390.53","387.65","390.63","387.65","192.17M","0.87%"
"Jul 25, 2018","387.17","388.42","388.69","386.60","192.54M","-0.26%"
"Jul 24, 2018","388.18","385.70","389.31","385.70","209.39M","0.86%"
"Jul 23, 2018","384.88","385.55","385.69","383.59","155.77M","-0.19%"
"Jul 20, 2018","385.62","385.63","386.84","382.91","207.53M","-0.15%"
"Jul 19, 2018","386.18","387.03","387.52","385.64","188.28M","-0.23%"
"Jul 18, 2018","387.06","385.60","387.56","385.60","183.62M","0.54%"
"Jul 17, 2018","384.98","384.03","385.46","382.74","190.16M","0.24%"
"Jul 16, 2018","384.05","385.21","385.98","383.32","155.52M","-0.25%"
"Jul 13, 2018","385.03","384.92","386.53","384.67","164.82M","0.17%"
"Jul 12, 2018","384.37","382.08","384.47","381.29","187.23M","0.78%"
"Jul 11, 2018","381.40","384.56","384.56","381.08","196.72M","-1.26%"
"Jul 10, 2018","386.25","385.17","386.87","384.66","185.27M","0.43%"
"Jul 09, 2018","384.59","383.45","385.15","383.45","169.28M","0.58%"
"Jul 06, 2018","382.36","382.12","382.91","380.31","181.71M","0.20%"
"Jul 05, 2018","381.59","379.71","383.41","379.71","191.10M","0.41%"
"Jul 04, 2018","380.05","379.56","380.60","379.00","148.72M","0.06%"
"Jul 03, 2018","379.81","377.34","380.98","377.21","229.78M","0.81%"
"Jul 02, 2018","376.75","378.59","378.59","375.22","200.64M","-0.84%"
"Jun 29, 2018","379.93","378.33","381.69","378.33","246.22M","0.81%"
"Jun 28, 2018","376.87","379.02","380.24","375.11","214.77M","-0.82%"
"Jun 27, 2018","379.97","377.36","381.77","374.38","319.22M","0.72%"
"Jun 26, 2018","377.25","377.82","378.78","376.82","229.62M","0.05%"
"Jun 25, 2018","377.05","383.80","383.80","377.05","182.51M","-2.07%"
"Jun 22, 2018","385.01","381.03","385.01","381.03","194.40M","1.09%"
"Jun 21, 2018","380.85","384.72","386.12","380.15","212.30M","-0.90%"
"Jun 20, 2018","384.29","383.96","386.55","383.96","220.00M","0.28%"
"Jun 19, 2018","383.21","384.71","384.71","380.83","235.51M","-0.70%"
"Jun 18, 2018","385.91","388.75","388.87","384.59","190.92M","-0.83%"
"Jun 15, 2018","389.13","393.07","393.96","389.13","434.53M","-0.99%"
"Jun 14, 2018","393.04","386.99","393.89","385.52","277.19M","1.23%"
"Jun 13, 2018","388.25","388.00","389.13","387.08","222.02M","0.19%"
"Jun 12, 2018","387.53","388.70","389.64","387.33","215.22M","-0.11%"
"Jun 11, 2018","387.94","385.30","388.24","385.30","227.86M","0.73%"
"Jun 08, 2018","385.12","385.60","386.00","382.78","211.62M","-0.21%"
"Jun 07, 2018","385.94","387.13","389.06","385.33","249.24M","-0.24%"
"Jun 06, 2018","386.88","386.95","387.93","384.60","247.92M","-0.00%"
"Jun 05, 2018","386.89","387.86","390.02","386.89","244.52M","-0.31%"
"Jun 04, 2018","388.11","387.95","389.47","387.66","210.79M","0.31%"
"Jun 01, 2018","386.91","383.35","388.11","383.35","263.66M","1.01%"
"May 31, 2018","383.06","385.41","386.70","382.14","442.08M","-0.63%"
"May 30, 2018","385.49","383.98","385.49","383.21","296.91M","0.27%"
"May 29, 2018","384.47","388.82","388.82","382.84","384.52M","-1.37%"
"May 28, 2018","389.82","390.49","392.24","389.19","126.64M","-0.32%"
"May 25, 2018","391.08","391.20","392.91","389.72","266.44M","0.14%"
"May 24, 2018","390.54","392.66","394.11","389.51","235.07M","-0.52%"
"May 23, 2018","392.58","396.44","396.44","391.42","240.13M","-1.10%"
"May 22, 2018","396.94","396.02","397.86","395.66","228.13M","0.27%"
"May 21, 2018","395.87","394.83","396.41","394.83","189.22M","0.30%"
"May 18, 2018","394.67","395.37","396.04","393.79","280.10M","-0.28%"
"May 17, 2018","395.79","393.06","395.79","392.93","232.42M","0.66%"
"May 16, 2018","393.21","392.76","393.61","391.82","267.73M","0.21%"
"May 15, 2018","392.37","391.80","393.39","391.14","246.21M","0.05%"
"May 14, 2018","392.19","392.25","392.49","390.78","190.44M","-0.05%"
"May 11, 2018","392.40","391.96","392.56","391.54","201.49M","0.11%"
"May 10, 2018","391.97","391.93","392.77","390.55","221.67M","-0.12%"
"May 09, 2018","392.44","390.29","392.44","390.29","227.88M","0.63%"
"May 08, 2018","390.00","389.39","390.00","388.13","254.09M","0.13%"
"May 07, 2018","389.51","387.02","389.53","387.02","93.24M","0.64%"
"May 04, 2018","387.03","385.01","387.03","384.91","242.47M","0.63%"
"May 03, 2018","384.62","386.97","387.06","384.06","216.15M","-0.73%"
"May 02, 2018","387.44","385.06","387.85","385.06","240.86M","0.63%"
"May 01, 2018","385.03","385.42","385.81","384.88","170.16M","-0.08%"
"Apr 30, 2018","385.32","383.92","385.60","383.77","219.29M","0.18%"
"Apr 27, 2018","384.64","384.09","384.84","383.19","197.95M","0.23%"
"Apr 26, 2018","383.75","380.15","383.80","379.46","224.78M","0.94%"
"Apr 25, 2018","380.17","382.21","382.21","378.17","241.48M","-0.77%"
"Apr 24, 2018","383.11","383.23","384.34","381.52","235.88M","-0.02%"
"Apr 23, 2018","383.18","381.87","383.31","380.58","224.69M","0.35%"
"Apr 20, 2018","381.84","380.89","382.55","380.51","231.74M","-0.03%"
"Apr 19, 2018","381.95","381.78","382.41","381.16","207.20M","0.02%"
"Apr 18, 2018","381.86","380.45","382.01","380.30","216.97M","0.29%"
"Apr 17, 2018","380.77","377.98","381.50","377.95","213.09M","0.80%"
"Apr 16, 2018","377.74","379.18","379.56","377.05","187.92M","-0.39%"
"Apr 13, 2018","379.20","379.21","380.83","378.38","193.26M","0.10%"
"Apr 12, 2018","378.82","376.19","379.05","375.45","201.70M","0.70%"
"Apr 11, 2018","376.18","377.83","377.95","375.31","233.39M","-0.59%"
"Apr 10, 2018","378.42","376.52","378.48","376.52","230.76M","0.83%"
"Apr 09, 2018","375.30","375.43","377.11","373.88","204.14M","0.13%"
"Apr 06, 2018","374.82","374.90","376.21","373.89","209.67M","-0.35%"
"Apr 05, 2018","376.13","369.46","376.19","369.46","226.85M","2.40%"
"Apr 04, 2018","367.33","369.31","369.73","364.36","214.66M","-0.47%"
"Apr 03, 2018","369.07","369.71","370.66","366.93","207.71M","-0.49%"
"Mar 29, 2018","370.87","369.49","372.63","369.29","218.54M","0.44%"
"Mar 28, 2018","369.26","366.58","369.26","362.74","224.61M","0.46%"
"Mar 27, 2018","367.57","364.76","368.94","364.76","195.80M","1.21%"
"Mar 26, 2018","363.18","366.07","368.10","362.04","202.48M","-0.72%"
"Mar 23, 2018","365.82","367.87","367.92","363.05","270.03M","-0.90%"
"Mar 22, 2018","369.15","373.94","374.09","367.12","253.42M","-1.55%"
"Mar 21, 2018","374.96","375.66","375.98","373.69","205.41M","-0.16%"
"Mar 20, 2018","375.57","374.10","375.98","373.09","193.08M","0.51%"
"Mar 19, 2018","373.68","377.36","377.36","373.13","209.31M","-1.07%"
"Mar 16, 2018","377.71","376.67","379.10","376.56","410.02M","0.22%"
"Mar 15, 2018","376.88","375.33","377.54","374.56","228.07M","0.52%"
"Mar 14, 2018","374.94","375.31","377.71","374.37","209.54M","-0.15%"
"Mar 13, 2018","375.49","379.17","380.09","374.66","220.80M","-0.98%"
"Mar 12, 2018","379.20","379.10","380.11","378.11","183.29M","0.25%"
"Mar 09, 2018","378.24","376.47","378.89","376.11","207.63M","0.43%"
"Mar 08, 2018","376.62","372.57","377.06","372.42","232.92M","1.05%"
"Mar 07, 2018","372.71","370.72","373.36","369.18","234.66M","0.36%"
"Mar 06, 2018","371.37","371.61","374.13","371.36","238.18M","0.13%"
"Mar 05, 2018","370.87","366.80","371.17","366.24","245.79M","1.04%"
"Mar 02, 2018","367.04","373.27","373.27","366.57","295.36M","-2.09%"
"Mar 01, 2018","374.86","378.65","378.71","374.24","229.87M","-1.26%"
"Feb 28, 2018","379.63","381.97","382.24","379.63","236.34M","-0.71%"
"Feb 27, 2018","382.36","382.36","382.36","382.36","197.28M","-0.18%"
"Feb 26, 2018","383.06","382.23","384.13","382.14","169.91M","0.50%"
"Feb 23, 2018","381.16","381.02","381.46","379.33","199.36M","0.22%"
"Feb 22, 2018","380.34","379.87","380.86","376.92","228.66M","-0.20%"
"Feb 21, 2018","381.10","380.12","381.31","377.57","219.67M","0.16%"
"Feb 20, 2018","380.51","378.23","380.51","377.55","187.02M","0.60%"
"Feb 19, 2018","378.24","381.01","381.48","377.80","133.48M","-0.63%"
"Feb 16, 2018","380.62","377.48","381.18","377.48","197.04M","1.09%"
"Feb 15, 2018","376.51","375.13","378.32","375.13","224.93M","0.53%"
"Feb 14, 2018","374.53","371.39","375.18","369.45","261.17M","1.07%"
"Feb 13, 2018","370.58","373.10","374.00","370.58","198.92M","-0.63%"
"Feb 12, 2018","372.93","370.01","375.12","370.01","215.63M","1.17%"
"Feb 09, 2018","368.61","372.89","373.90","367.50","294.38M","-1.45%"
"Feb 08, 2018","374.03","380.43","380.43","373.21","290.49M","-1.60%"
"Feb 07, 2018","380.13","374.48","381.38","374.21","305.70M","1.97%"
"Feb 06, 2018","372.79","375.74","377.58","369.77","396.95M","-2.41%"
"Feb 05, 2018","382.00","386.86","386.86","381.64","251.42M","-1.56%"
"Feb 02, 2018","388.07","392.90","392.90","388.00","245.69M","-1.38%"
"Feb 01, 2018","393.49","396.43","398.50","392.71","250.79M","-0.50%"
"Jan 31, 2018","395.46","396.46","397.46","395.02","245.20M","-0.17%"
"Jan 30, 2018","396.12","398.43","398.82","395.57","233.46M","-0.92%"
"Jan 29, 2018","399.80","400.44","400.91","399.51","178.34M","-0.19%"
"Jan 26, 2018","400.57","398.60","401.06","398.58","189.27M","0.50%"
"Jan 25, 2018","398.56","400.52","401.87","397.57","216.46M","-0.56%"
"Jan 24, 2018","400.79","402.73","403.23","400.79","199.66M","-0.50%"
"Jan 23, 2018","402.81","402.78","403.72","401.97","205.86M","0.17%"
"Jan 22, 2018","402.11","401.00","402.16","400.56","206.73M","0.31%"
"Jan 19, 2018","400.88","398.91","401.15","398.78","219.88M","0.54%"
"Jan 18, 2018","398.73","398.50","399.49","397.46","208.66M","0.19%"
"Jan 17, 2018","397.97","397.52","398.76","396.94","217.48M","-0.10%"
"Jan 16, 2018","398.35","398.15","399.87","397.59","205.27M","0.13%"
"Jan 15, 2018","397.83","398.45","398.55","397.45","152.41M","-0.17%"
"Jan 12, 2018","398.49","397.42","398.87","396.95","250.44M","0.31%"
"Jan 11, 2018","397.25","398.86","399.12","396.56","248.80M","-0.34%"
"Jan 10, 2018","398.60","399.76","399.88","397.47","246.74M","-0.38%"
"Jan 09, 2018","400.11","398.49","400.31","398.49","196.02M","0.43%"
"Jan 08, 2018","398.41","397.92","398.96","397.72","181.33M","0.27%"
"Jan 05, 2018","397.35","393.98","397.35","393.98","184.70M","0.93%"
"Jan 04, 2018","393.68","391.11","394.26","391.11","218.30M","0.89%"
"Jan 03, 2018","390.22","388.74","391.10","388.74","178.57M","0.48%"
"Jan 02, 2018","388.35","389.15","389.28","386.78","167.61M","-0.21%"
"Dec 29, 2017","389.18","389.71","390.05","388.78","104.71M","-0.09%"
"Dec 28, 2017","389.54","390.68","390.82","389.09","105.55M","-0.26%"
"Dec 27, 2017","390.54","389.82","391.16","389.50","126.78M","0.07%"
"Dec 22, 2017","390.28","390.61","390.88","389.60","105.85M","-0.10%"
"Dec 21, 2017","390.69","387.96","390.84","386.81","180.00M","0.60%"
"Dec 20, 2017","388.37","391.03","391.17","387.78","185.41M","-0.68%"
"Dec 19, 2017","391.02","392.69","393.40","390.80","192.81M","-0.42%"
"Dec 18, 2017","392.66","389.01","393.01","389.01","192.73M","1.15%"
"Dec 15, 2017","388.19","388.54","388.67","387.07","352.73M","-0.19%"
"Dec 14, 2017","388.91","390.28","390.36","388.90","250.46M","-0.46%"
"Dec 13, 2017","390.70","391.56","391.56","390.70","268.94M","-0.24%"
"Dec 12, 2017","391.63","389.35","391.63","388.45","253.53M","0.66%"
"Dec 11, 2017","389.05","389.38","390.12","388.77","223.10M","-0.05%"
"Dec 08, 2017","389.25","387.77","390.17","387.77","262.01M","0.73%"
"Dec 07, 2017","386.41","386.16","387.75","385.63","237.69M","0.02%"
"Dec 06, 2017","386.32","385.88","386.96","383.00","223.05M","-0.11%"
"Dec 05, 2017","386.74","386.61","387.72","385.23","209.01M","-0.19%"
"Dec 04, 2017","387.47","384.89","388.99","384.89","198.44M","0.91%"
"Dec 01, 2017","383.97","386.72","387.45","383.21","227.55M","-0.70%"
"Nov 30, 2017","386.69","388.16","390.44","386.69","374.13M","-0.33%"
"Nov 29, 2017","387.96","388.89","390.70","387.92","251.43M","0.24%"
"Nov 28, 2017","387.02","385.06","387.30","384.74","199.60M","0.56%"
"Nov 27, 2017","384.87","386.14","387.76","384.87","168.60M","-0.46%"
"Nov 24, 2017","386.63","387.17","388.65","386.52","154.58M","-0.13%"
"Nov 23, 2017","387.12","386.32","387.68","384.65","163.80M","0.02%"
"Nov 22, 2017","387.06","388.20","389.68","387.06","201.80M","-0.27%"
"Nov 21, 2017","388.10","386.04","388.95","385.13","201.93M","0.44%"
"Nov 20, 2017","386.39","384.32","386.76","383.26","182.29M","0.67%"
"Nov 17, 2017","383.80","385.09","385.35","382.68","209.59M","-0.29%"
"Nov 16, 2017","384.93","382.79","385.30","382.79","221.40M","0.78%"
"Nov 15, 2017","381.96","383.44","383.44","379.94","251.14M","-0.49%"
"Nov 14, 2017","383.86","385.79","387.08","383.06","268.37M","-0.59%"
"Nov 13, 2017","386.13","388.15","388.81","384.05","208.06M","-0.66%"
"Nov 10, 2017","388.69","390.34","390.99","388.36","217.45M","-0.35%"
"Nov 09, 2017","390.07","394.58","394.74","389.64","245.02M","-1.11%"
"Nov 08, 2017","394.45","394.68","395.17","393.01","221.48M","-0.05%"
"Nov 07, 2017","394.65","397.04","397.80","394.31","200.65M","-0.49%"
"Nov 06, 2017","396.59","395.90","396.92","395.40","170.84M","0.13%"
"Nov 03, 2017","396.06","395.36","396.18","394.88","184.35M","0.28%"
"Nov 02, 2017","394.94","396.40","397.04","393.63","238.79M","-0.46%"
"Nov 01, 2017","396.77","395.91","398.05","395.91","251.69M","0.39%"
"Oct 31, 2017","395.22","394.02","395.53","393.95","188.22M","0.33%"
"Oct 30, 2017","393.91","393.24","394.49","392.82","198.99M","0.12%"
"Oct 27, 2017","393.43","392.25","393.76","392.22","247.95M","0.55%"
"Oct 26, 2017","391.27","387.02","391.45","386.44","278.29M","1.07%"
"Oct 25, 2017","387.13","388.98","390.52","386.74","214.67M","-0.57%"
"Oct 24, 2017","389.33","390.44","391.31","389.14","198.43M","-0.36%"
"Oct 23, 2017","390.74","390.65","391.59","389.80","153.27M","0.16%"
"Oct 20, 2017","390.13","389.39","390.51","389.32","208.78M","0.26%"
"Oct 19, 2017","389.11","391.17","391.17","387.81","218.26M","-0.63%"
"Oct 18, 2017","391.56","390.65","392.28","390.49","168.23M","0.29%"
"Oct 17, 2017","390.44","391.71","391.90","390.44","214.73M","-0.25%"
"Oct 16, 2017","391.41","392.09","392.42","391.30","185.51M","-0.00%"
"Oct 13, 2017","391.42","391.38","392.06","390.64","187.26M","0.29%"
"Oct 12, 2017","390.28","390.37","390.57","389.32","183.03M","0.03%"
"Oct 11, 2017","390.15","389.98","390.57","389.30","268.07M","-0.00%"
"Oct 10, 2017","390.16","389.81","390.61","389.37","198.44M","-0.01%"
"Oct 09, 2017","390.21","389.98","391.06","389.71","171.92M","0.19%"
"Oct 06, 2017","389.47","390.76","390.97","388.87","193.37M","-0.40%"
"Oct 05, 2017","391.03","389.83","391.03","389.27","222.08M","0.16%"
"Oct 04, 2017","390.40","390.95","391.09","389.30","254.28M","-0.08%"
"Oct 03, 2017","390.72","390.32","390.72","389.86","163.66M","0.15%"
"Oct 02, 2017","390.13","388.43","390.13","388.43","215.01M","0.51%"
"Sep 29, 2017","388.16","386.25","388.16","385.92","208.55M","0.47%"
"Sep 28, 2017","386.36","385.66","386.36","384.96","196.12M","0.19%"
"Sep 27, 2017","385.62","384.13","386.31","384.13","221.99M","0.41%"
"Sep 26, 2017","384.03","384.08","384.62","383.47","173.26M","0.03%"
"Sep 25, 2017","383.90","383.64","384.53","383.44","165.82M","0.18%"
"Sep 22, 2017","383.22","382.26","383.68","382.07","170.06M","0.09%"
"Sep 21, 2017","382.88","382.62","383.59","382.23","203.63M","0.24%"
"Sep 20, 2017","381.98","381.74","382.58","381.30","187.97M","-0.04%"
"Sep 19, 2017","382.12","381.26","382.16","380.97","182.53M","0.04%"
"Sep 18, 2017","381.95","381.93","383.08","381.56","187.76M","0.33%"
"Sep 15, 2017","380.71","381.98","381.98","380.02","355.87M","-0.28%"
"Sep 14, 2017","381.79","381.24","382.20","380.56","254.01M","0.12%"
"Sep 13, 2017","381.34","381.00","382.16","379.93","215.03M","-0.02%"
"Sep 12, 2017","381.42","379.80","381.98","379.80","197.49M","0.52%"
"Sep 11, 2017","379.43","376.39","379.43","376.39","175.05M","1.04%"
"Sep 08, 2017","375.51","374.33","375.64","373.42","170.70M","0.15%"
"Sep 07, 2017","374.95","374.13","375.91","373.40","188.06M","0.27%"
"Sep 06, 2017","373.95","372.96","374.63","371.62","196.61M","0.06%"
"Sep 05, 2017","373.71","374.19","375.89","373.41","159.64M","-0.12%"
"Sep 04, 2017","374.17","375.03","375.03","373.74","113.80M","-0.52%"
"Sep 01, 2017","376.14","374.56","376.85","374.56","160.84M","0.60%"
"Aug 31, 2017","373.88","371.73","374.79","371.73","217.12M","0.77%"
"Aug 30, 2017","371.01","369.89","371.62","369.88","159.32M","0.70%"
"Aug 29, 2017","368.42","371.23","371.23","365.99","205.18M","-1.04%"
"Aug 28, 2017","372.29","373.21","373.63","371.85","118.69M","-0.48%"
"Aug 25, 2017","374.07","374.93","376.19","374.07","137.48M","-0.12%"
"Aug 24, 2017","374.51","374.48","376.13","374.46","183.57M","0.16%"
"Aug 23, 2017","373.92","375.70","376.32","373.21","158.44M","-0.50%"
"Aug 22, 2017","375.80","373.41","375.97","373.41","164.30M","0.83%"
"Aug 21, 2017","372.72","373.45","374.51","371.73","145.02M","-0.40%"
"Aug 18, 2017","374.20","375.49","375.49","372.89","178.60M","-0.71%"
"Aug 17, 2017","376.87","378.67","379.48","376.67","164.52M","-0.59%"
"Aug 16, 2017","379.09","376.90","379.86","376.90","155.85M","0.69%"
"Aug 15, 2017","376.50","376.70","377.79","375.85","135.33M","0.09%"
"Aug 14, 2017","376.16","372.81","376.89","372.81","146.80M","1.08%"
"Aug 11, 2017","372.14","374.65","374.65","371.58","198.45M","-1.04%"
"Aug 10, 2017","376.05","379.51","379.51","375.42","182.63M","-1.00%"
"Aug 09, 2017","379.84","382.32","382.32","378.65","202.10M","-0.73%"
"Aug 08, 2017","382.65","381.85","383.23","380.81","155.09M","0.17%"
"Aug 07, 2017","382.01","382.40","383.14","381.40","150.20M","-0.14%"
"Aug 04, 2017","382.53","378.66","383.08","378.20","191.58M","0.95%"
"Aug 03, 2017","378.93","378.51","379.53","377.17","197.00M","0.08%"
"Aug 02, 2017","378.63","380.01","380.48","377.91","184.28M","-0.43%"
"Aug 01, 2017","380.26","378.24","381.12","377.96","193.12M","0.64%"
"Jul 31, 2017","377.85","378.42","380.07","377.57","216.16M","-0.13%"
"Jul 28, 2017","378.34","380.78","380.78","377.24","214.99M","-1.04%"
"Jul 27, 2017","382.32","382.40","383.64","381.51","223.08M","-0.11%"
"Jul 26, 2017","382.74","380.76","383.73","380.75","192.28M","0.52%"
"Jul 25, 2017","380.77","379.04","382.38","379.04","214.09M","0.41%"
"Jul 24, 2017","379.23","380.52","380.77","378.00","234.84M","-0.24%"
"Jul 21, 2017","380.16","383.77","384.55","379.01","213.67M","-1.02%"
"Jul 20, 2017","384.07","385.37","387.34","382.94","211.42M","-0.38%"
"Jul 19, 2017","385.54","383.77","385.70","383.17","194.44M","0.77%"
"Jul 18, 2017","382.58","386.21","386.29","382.03","196.12M","-1.11%"
"Jul 17, 2017","386.86","387.11","387.89","385.92","162.88M","0.01%"
"Jul 14, 2017","386.84","386.43","386.84","385.49","194.60M","0.18%"
"Jul 13, 2017","386.14","385.22","387.18","385.04","225.54M","0.32%"
"Jul 12, 2017","384.90","379.24","385.58","379.24","212.64M","1.52%"
"Jul 11, 2017","379.15","381.79","382.97","378.95","183.72M","-0.65%"
"Jul 10, 2017","381.64","380.77","382.21","380.63","168.55M","0.38%"
"Jul 07, 2017","380.18","380.31","380.33","378.83","190.35M","-0.07%"
"Jul 06, 2017","380.43","382.97","382.97","378.45","224.93M","-0.67%"
"Jul 05, 2017","382.99","382.30","383.28","381.12","230.63M","0.18%"
"Jul 04, 2017","382.30","382.84","383.57","381.74","170.92M","-0.29%"
"Jul 03, 2017","383.41","379.96","383.80","379.96","204.89M","1.06%"
"Jun 30, 2017","379.37","380.68","382.80","379.04","263.33M","-0.34%"
"Jun 29, 2017","380.66","386.23","387.73","380.22","288.30M","-1.34%"
"Jun 28, 2017","385.82","384.95","386.58","382.01","274.12M","-0.04%"
"Jun 27, 2017","385.98","388.64","388.64","385.57","226.55M","-0.79%"
"Jun 26, 2017","389.05","388.35","390.91","388.35","199.99M","0.37%"
"Jun 23, 2017","387.62","388.66","388.76","386.41","201.35M","-0.23%"
"Jun 22, 2017","388.53","388.21","388.71","386.10","216.68M","0.01%"
"Jun 21, 2017","388.50","388.69","389.09","385.83","230.72M","-0.18%"
"Jun 20, 2017","389.21","391.96","393.26","389.21","228.70M","-0.70%"
"Jun 19, 2017","391.94","389.83","392.45","389.83","175.47M","0.86%"
"Jun 16, 2017","388.60","386.49","388.68","386.49","467.44M","0.66%"
"Jun 15, 2017","386.05","387.53","387.53","383.74","278.72M","-0.39%"
"Jun 14, 2017","387.58","389.48","391.44","387.58","259.60M","-0.30%"
"Jun 13, 2017","388.75","387.28","389.49","387.28","206.34M","0.55%"
"Jun 12, 2017","386.62","389.60","389.60","386.17","212.58M","-0.97%"
"Jun 09, 2017","390.39","387.56","390.64","387.56","264.87M","0.32%"
"Jun 08, 2017","389.15","389.42","390.51","388.37","264.74M","-0.01%"
"Jun 07, 2017","389.18","389.32","391.81","388.45","265.80M","-0.06%"
"Jun 06, 2017","389.40","391.30","391.30","388.86","234.19M","-0.67%"
"Jun 05, 2017","392.04","392.71","392.87","391.65","171.90M","-0.13%"
"Jun 02, 2017","392.55","392.16","394.68","391.75","258.01M","0.23%"
"Jun 01, 2017","391.66","389.55","391.93","389.55","262.73M","0.43%"
"May 31, 2017","389.99","390.09","392.27","389.51","455.41M","-0.13%"
"May 30, 2017","390.50","390.51","391.00","388.97","224.20M","-0.19%"
"May 29, 2017","391.25","391.66","391.66","390.78","184.57M","-0.03%"
"May 26, 2017","391.35","391.50","391.57","389.44","224.75M","-0.20%"
"May 25, 2017","392.14","392.70","392.85","391.79","186.62M","-0.06%"
"May 24, 2017","392.37","392.42","392.78","391.63","220.77M","0.09%"
"May 23, 2017","392.02","390.79","392.62","390.47","221.17M","0.22%"
"May 22, 2017","391.14","391.90","392.48","390.80","214.86M","-0.09%"
"May 19, 2017","391.51","389.12","391.70","389.12","265.11M","0.60%"
"May 18, 2017","389.19","390.60","390.60","386.46","334.24M","-0.50%"
"May 17, 2017","391.14","394.76","395.44","390.15","285.98M","-1.20%"
"May 16, 2017","395.91","395.72","396.44","394.75","258.84M","-0.02%"
"May 15, 2017","395.97","396.10","396.55","394.70","223.00M","0.09%"
"May 12, 2017","395.63","394.57","395.63","394.20","260.01M","0.31%"
"May 11, 2017","394.39","396.47","396.47","393.47","287.64M","-0.52%"
"May 10, 2017","396.45","395.82","396.45","394.61","261.79M","0.16%"
"May 09, 2017","395.81","394.46","396.24","394.46","240.67M","0.45%"
"May 08, 2017","394.04","394.94","395.15","393.27","261.18M","-0.13%"
"May 05, 2017","394.54","391.44","394.54","390.45","301.54M","0.65%"
"May 04, 2017","391.98","389.71","391.98","389.71","317.79M","0.67%"
"May 03, 2017","389.37","389.34","389.39","388.46","215.29M","-0.04%"
"May 02, 2017","389.53","386.69","389.53","386.69","253.60M","0.75%"
"May 01, 2017","386.64","386.88","386.99","386.57","256.22M","-0.12%"
"Apr 28, 2017","387.09","387.36","387.67","386.73","305.52M","-0.18%"
"Apr 27, 2017","387.79","388.17","388.21","386.83","292.60M","-0.24%"
"Apr 26, 2017","388.73","386.61","388.88","386.29","286.03M","0.47%"
"Apr 25, 2017","386.91","386.21","387.99","386.15","268.09M","0.21%"
"Apr 24, 2017","386.09","379.05","386.23","379.05","408.18M","2.11%"
"Apr 21, 2017","378.12","378.22","379.21","377.17","286.52M","0.02%"
"Apr 20, 2017","378.06","376.96","378.55","376.28","248.43M","0.22%"
"Apr 19, 2017","377.24","376.47","378.02","376.23","276.54M","0.24%"
"Apr 18, 2017","376.35","380.96","381.37","376.35","284.60M","-1.11%"
"Apr 13, 2017","380.58","381.36","381.36","379.85","210.09M","-0.35%"
"Apr 12, 2017","381.90","381.78","383.91","381.60","244.03M","0.19%"
"Apr 11, 2017","381.18","380.57","382.52","379.31","244.20M","-0.02%"
"Apr 10, 2017","381.25","381.64","381.67","380.40","186.25M","-0.00%"
"Apr 07, 2017","381.26","380.02","381.26","378.90","214.58M","0.13%"
"Apr 06, 2017","380.77","379.04","380.98","377.16","235.25M","0.18%"
"Apr 05, 2017","380.09","380.07","381.71","379.82","228.89M","0.02%"
"Apr 04, 2017","380.03","379.05","380.08","378.63","242.60M","0.20%"
"Apr 03, 2017","379.29","382.19","382.74","379.26","238.10M","-0.49%"
"Mar 31, 2017","381.14","380.42","381.50","378.76","260.44M","0.18%"
"Mar 30, 2017","380.46","378.58","380.48","378.42","214.84M","0.51%"
"Mar 29, 2017","378.53","377.18","378.61","376.72","222.11M","0.33%"
"Mar 28, 2017","377.30","375.55","377.37","375.25","235.14M","0.61%"
"Mar 27, 2017","375.01","375.44","375.44","372.93","221.39M","-0.40%"
"Mar 24, 2017","376.51","376.87","376.88","375.38","203.35M","-0.18%"
"Mar 23, 2017","377.20","374.11","377.20","373.56","245.36M","0.85%"
"Mar 22, 2017","374.03","374.61","374.61","371.97","275.42M","-0.44%"
"Mar 21, 2017","375.67","377.86","379.22","375.28","274.02M","-0.53%"
"Mar 20, 2017","377.68","377.95","378.41","377.15","191.86M","-0.17%"
"Mar 17, 2017","378.32","376.79","378.50","376.24","428.17M","0.16%"
"Mar 16, 2017","377.73","375.91","377.76","375.91","322.17M","0.70%"
"Mar 15, 2017","375.10","374.21","375.19","373.90","238.68M","0.44%"
"Mar 14, 2017","373.46","374.30","374.33","372.59","248.43M","-0.31%"
"Mar 13, 2017","374.64","373.25","375.08","373.19","199.67M","0.38%"
"Mar 10, 2017","373.23","373.42","374.89","373.02","292.02M","0.09%"
"Mar 09, 2017","372.89","372.53","373.44","371.08","309.89M","0.08%"
"Mar 08, 2017","372.58","372.22","373.43","371.24","240.67M","0.08%"
"Mar 07, 2017","372.27","373.05","373.45","371.60","219.72M","-0.27%"
"Mar 06, 2017","373.27","374.43","374.43","372.42","214.67M","-0.52%"
"Mar 03, 2017","375.23","374.90","375.23","373.82","264.61M","-0.10%"
"Mar 02, 2017","375.61","375.62","376.15","374.91","263.34M","-0.02%"
"Mar 01, 2017","375.69","371.52","375.77","371.52","323.06M","1.47%"
"Feb 28, 2017","370.24","369.69","370.64","369.13","277.58M","0.19%"
"Feb 27, 2017","369.52","369.72","370.58","368.47","231.08M","-0.13%"
"Feb 24, 2017","370.01","372.71","372.75","367.70","273.09M","-0.76%"
"Feb 23, 2017","372.85","373.23","374.21","372.43","265.79M","-0.14%"
"Feb 22, 2017","373.38","374.13","375.43","372.54","298.98M","-0.01%"
"Feb 21, 2017","373.40","371.20","373.94","369.94","235.04M","0.64%"
"Feb 20, 2017","371.04","371.19","371.89","370.40","170.97M","0.22%"
"Feb 17, 2017","370.22","370.28","370.64","367.74","253.11M","0.03%"
"Feb 16, 2017","370.10","371.35","371.56","369.46","217.49M","-0.37%"
"Feb 15, 2017","371.47","370.68","372.09","370.24","231.88M","0.34%"
"Feb 14, 2017","370.20","370.17","370.36","369.14","220.40M","0.02%"
"Feb 13, 2017","370.13","367.82","370.90","367.82","201.40M","0.75%"
"Feb 10, 2017","367.39","367.08","368.10","366.29","244.56M","0.16%"
"Feb 09, 2017","366.79","364.55","367.04","364.21","247.85M","0.78%"
"Feb 08, 2017","363.94","363.84","365.01","361.79","280.06M","0.33%"
"Feb 07, 2017","362.74","361.94","363.87","361.39","232.28M","0.32%"
"Feb 06, 2017","361.60","364.34","364.91","361.50","220.78M","-0.68%"
"Feb 03, 2017","364.07","362.68","364.81","362.51","258.06M","0.59%"
"Feb 02, 2017","361.95","362.83","363.56","361.41","260.24M","-0.34%"
"Feb 01, 2017","363.20","361.19","364.83","361.19","252.59M","0.86%"
"Jan 31, 2017","360.12","362.48","363.86","360.12","289.30M","-0.67%"
"Jan 30, 2017","362.55","365.90","365.90","361.99","245.07M","-1.05%"
"Jan 27, 2017","366.38","367.14","367.19","365.35","244.80M","-0.30%"
"Jan 26, 2017","367.50","367.42","368.85","366.99","279.51M","0.25%"
"Jan 25, 2017","366.59","363.04","366.92","363.04","324.43M","1.29%"
"Jan 24, 2017","361.92","361.30","362.42","360.97","276.97M","0.25%"
"Jan 23, 2017","361.01","362.18","362.18","359.92","206.89M","-0.43%"
"Jan 20, 2017","362.58","362.48","363.64","361.39","250.76M","-0.07%"
"Jan 19, 2017","362.85","363.21","364.14","361.66","242.69M","-0.06%"
"Jan 18, 2017","363.07","362.62","363.58","361.03","227.88M","0.18%"
"Jan 17, 2017","362.42","362.70","363.76","360.46","241.31M","-0.15%"
"Jan 16, 2017","362.97","364.52","364.52","362.97","189.10M","-0.81%"
"Jan 13, 2017","365.94","363.12","365.94","363.12","249.01M","0.95%"
"Jan 12, 2017","362.51","364.23","364.45","361.97","255.48M","-0.65%"
"Jan 11, 2017","364.90","364.26","366.37","362.84","252.76M","0.23%"
"Jan 10, 2017","364.07","363.48","364.33","362.23","251.39M","0.11%"
"Jan 09, 2017","363.67","365.10","365.53","363.04","219.82M","-0.49%"
"Jan 06, 2017","365.45","365.07","365.78","364.33","185.54M","-0.05%"
"Jan 05, 2017","365.64","364.02","365.92","363.66","224.31M","0.10%"
"Jan 04, 2017","365.26","365.61","366.19","363.95","230.27M","-0.12%"
"Jan 03, 2017","365.71","364.25","367.07","364.25","262.62M","0.70%"
"Jan 02, 2017","363.18","361.24","363.76","360.90","117.04M","0.49%"