date,carbonpulse_emission,carbonpulse_co2,carbonpulse_climate,carbonpulse_carbon,carbonpulse_ ets ,carbonpulse_green deal,carbonpulse_emission trading scheme,carbonpulse_emission trading system,carbonpulse_sum,gdelt_emission,gdelt_co2,gdelt_climate,gdelt_carbon,gdelt_ ets ,gdelt_green deal,gdelt_emission trading scheme,gdelt_emission trading system,gdelt_sum,sum
2017-03-01,1,0,1,0,0,0,0,0,2,0,0,0,3,0,0,0,0,3,10
2017-04-01,0,0,0,0,0,0,0,0,0,2,0,0,1,0,0,0,0,3,6
2017-05-01,0,0,0,0,0,0,0,0,0,0,0,11,15,1,0,0,0,27,54
2017-06-01,0,0,0,0,0,0,0,0,0,0,0,0,1,0,0,0,0,1,2
2017-07-01,0,0,0,0,0,0,0,0,0,0,0,0,0,0,0,0,0,0,0
2017-08-01,0,0,0,0,0,0,0,0,0,0,0,0,0,0,0,0,0,0,0
2017-09-01,0,0,2,0,0,0,0,0,2,5,2,0,2,2,0,0,0,11,26
2017-10-01,0,0,0,0,0,0,0,0,0,0,0,0,2,0,0,0,0,2,4
2017-11-01,1,0,2,0,0,0,0,0,3,0,0,0,1,0,0,0,0,1,8
2017-12-01,0,0,0,0,0,0,0,0,0,0,0,1,2,0,0,0,0,3,6
2017-01-13,0,0,0,0,0,0,0,0,0,0,0,2,1,1,0,0,0,4,8
2017-01-14,0,0,0,0,0,0,0,0,0,0,0,0,0,0,0,0,0,0,0
2017-01-15,0,0,0,0,0,0,0,0,0,0,0,0,0,0,0,0,0,0,0
2017-01-16,0,0,3,1,0,0,0,0,4,1,0,0,3,1,0,0,0,5,18
2017-01-17,0,0,1,0,0,0,0,0,1,0,0,2,1,2,0,0,0,5,12
2017-01-18,0,0,1,0,0,0,0,0,1,0,0,0,1,1,0,0,0,2,6
2017-01-19,0,0,0,0,0,0,0,0,0,0,1,0,3,1,0,0,0,5,10
2017-01-20,0,0,4,0,0,0,0,0,4,0,0,0,2,0,0,0,0,2,12
2017-01-21,0,0,0,0,0,0,0,0,0,0,0,0,0,0,0,0,0,0,0
2017-01-22,0,0,0,0,0,0,0,0,0,0,0,0,0,0,0,0,0,0,0
2017-01-23,0,0,1,0,0,0,0,0,1,0,0,0,4,0,0,0,0,4,10
2017-01-24,0,0,0,0,0,0,0,0,0,1,0,1,5,4,0,0,0,11,22
2017-01-25,0,0,0,0,0,0,0,0,0,4,0,0,0,4,0,0,0,8,16
2017-01-26,0,0,0,0,0,0,0,0,0,0,0,0,1,0,0,0,0,1,2
2017-01-27,0,0,0,0,0,0,0,0,0,0,0,0,2,2,0,0,0,4,8
2017-01-28,0,0,0,0,0,0,0,0,0,0,0,0,0,0,0,0,0,0,0
2017-01-29,0,0,0,0,0,0,0,0,0,0,0,0,0,0,0,0,0,0,0
2017-01-30,1,0,3,0,0,0,0,0,4,0,0,0,1,0,0,0,0,1,10
2017-01-31,0,0,0,0,0,0,0,0,0,4,6,1,6,9,0,0,0,26,52
2017-01-02,0,0,0,0,0,0,0,0,0,0,1,0,2,0,0,0,0,3,6
2017-02-02,0,0,3,0,0,0,0,0,3,0,0,0,2,2,0,0,0,4,14
2017-03-02,0,0,0,0,0,0,0,0,0,1,0,0,3,1,0,0,0,5,10
2017-04-02,0,0,0,0,0,0,0,0,0,0,0,0,0,0,0,0,0,0,0
2017-05-02,0,0,0,0,0,0,0,0,0,0,0,0,0,0,0,0,0,0,0
2017-06-02,9,0,0,1,0,0,0,0,10,0,0,0,1,2,0,0,0,3,26
2017-07-02,0,0,3,0,0,0,0,0,3,5,4,2,5,4,0,0,0,20,46
2017-08-02,0,0,2,0,0,0,0,0,2,0,0,0,1,1,0,0,0,2,8
2017-09-02,0,0,1,0,0,0,0,0,1,1,1,0,2,3,0,0,0,7,16
2017-10-02,0,0,0,0,0,0,0,0,0,0,0,0,1,0,0,0,0,1,2
2017-11-02,0,0,0,0,0,0,0,0,0,0,0,0,0,0,0,0,0,0,0
2017-12-02,0,0,0,0,0,0,0,0,0,0,0,0,0,0,0,0,0,0,0
2017-02-13,0,0,1,0,0,0,0,0,1,0,0,0,2,2,0,0,0,4,10
2017-02-14,12,3,5,6,6,0,0,0,32,22,0,5,9,33,0,0,0,69,202
2017-02-15,12,0,5,12,4,0,0,1,34,14,0,1,12,17,0,0,0,44,156
2017-02-16,0,0,0,0,0,0,0,0,0,0,0,1,2,5,0,0,0,8,16
2017-02-17,0,0,1,0,0,0,0,0,1,0,2,0,1,1,0,0,0,4,10
2017-02-18,0,0,0,0,0,0,0,0,0,0,0,0,0,0,0,0,0,0,0
2017-02-19,0,0,0,0,0,0,0,0,0,0,0,0,0,0,0,0,0,0,0
2017-02-20,0,0,3,0,0,0,0,0,3,0,0,0,1,0,0,0,0,1,8
2017-02-21,0,0,0,0,0,0,0,0,0,2,0,1,1,1,0,0,0,5,10
2017-02-22,0,0,0,0,0,0,0,0,0,0,0,0,1,0,0,0,0,1,2
2017-02-23,0,0,1,0,0,0,0,0,1,2,0,1,3,1,0,0,0,7,16
2017-02-24,0,0,0,0,0,0,0,0,0,7,0,6,10,7,0,0,0,30,60
2017-02-25,0,0,0,0,0,0,0,0,0,0,0,0,0,0,0,0,0,0,0
2017-02-26,0,0,0,0,0,0,0,0,0,0,0,0,0,0,0,0,0,0,0
2017-02-27,0,0,0,0,0,0,0,0,0,0,0,0,5,3,0,0,0,8,16
2017-02-28,0,0,0,0,0,0,0,0,0,0,0,0,1,5,0,0,0,6,12
2017-01-03,0,0,0,0,0,0,0,0,0,0,0,0,2,3,0,0,0,5,10
2017-02-03,0,0,0,0,0,0,0,0,0,0,0,0,3,0,0,0,0,3,6
2017-03-03,0,0,1,0,0,0,0,0,1,2,0,0,7,2,0,0,0,11,24
2017-04-03,0,0,0,0,0,0,0,0,0,0,0,0,0,0,0,0,0,0,0
2017-05-03,0,0,0,0,0,0,0,0,0,0,0,0,0,0,0,0,0,0,0
2017-06-03,2,0,4,2,5,0,0,0,13,26,6,5,12,6,0,0,0,55,136
2017-07-03,0,0,0,1,0,0,0,0,1,0,1,0,2,0,0,0,0,3,8
2017-08-03,0,0,0,0,0,0,0,0,0,1,0,0,5,1,0,0,0,7,14
2017-09-03,0,0,0,0,0,0,0,0,0,0,0,0,1,0,0,0,0,1,2
2017-10-03,0,0,0,0,0,0,0,0,0,2,0,0,2,3,0,0,0,7,14
2017-11-03,0,0,0,0,0,0,0,0,0,0,0,0,0,0,0,0,0,0,0
2017-12-03,0,0,0,0,0,0,0,0,0,0,0,0,0,0,0,0,0,0,0
2017-03-13,0,0,0,0,0,0,0,0,0,0,0,0,1,0,0,0,0,1,2
2017-03-14,0,0,1,0,0,0,0,0,1,1,1,0,3,0,0,0,0,5,12
2017-03-15,0,0,0,0,0,0,0,0,0,0,0,0,5,0,0,0,0,5,10
2017-03-16,0,0,1,0,0,0,0,0,1,0,0,0,3,0,0,0,0,3,8
2017-03-17,0,0,2,0,0,0,0,0,2,0,0,0,2,1,0,0,0,3,10
2017-03-18,0,0,0,0,0,0,0,0,0,0,0,0,0,0,0,0,0,0,0
2017-03-19,0,0,0,0,0,0,0,0,0,0,0,0,0,0,0,0,0,0,0
2017-03-20,3,0,0,0,0,0,0,0,3,0,0,0,1,0,0,0,0,1,8
2017-03-21,0,0,0,0,0,0,0,0,0,0,0,0,1,0,0,0,0,1,2
2017-03-22,0,0,3,0,0,0,0,0,3,0,0,0,1,0,0,0,0,1,8
2017-03-23,0,0,0,0,0,0,0,0,0,0,0,0,1,0,0,0,0,1,2
2017-03-24,0,0,1,0,0,0,0,0,1,3,0,0,2,4,0,0,0,9,20
2017-03-25,0,0,0,0,0,0,0,0,0,0,0,0,0,0,0,0,0,0,0
2017-03-26,0,0,0,0,0,0,0,0,0,0,0,0,0,0,0,0,0,0,0
2017-03-27,0,0,0,0,0,0,0,0,0,0,0,0,1,2,0,0,0,3,6
2017-03-28,0,0,0,0,0,0,0,0,0,0,0,0,1,0,0,0,0,1,2
2017-03-29,1,0,7,1,0,0,0,0,9,0,2,0,4,1,0,0,0,7,32
2017-03-30,0,0,0,0,0,0,0,0,0,4,0,0,1,0,0,0,0,5,10
2017-03-31,0,0,3,0,0,0,0,0,3,0,0,0,3,1,0,0,0,4,14
2017-01-04,0,0,0,0,0,0,0,0,0,0,0,0,0,0,0,0,0,0,0
2017-02-04,0,0,0,0,0,0,0,0,0,0,0,0,0,0,0,0,0,0,0
2017-03-04,0,0,1,0,0,0,0,0,1,0,1,0,3,0,0,0,0,4,10
2017-04-04,0,0,0,0,0,0,0,0,0,1,0,0,1,5,0,0,0,7,14
2017-05-04,0,0,0,0,0,0,0,0,0,0,0,0,1,0,0,0,0,1,2
2017-06-04,0,0,0,0,0,0,0,0,0,2,0,0,3,3,0,0,0,8,16
2017-07-04,0,0,2,0,0,0,0,0,2,0,0,0,1,2,0,0,0,3,10
2017-08-04,0,0,0,0,0,0,0,0,0,0,0,0,0,0,0,0,0,0,0
2017-09-04,0,0,0,0,0,0,0,0,0,0,0,0,0,0,0,0,0,0,0
2017-10-04,0,0,2,0,0,0,0,0,2,0,0,0,1,1,0,0,0,2,8
2017-11-04,1,0,0,2,0,0,0,0,3,0,0,0,3,0,0,0,0,3,12
2017-12-04,0,0,0,0,0,0,0,0,0,0,0,0,1,0,0,0,0,1,2
2017-04-13,0,0,0,0,0,0,0,0,0,0,0,0,1,0,0,0,0,1,2
2017-04-14,0,0,0,0,0,0,0,0,0,0,0,0,0,0,0,0,0,0,0
2017-04-15,0,0,0,0,0,0,0,0,0,0,0,0,0,0,0,0,0,0,0
2017-04-16,0,0,0,0,0,0,0,0,0,0,0,0,0,0,0,0,0,0,0
2017-04-17,0,0,1,0,0,0,0,0,1,0,0,0,0,0,0,0,0,0,2
2017-04-18,0,0,0,0,0,0,0,0,0,0,0,0,1,0,0,0,0,1,2
2017-04-19,0,0,1,0,0,0,0,0,1,1,0,1,2,1,0,0,0,5,12
2017-04-20,0,0,0,0,0,0,0,0,0,0,0,1,2,3,0,0,0,6,12
2017-04-21,1,0,13,1,0,0,0,0,15,0,0,0,2,2,0,0,0,4,38
2017-04-22,0,0,0,0,0,0,0,0,0,0,0,0,0,0,0,0,0,0,0
2017-04-23,0,0,0,0,0,0,0,0,0,0,0,0,0,0,0,0,0,0,0
2017-04-24,0,0,1,0,0,0,0,0,1,0,0,0,1,2,0,0,0,3,8
2017-04-25,0,0,1,0,0,0,0,0,1,0,0,0,1,0,0,0,0,1,4
2017-04-26,0,0,1,0,0,0,0,0,1,0,0,0,1,2,0,0,0,3,8
2017-04-27,0,0,1,0,0,0,0,0,1,0,0,0,1,2,0,0,0,3,8
2017-04-28,0,0,0,0,0,0,0,0,0,2,0,0,2,2,0,0,0,6,12
2017-04-29,0,0,0,0,0,0,0,0,0,0,0,0,0,0,0,0,0,0,0
2017-04-30,0,0,0,0,0,0,0,0,0,0,0,0,0,0,0,0,0,0,0
2017-01-05,0,0,0,1,0,0,0,0,1,0,0,0,0,0,0,0,0,0,2
2017-02-05,0,0,0,0,0,0,0,0,0,0,0,0,5,3,0,0,0,8,16
2017-03-05,0,0,0,0,0,0,0,0,0,1,0,0,2,3,0,0,0,6,12
2017-04-05,0,0,4,0,0,0,0,0,4,0,0,0,1,0,0,0,0,1,10
2017-05-05,0,0,0,0,0,0,0,0,0,0,0,0,1,0,0,0,0,1,2
2017-06-05,0,0,0,0,0,0,0,0,0,0,0,0,0,0,0,0,0,0,0
2017-07-05,0,0,0,0,0,0,0,0,0,0,0,0,0,0,0,0,0,0,0
2017-08-05,0,0,1,0,0,0,0,0,1,0,0,2,4,2,0,0,0,8,18
2017-09-05,0,0,2,0,0,0,0,0,2,1,0,0,3,0,0,0,0,4,12
2017-10-05,0,0,0,0,0,0,0,0,0,0,0,0,1,0,0,0,0,1,2
2017-11-05,0,0,6,0,0,0,0,0,6,0,0,0,2,1,0,0,0,3,18
2017-12-05,0,0,0,0,0,0,0,0,0,0,0,0,2,3,0,0,0,5,10
2017-05-13,0,0,0,0,0,0,0,0,0,0,0,0,0,0,0,0,0,0,0
2017-05-14,0,0,0,0,0,0,0,0,0,0,0,0,0,0,0,0,0,0,0
2017-05-15,0,0,0,0,0,0,0,0,0,0,0,0,1,0,0,0,0,1,2
2017-05-16,0,0,2,0,0,0,0,0,2,0,0,0,1,0,0,0,0,1,6
2017-05-17,1,0,0,0,0,0,0,0,1,2,0,0,1,3,0,0,0,6,14
2017-05-18,5,0,4,0,0,0,0,0,9,2,1,0,3,0,0,0,0,6,30
2017-05-19,5,0,0,0,0,0,0,0,5,0,0,0,1,2,0,0,0,3,16
2017-05-20,0,0,0,0,0,0,0,0,0,0,0,0,0,0,0,0,0,0,0
2017-05-21,0,0,0,0,0,0,0,0,0,0,0,0,0,0,0,0,0,0,0
2017-05-22,0,0,0,0,0,0,0,0,0,1,1,0,1,0,0,0,0,3,6
2017-05-23,0,0,0,1,0,0,0,0,1,2,0,0,15,5,0,0,0,22,46
2017-05-24,0,0,3,0,0,0,0,0,3,2,0,0,2,4,0,0,0,8,22
2017-05-25,3,0,15,6,0,0,0,0,24,0,0,0,1,0,0,0,0,1,50
2017-05-26,5,0,5,6,0,0,0,0,16,0,0,0,1,0,0,0,0,1,34
2017-05-27,0,0,0,0,0,0,0,0,0,0,0,0,0,0,0,0,0,0,0
2017-05-28,0,0,0,0,0,0,0,0,0,0,0,0,0,0,0,0,0,0,0
2017-05-29,2,0,12,1,0,0,0,0,15,0,0,0,0,2,0,0,0,2,34
2017-05-30,0,0,0,0,0,0,0,0,0,1,0,1,1,4,0,0,0,7,14
2017-05-31,21,0,52,10,0,0,0,0,83,0,0,0,1,0,0,0,0,1,168
2017-01-06,9,0,33,2,0,0,0,0,44,0,0,0,1,2,0,0,0,3,94
2017-02-06,9,0,26,3,0,0,0,0,38,0,0,0,1,0,0,0,0,1,78
2017-03-06,0,0,0,0,0,0,0,0,0,0,0,0,0,0,0,0,0,0,0
2017-04-06,0,0,0,0,0,0,0,0,0,0,0,0,0,0,0,0,0,0,0
2017-05-06,0,0,8,0,0,0,0,0,8,1,0,0,2,1,0,0,0,4,24
2017-06-06,3,0,10,1,0,0,0,0,14,0,0,0,1,0,0,0,0,1,30
2017-07-06,0,0,19,0,0,0,0,0,19,0,0,0,2,0,0,0,0,2,42
2017-08-06,0,0,0,0,0,0,0,0,0,0,0,2,3,0,0,0,0,5,10
2017-09-06,0,0,2,0,0,0,0,0,2,0,0,0,1,2,0,0,0,3,10
2017-10-06,0,0,0,0,0,0,0,0,0,0,0,0,0,0,0,0,0,0,0
2017-11-06,0,0,0,0,0,0,0,0,0,0,0,0,0,0,0,0,0,0,0
2017-12-06,0,0,2,0,0,0,0,0,2,0,0,3,4,0,0,0,0,7,18
2017-06-13,0,0,1,0,0,0,0,0,1,0,0,3,1,0,0,0,0,4,10
2017-06-14,1,0,6,1,0,0,0,0,8,0,0,0,1,4,0,0,0,5,26
2017-06-15,1,0,5,0,0,0,0,0,6,0,0,0,2,1,0,0,0,3,18
2017-06-16,0,0,1,0,0,0,0,0,1,0,0,0,1,0,0,0,0,1,4
2017-06-17,0,0,0,0,0,0,0,0,0,0,0,0,0,0,0,0,0,0,0
2017-06-18,0,0,0,0,0,0,0,0,0,0,0,0,0,0,0,0,0,0,0
2017-06-19,0,0,2,0,0,0,0,0,2,1,0,0,1,2,0,0,0,4,12
2017-06-20,0,0,1,0,0,0,0,0,1,0,0,0,1,0,0,0,0,1,4
2017-06-21,0,0,0,3,0,0,0,0,3,0,0,0,1,0,0,0,0,1,8
2017-06-22,0,0,0,1,0,0,0,0,1,0,0,0,3,3,0,0,0,6,14
2017-06-23,0,0,0,0,0,0,0,0,0,0,0,0,1,2,0,0,0,3,6
2017-06-24,0,0,0,0,0,0,0,0,0,0,0,0,0,0,0,0,0,0,0
2017-06-25,0,0,0,0,0,0,0,0,0,0,0,0,0,0,0,0,0,0,0
2017-06-26,0,0,1,0,0,0,0,0,1,0,0,1,16,3,0,0,0,20,42
2017-06-27,0,0,0,0,0,0,0,0,0,0,0,0,1,3,0,0,0,4,8
2017-06-28,1,0,2,1,0,0,0,0,4,0,1,0,3,1,0,0,0,5,18
2017-06-29,0,0,0,0,0,0,0,0,0,0,0,0,1,0,0,0,0,1,2
2017-06-30,1,0,0,0,0,0,0,0,1,0,0,0,1,0,0,0,0,1,4
2017-01-07,0,0,0,0,0,0,0,0,0,0,0,0,0,0,0,0,0,0,0
2017-02-07,0,0,0,0,0,0,0,0,0,0,0,0,0,0,0,0,0,0,0
2017-03-07,0,0,1,0,0,0,0,0,1,0,0,0,1,0,0,0,0,1,4
2017-04-07,0,0,2,0,0,0,0,0,2,0,0,0,1,0,0,0,0,1,6
2017-05-07,0,0,0,0,0,0,0,0,0,4,0,0,2,0,0,0,0,6,12
2017-06-07,0,0,4,0,0,0,0,0,4,0,1,2,2,2,0,0,0,7,22
2017-07-07,0,0,2,0,0,0,0,0,2,1,0,0,0,2,0,0,0,3,10
2017-08-07,0,0,0,0,0,0,0,0,0,0,0,0,0,0,0,0,0,0,0
2017-09-07,0,0,0,0,0,0,0,0,0,0,0,0,0,0,0,0,0,0,0
2017-10-07,2,0,17,2,0,0,0,0,21,0,0,0,1,4,0,0,0,5,52
2017-11-07,0,0,1,0,0,0,0,0,1,0,0,1,1,1,0,0,0,3,8
2017-12-07,0,0,2,0,0,0,0,0,2,14,0,5,20,5,0,0,0,44,92
2017-07-13,0,0,1,0,0,0,0,0,1,2,1,0,1,2,0,0,0,6,14
2017-07-14,0,0,0,0,0,0,0,0,0,0,0,0,2,1,0,0,0,3,6
2017-07-15,0,0,0,0,0,0,0,0,0,0,0,0,0,0,0,0,0,0,0
2017-07-16,0,0,0,0,0,0,0,0,0,0,0,0,0,0,0,0,0,0,0
2017-07-17,0,0,0,0,0,0,0,0,0,0,0,0,1,1,0,0,0,2,4
2017-07-18,0,0,1,0,0,0,0,0,1,0,0,0,1,0,0,0,0,1,4
2017-07-19,0,0,1,0,0,0,0,0,1,0,0,0,5,0,0,0,0,5,12
2017-07-20,0,0,3,0,0,0,0,0,3,0,2,0,3,3,0,0,0,8,22
2017-07-21,0,0,0,0,0,0,0,0,0,0,0,0,2,3,0,0,0,5,10
2017-07-22,0,0,0,0,0,0,0,0,0,0,0,0,0,0,0,0,0,0,0
2017-07-23,0,0,0,0,0,0,0,0,0,0,0,0,0,0,0,0,0,0,0
2017-07-24,0,0,0,0,0,0,0,0,0,0,0,0,1,0,0,0,0,1,2
2017-07-25,0,0,0,0,0,0,0,0,0,0,0,0,1,0,0,0,0,1,2
2017-07-26,0,0,0,0,0,0,0,0,0,0,0,0,2,4,0,0,0,6,12
2017-07-27,0,0,0,0,0,0,0,0,0,0,0,0,1,0,0,0,0,1,2
2017-07-28,4,0,0,0,0,0,0,0,4,0,0,2,1,0,0,0,0,3,14
2017-07-29,0,0,0,0,0,0,0,0,0,0,0,0,0,0,0,0,0,0,0
2017-07-30,0,0,0,0,0,0,0,0,0,0,0,0,0,0,0,0,0,0,0
2017-07-31,0,0,1,0,0,0,0,0,1,0,2,0,3,0,0,0,0,5,12
2017-01-08,1,0,0,0,0,0,0,0,1,0,0,0,2,0,0,0,0,2,6
2017-02-08,0,0,0,0,0,0,0,0,0,0,1,1,2,0,0,0,0,4,8
2017-03-08,0,0,0,0,0,0,0,0,0,0,0,0,1,0,0,0,0,1,2
2017-04-08,0,0,0,0,0,0,0,0,0,0,0,0,2,0,0,0,0,2,4
2017-05-08,0,0,0,0,0,0,0,0,0,0,0,0,0,0,0,0,0,0,0
2017-06-08,0,0,0,0,0,0,0,0,0,0,0,0,0,0,0,0,0,0,0
2017-07-08,0,0,0,0,0,0,0,0,0,1,0,0,2,0,0,0,0,3,6
2017-08-08,0,0,4,0,0,0,0,0,4,0,0,0,1,0,0,0,0,1,10
2017-09-08,0,0,0,0,0,0,0,0,0,0,0,0,1,0,0,0,0,1,2
2017-10-08,0,0,0,0,0,0,0,0,0,0,0,0,1,0,0,0,0,1,2
2017-11-08,0,0,1,0,0,0,0,0,1,0,0,0,1,0,0,0,0,1,4
2017-12-08,0,0,0,0,0,0,0,0,0,0,0,0,0,0,0,0,0,0,0
2017-08-13,0,0,0,0,0,0,0,0,0,0,0,0,0,0,0,0,0,0,0
2017-08-14,0,0,4,0,0,0,0,0,4,0,0,0,1,0,0,0,0,1,10
2017-08-15,0,0,1,0,0,0,0,0,1,0,0,0,0,0,0,0,0,0,2
2017-08-16,0,0,0,0,0,0,0,0,0,0,0,0,2,1,0,0,0,3,6
2017-08-17,0,0,1,0,0,0,0,0,1,0,0,0,3,0,0,0,0,3,8
2017-08-18,0,0,0,0,0,0,0,0,0,0,0,0,2,0,0,0,0,2,4
2017-08-19,0,0,0,0,0,0,0,0,0,0,0,0,0,0,0,0,0,0,0
2017-08-20,0,0,0,0,0,0,0,0,0,0,0,0,0,0,0,0,0,0,0
2017-08-21,0,0,0,0,0,0,0,0,0,0,0,0,0,0,0,0,0,0,0
2017-08-22,1,0,0,0,0,0,0,0,1,0,0,0,0,0,0,0,0,0,2
2017-08-23,0,0,0,1,0,0,0,0,1,0,0,0,1,0,0,0,0,1,4
2017-08-24,0,0,0,0,0,0,0,0,0,1,0,2,21,9,0,0,0,33,66
2017-08-25,0,0,0,0,0,0,0,0,0,0,0,0,1,0,0,0,0,1,2
2017-08-26,0,0,0,0,0,0,0,0,0,0,0,0,0,0,0,0,0,0,0
2017-08-27,0,0,0,0,0,0,0,0,0,0,0,0,0,0,0,0,0,0,0
2017-08-28,0,0,1,0,0,0,0,0,1,0,0,0,0,0,0,0,0,0,2
2017-08-29,0,0,0,0,0,0,0,0,0,1,0,1,1,0,0,0,0,3,6
2017-08-30,0,0,0,0,0,0,0,0,0,0,0,0,3,0,0,0,0,3,6
2017-08-31,0,0,1,0,0,0,0,0,1,0,0,0,1,2,0,0,0,3,8
2017-01-09,0,0,0,0,0,0,0,0,0,0,0,0,3,0,0,0,0,3,6
2017-02-09,0,0,0,0,0,0,0,0,0,0,0,0,0,0,0,0,0,0,0
2017-03-09,0,0,0,0,0,0,0,0,0,0,0,0,0,0,0,0,0,0,0
2017-04-09,0,0,2,0,0,0,0,0,2,0,0,3,10,7,0,0,0,20,44
2017-05-09,0,0,1,0,0,0,0,0,1,0,0,0,1,0,0,0,0,1,4
2017-06-09,0,0,1,0,0,0,0,0,1,0,0,1,1,0,0,0,0,2,6
2017-07-09,0,0,0,0,0,0,0,0,0,2,0,7,27,5,0,0,0,41,82
2017-08-09,0,0,0,0,0,0,0,0,0,3,1,4,8,12,0,0,0,28,56
2017-09-09,0,0,0,0,0,0,0,0,0,0,0,0,0,0,0,0,0,0,0
2017-10-09,0,0,0,0,0,0,0,0,0,0,0,0,0,0,0,0,0,0,0
2017-11-09,0,0,0,0,0,0,0,0,0,0,0,0,2,4,0,0,0,6,12
2017-12-09,0,0,0,1,0,0,0,0,1,0,0,0,1,0,0,0,0,1,4
2017-09-13,0,0,0,0,0,0,0,0,0,1,0,2,3,5,0,0,0,11,22
2017-09-14,0,0,0,0,0,0,0,0,0,0,0,0,6,2,0,0,0,8,16
2017-09-15,0,0,0,0,0,0,0,0,0,0,0,0,1,0,0,0,0,1,2
2017-09-16,0,0,0,0,0,0,0,0,0,0,0,0,0,0,0,0,0,0,0
2017-09-17,0,0,0,0,0,0,0,0,0,0,0,0,0,0,0,0,0,0,0
2017-09-18,1,0,4,0,0,0,0,0,5,1,2,1,4,0,0,0,0,8,26
2017-09-19,0,0,5,1,0,0,0,0,6,1,0,0,1,3,0,0,0,5,22
2017-09-20,0,0,2,0,0,0,0,0,2,3,1,2,23,5,0,0,0,34,72
2017-09-21,0,0,4,0,0,0,0,0,4,0,0,0,2,2,0,0,0,4,16
2017-09-22,0,0,0,0,0,0,0,0,0,0,0,0,1,1,0,0,0,2,4
2017-09-23,0,0,0,0,0,0,0,0,0,0,0,0,0,0,0,0,0,0,0
2017-09-24,0,0,0,0,0,0,0,0,0,0,0,0,0,0,0,0,0,0,0
2017-09-25,0,0,3,0,0,0,0,0,3,1,0,1,4,1,0,0,0,7,20
2017-09-26,0,0,1,0,0,0,0,0,1,0,1,0,4,0,0,0,0,5,12
2017-09-27,3,1,1,7,0,0,0,0,12,0,0,0,11,4,0,0,0,15,54
2017-09-28,0,0,1,0,0,0,0,0,1,2,0,1,11,5,0,0,0,19,40
2017-09-29,0,0,0,0,0,0,0,0,0,0,0,0,3,0,0,0,0,3,6
2017-09-30,0,0,0,0,0,0,0,0,0,0,0,0,0,0,0,0,0,0,0
2017-01-10,0,0,0,0,0,0,0,0,0,0,0,0,0,0,0,0,0,0,0
2017-02-10,0,0,5,1,0,0,0,0,6,1,0,0,3,2,0,0,0,6,24
2017-03-10,3,1,2,1,7,0,0,0,14,0,0,0,1,0,0,0,0,1,30
2017-04-10,0,0,1,0,0,0,0,0,1,1,0,1,4,2,0,0,0,8,18
2017-05-10,1,0,1,1,0,0,0,0,3,0,0,0,3,1,0,0,0,4,14
2017-06-10,0,0,3,0,0,0,0,0,3,0,0,0,2,2,0,0,0,4,14
2017-07-10,0,0,0,0,0,0,0,0,0,0,0,0,0,0,0,0,0,0,0
2017-08-10,0,0,0,0,0,0,0,0,0,0,0,0,0,0,0,0,0,0,0
2017-09-10,0,0,0,0,0,0,0,0,0,0,0,0,2,6,0,0,0,8,16
2017-10-10,2,0,25,2,0,0,0,0,29,0,0,0,3,1,0,0,0,4,66
2017-11-10,0,0,1,0,0,0,0,0,1,0,0,1,3,4,0,0,0,8,18
2017-12-10,1,0,7,0,0,0,0,0,8,2,0,0,6,2,0,0,0,10,36
2017-10-13,0,0,3,0,0,0,0,0,3,0,0,0,1,6,0,0,0,7,20
2017-10-14,0,0,0,0,0,0,0,0,0,0,0,0,0,0,0,0,0,0,0
2017-10-15,0,0,0,0,0,0,0,0,0,0,0,0,0,0,0,0,0,0,0
2017-10-16,3,0,4,4,0,0,0,0,11,0,0,0,2,0,0,0,0,2,26
2017-10-17,0,0,0,0,0,0,0,0,0,0,0,0,3,0,0,0,0,3,6
2017-10-18,0,0,7,0,0,0,0,0,7,1,0,0,4,3,0,0,0,8,30
2017-10-19,0,0,0,0,0,0,0,0,0,1,1,1,2,2,0,0,0,7,14
2017-10-20,0,0,0,0,0,0,0,0,0,0,0,1,3,4,0,0,0,8,16
2017-10-21,0,0,0,0,0,0,0,0,0,0,0,0,0,0,0,0,0,0,0
2017-10-22,0,0,0,0,0,0,0,0,0,0,0,0,0,0,0,0,0,0,0
2017-10-23,6,0,4,0,0,0,0,0,10,0,0,0,3,0,0,0,0,3,26
2017-10-24,0,0,0,0,0,0,0,0,0,2,0,0,1,2,0,0,0,5,10
2017-10-25,0,0,0,0,0,0,0,0,0,1,0,0,3,2,0,0,0,6,12
2017-10-26,0,0,0,0,0,0,0,0,0,1,1,0,2,0,0,0,0,4,8
2017-10-27,0,0,0,0,0,0,0,0,0,2,0,0,2,1,0,0,0,5,10
2017-10-28,0,0,0,0,0,0,0,0,0,0,0,0,0,0,0,0,0,0,0
2017-10-29,0,0,0,0,0,0,0,0,0,0,0,0,0,0,0,0,0,0,0
2017-10-30,0,0,4,0,0,0,0,0,4,0,0,0,0,3,0,0,0,3,14
2017-10-31,0,0,1,0,0,0,0,0,1,0,0,0,2,3,0,0,0,5,12
2017-01-11,0,1,1,0,0,0,0,0,2,0,0,0,3,0,0,0,0,3,10
2017-02-11,0,0,0,0,0,0,0,0,0,0,0,0,2,0,0,0,0,2,4
2017-03-11,0,0,1,0,0,0,0,0,1,0,0,0,1,1,0,0,0,2,6
2017-04-11,0,0,0,0,0,0,0,0,0,0,0,0,0,0,0,0,0,0,0
2017-05-11,0,0,0,0,0,0,0,0,0,0,0,0,0,0,0,0,0,0,0
2017-06-11,0,0,0,0,0,0,0,0,0,0,0,0,1,1,0,0,0,2,4
2017-07-11,0,0,0,0,0,0,0,0,0,3,2,0,5,1,0,0,0,11,22
2017-08-11,2,0,2,0,0,0,0,0,4,3,1,7,3,14,0,0,0,28,64
2017-09-11,0,0,1,0,0,0,0,0,1,0,0,0,3,3,0,0,0,6,14
2017-10-11,0,0,2,3,0,0,0,0,5,0,0,0,1,1,0,0,0,2,14
2017-11-11,0,0,0,0,0,0,0,0,0,0,0,0,0,0,0,0,0,0,0
2017-12-11,0,0,0,0,0,0,0,0,0,0,0,0,0,0,0,0,0,0,0
2017-11-13,10,0,11,9,0,0,0,0,30,0,1,0,2,1,0,0,0,4,68
2017-11-14,0,0,0,0,0,0,0,0,0,0,0,0,3,0,0,0,0,3,6
2017-11-15,5,1,6,1,0,0,0,0,13,0,0,0,3,1,0,0,0,4,34
2017-11-16,0,0,1,0,0,0,0,0,1,1,0,0,1,2,0,0,0,4,10
2017-11-17,0,0,0,0,0,0,0,0,0,0,0,0,1,0,0,0,0,1,2
2017-11-18,0,0,0,0,0,0,0,0,0,0,0,0,0,0,0,0,0,0,0
2017-11-19,0,0,0,0,0,0,0,0,0,0,0,0,0,0,0,0,0,0,0
2017-11-20,0,0,3,0,0,0,0,0,3,0,0,0,2,6,0,0,0,8,22
2017-11-21,0,0,2,0,0,0,0,0,2,0,0,0,2,4,0,0,0,6,16
2017-11-22,0,0,0,0,0,0,0,0,0,0,0,1,5,4,0,0,0,10,20
2017-11-23,0,0,0,0,0,0,0,0,0,0,0,0,3,0,0,0,0,3,6
2017-11-24,0,0,0,0,0,0,0,0,0,0,0,2,1,2,0,0,0,5,10
2017-11-25,0,0,0,0,0,0,0,0,0,0,0,0,0,0,0,0,0,0,0
2017-11-26,0,0,0,0,0,0,0,0,0,0,0,0,0,0,0,0,0,0,0
2017-11-27,0,0,0,1,0,0,0,0,1,0,0,0,1,0,0,0,0,1,4
2017-11-28,0,0,1,0,0,0,0,0,1,1,0,3,6,4,0,0,0,14,30
2017-11-29,0,0,2,0,0,0,0,0,2,0,0,0,2,0,0,0,0,2,8
2017-11-30,0,0,1,0,0,0,0,0,1,0,0,0,1,2,0,0,0,3,8
2017-01-12,0,0,0,0,0,0,0,0,0,0,0,0,1,2,0,0,0,3,6
2017-02-12,0,0,0,0,0,0,0,0,0,0,0,0,0,0,0,0,0,0,0
2017-03-12,0,0,0,0,0,0,0,0,0,0,0,0,0,0,0,0,0,0,0
2017-04-12,0,0,0,0,0,0,0,0,0,0,0,2,2,1,0,0,0,5,10
2017-05-12,0,0,0,0,0,0,0,0,0,0,1,1,2,0,0,0,0,4,8
2017-06-12,0,0,0,0,0,0,0,0,0,2,0,0,4,2,0,0,0,8,16
2017-07-12,0,0,0,0,0,0,0,0,0,2,0,0,3,1,0,0,0,6,12
2017-08-12,0,0,0,0,0,0,0,0,0,0,0,0,1,2,0,0,0,3,6
2017-09-12,0,0,0,0,0,0,0,0,0,0,0,0,0,0,0,0,0,0,0
2017-10-12,0,0,0,0,0,0,0,0,0,0,0,0,0,0,0,0,0,0,0
2017-11-12,2,1,1,0,0,0,0,0,4,0,0,0,1,2,0,0,0,3,14
2017-12-12,1,0,13,2,0,0,0,0,16,1,0,1,2,0,0,0,0,4,40
2017-12-13,0,0,1,0,0,0,0,0,1,0,0,1,3,2,0,0,0,6,14
2017-12-14,0,0,0,0,0,0,0,0,0,0,0,2,1,2,0,0,0,5,10
2017-12-15,0,0,0,0,0,0,0,0,0,0,0,0,1,0,0,0,0,1,2
2017-12-16,0,0,0,0,0,0,0,0,0,0,0,0,0,0,0,0,0,0,0
2017-12-17,0,0,0,0,0,0,0,0,0,0,0,0,0,0,0,0,0,0,0
2017-12-18,0,0,0,0,0,0,0,0,0,0,0,0,1,0,0,0,0,1,2
2017-12-19,0,0,0,0,0,0,0,0,0,0,0,0,1,0,0,0,0,1,2
2017-12-20,0,0,0,0,0,0,0,0,0,0,0,0,1,2,0,0,0,3,6
2017-12-21,0,0,14,1,0,0,0,0,15,1,0,2,0,2,0,0,0,5,40
2017-12-22,4,0,2,1,0,0,0,0,7,0,0,0,0,0,0,0,0,0,14
2017-12-23,0,0,0,0,0,0,0,0,0,0,0,0,0,0,0,0,0,0,0
2017-12-24,0,0,0,0,0,0,0,0,0,0,0,0,0,0,0,0,0,0,0
2017-12-25,0,0,0,0,0,0,0,0,0,0,0,0,0,0,0,0,0,0,0
2017-12-26,0,0,0,0,0,0,0,0,0,0,0,0,0,0,0,0,0,0,0
2017-12-27,0,0,0,0,0,0,0,0,0,0,0,0,0,0,0,0,0,0,0
2017-12-28,0,0,0,0,0,0,0,0,0,0,0,0,0,0,0,0,0,0,0
2017-12-29,1,0,5,0,0,0,0,0,6,0,0,0,0,0,0,0,0,0,12
2017-12-30,0,0,0,0,0,0,0,0,0,0,0,0,0,0,0,0,0,0,0
2017-12-31,0,0,0,0,0,0,0,0,0,0,0,0,0,0,0,0,0,0,0
2018-01-01,0,0,0,0,0,0,0,0,0,0,0,0,0,0,0,0,0,0,0
2018-02-01,0,0,0,0,0,0,0,0,0,0,1,0,2,0,0,0,0,3,6
2018-03-01,0,0,0,0,0,0,0,0,0,0,0,0,3,0,0,0,0,3,6
2018-04-01,0,0,0,0,0,0,0,0,0,0,0,0,1,0,0,0,0,1,2
2018-05-01,0,0,1,0,0,0,0,0,1,2,1,0,3,0,0,0,0,6,14
2018-06-01,0,0,0,0,0,0,0,0,0,0,0,0,0,0,0,0,0,0,0
2018-07-01,0,0,0,0,0,0,0,0,0,0,0,0,0,0,0,0,0,0,0
2018-08-01,0,0,5,1,0,0,0,0,6,0,0,2,0,0,0,0,0,2,16
2018-09-01,0,0,0,0,0,0,0,0,0,0,0,1,1,0,0,0,0,2,4
2018-10-01,0,0,0,0,0,0,0,0,0,0,0,0,1,2,0,0,0,3,6
2018-11-01,0,0,0,0,0,0,0,0,0,3,0,0,1,0,0,0,0,4,8
2018-12-01,0,0,0,0,0,0,0,0,0,0,0,3,2,1,0,0,0,6,12
2018-01-13,0,0,0,0,0,0,0,0,0,0,0,0,0,0,0,0,0,0,0
2018-01-14,0,0,0,0,0,0,0,0,0,0,0,0,0,0,0,0,0,0,0
2018-01-15,0,0,1,0,0,0,0,0,1,0,0,0,2,2,0,0,0,4,10
2018-01-16,0,0,0,0,0,0,0,0,0,0,0,0,1,0,0,0,0,1,2
2018-01-17,0,0,0,0,0,0,0,0,0,3,0,1,4,1,0,0,0,9,18
2018-01-18,0,0,0,0,0,0,0,0,0,1,2,0,3,0,0,0,0,6,12
2018-01-19,0,0,0,1,0,0,0,0,1,0,0,0,3,0,0,0,0,3,8
2018-01-20,0,0,0,0,0,0,0,0,0,0,0,0,0,0,0,0,0,0,0
2018-01-21,0,0,0,0,0,0,0,0,0,0,0,0,0,0,0,0,0,0,0
2018-01-22,0,0,6,1,0,0,0,0,7,2,0,0,2,1,0,0,0,5,24
2018-01-23,0,0,0,0,0,0,0,0,0,0,0,0,1,0,0,0,0,1,2
2018-01-24,0,0,0,0,0,0,0,0,0,0,0,0,1,0,0,0,0,1,2
2018-01-25,0,0,2,0,0,0,0,0,2,1,0,1,2,2,0,0,0,6,16
2018-01-26,1,1,3,1,0,0,0,0,6,0,0,0,1,0,0,0,0,1,14
2018-01-27,0,0,0,0,0,0,0,0,0,0,0,0,0,0,0,0,0,0,0
2018-01-28,0,0,0,0,0,0,0,0,0,0,0,0,0,0,0,0,0,0,0
2018-01-29,0,0,2,0,0,0,0,0,2,0,0,0,3,0,0,0,0,3,10
2018-01-30,0,0,0,0,0,0,0,0,0,2,0,1,4,2,0,0,0,9,18
2018-01-31,0,0,1,0,0,0,0,0,1,0,0,0,0,0,0,0,0,0,2
2018-01-02,0,0,0,0,0,0,0,0,0,0,0,0,2,0,0,0,0,2,4
2018-02-02,0,0,0,0,0,0,0,0,0,0,2,0,1,0,0,0,0,3,6
2018-03-02,0,0,0,0,0,0,0,0,0,0,0,0,0,0,0,0,0,0,0
2018-04-02,0,0,0,0,0,0,0,0,0,0,0,0,0,0,0,0,0,0,0
2018-05-02,0,0,0,0,0,0,0,0,0,0,0,0,1,0,0,0,0,1,2
2018-06-02,0,0,0,0,0,0,0,0,0,2,0,0,1,3,0,0,0,6,12
2018-07-02,0,0,0,0,0,0,0,0,0,0,0,2,2,0,0,0,0,4,8
2018-08-02,0,0,0,0,0,0,0,0,0,0,0,0,3,0,0,0,0,3,6
2018-09-02,1,0,13,0,0,0,0,0,14,0,0,0,1,0,0,0,0,1,30
2018-10-02,0,0,0,0,0,0,0,0,0,0,0,0,0,0,0,0,0,0,0
2018-11-02,0,0,0,0,0,0,0,0,0,0,0,0,0,0,0,0,0,0,0
2018-12-02,0,0,0,0,0,0,0,0,0,0,0,0,3,0,0,0,0,3,6
2018-02-13,0,0,0,0,0,0,0,0,0,0,0,1,1,2,0,0,0,4,8
2018-02-14,0,0,0,0,0,0,0,0,0,0,0,0,0,0,0,0,0,0,0
2018-02-15,0,0,1,2,0,0,0,0,3,0,0,0,1,0,0,0,0,1,8
2018-02-16,0,0,0,0,0,0,0,0,0,0,0,0,1,0,0,0,0,1,2
2018-02-17,0,0,0,0,0,0,0,0,0,0,0,0,0,0,0,0,0,0,0
2018-02-18,0,0,0,0,0,0,0,0,0,0,0,0,0,0,0,0,0,0,0
2018-02-19,1,0,1,0,0,0,0,0,2,0,0,0,1,0,0,0,0,1,6
2018-02-20,0,0,0,0,0,0,0,0,0,0,0,0,2,1,0,0,0,3,6
2018-02-21,0,0,1,0,0,0,0,0,1,1,0,2,2,4,0,0,0,9,20
2018-02-22,0,0,1,0,0,0,0,0,1,0,0,0,1,0,0,0,0,1,4
2018-02-23,0,0,2,1,0,0,0,0,3,0,0,0,1,2,0,0,0,3,12
2018-02-24,0,0,0,0,0,0,0,0,0,0,0,0,0,0,0,0,0,0,0
2018-02-25,0,0,0,0,0,0,0,0,0,0,0,0,0,0,0,0,0,0,0
2018-02-26,0,0,0,0,0,0,0,0,0,0,0,0,1,2,0,0,0,3,6
2018-02-27,0,0,2,0,0,0,0,0,2,14,1,3,23,12,0,0,0,53,110
2018-02-28,0,0,2,0,0,0,0,0,2,0,1,0,3,4,0,0,0,8,20
2018-01-03,0,0,1,0,0,0,0,0,1,0,0,0,3,1,0,0,0,4,10
2018-02-03,0,0,1,0,0,0,0,0,1,3,0,0,14,4,0,0,0,21,44
2018-03-03,0,0,0,0,0,0,0,0,0,0,0,0,0,0,0,0,0,0,0
2018-04-03,0,0,0,0,0,0,0,0,0,0,0,0,0,0,0,0,0,0,0
2018-05-03,0,0,0,0,0,0,0,0,0,0,1,0,2,0,0,0,0,3,6
2018-06-03,4,3,0,0,0,0,0,0,7,0,0,1,3,1,0,0,0,5,24
2018-07-03,0,0,0,0,0,0,0,0,0,1,0,0,1,0,0,0,0,2,4
2018-08-03,0,0,0,0,0,0,0,0,0,0,1,0,2,2,0,0,0,5,10
2018-09-03,0,0,1,0,0,0,0,0,1,0,0,0,1,3,0,0,0,4,10
2018-10-03,0,0,0,0,0,0,0,0,0,0,0,0,0,0,0,0,0,0,0
2018-11-03,0,0,0,0,0,0,0,0,0,0,0,0,0,0,0,0,0,0,0
2018-12-03,0,0,1,0,0,0,0,0,1,0,0,0,1,0,0,0,0,1,4
2018-03-13,0,0,0,0,0,0,0,0,0,1,0,0,2,0,0,0,0,3,6
2018-03-14,0,0,0,0,0,0,0,0,0,0,0,0,2,2,0,0,0,4,8
2018-03-15,0,0,0,0,0,0,0,0,0,2,0,0,2,2,0,0,0,6,12
2018-03-16,0,0,2,1,0,0,0,0,3,2,0,0,1,0,0,0,0,3,12
2018-03-17,0,0,0,0,0,0,0,0,0,0,0,0,0,0,0,0,0,0,0
2018-03-18,0,0,0,0,0,0,0,0,0,0,0,0,0,0,0,0,0,0,0
2018-03-19,0,0,3,1,0,0,0,0,4,0,0,0,3,1,0,0,0,4,16
2018-03-20,0,0,0,0,0,0,0,0,0,0,0,0,0,3,0,0,0,3,6
2018-03-21,0,0,1,0,0,0,0,0,1,0,0,1,1,2,0,0,0,4,10
2018-03-22,0,0,0,0,0,0,0,0,0,0,1,2,3,0,0,0,0,6,12
2018-03-23,0,0,2,0,0,0,0,0,2,1,2,0,5,2,0,0,0,10,24
2018-03-24,0,0,0,0,0,0,0,0,0,0,0,0,0,0,0,0,0,0,0
2018-03-25,0,0,0,0,0,0,0,0,0,0,0,0,0,0,0,0,0,0,0
2018-03-26,0,0,0,0,0,0,0,0,0,2,2,0,2,2,0,0,0,8,16
2018-03-27,0,0,0,0,0,0,0,0,0,2,1,0,3,2,0,0,0,8,16
2018-03-28,0,0,0,0,0,0,0,0,0,0,0,0,2,1,0,0,0,3,6
2018-03-29,0,0,0,0,0,0,0,0,0,2,0,0,2,0,0,0,0,4,8
2018-03-30,0,0,0,0,0,0,0,0,0,0,0,0,0,0,0,0,0,0,0
2018-03-31,0,0,0,0,0,0,0,0,0,0,0,0,0,0,0,0,0,0,0
2018-01-04,0,0,0,0,0,0,0,0,0,0,0,0,0,0,0,0,0,0,0
2018-02-04,0,0,0,0,0,0,0,0,0,2,1,0,4,0,0,0,0,7,14
2018-03-04,0,0,1,0,0,0,0,0,1,2,0,0,3,4,0,0,0,9,20
2018-04-04,0,0,0,0,0,0,0,0,0,0,0,0,1,0,0,0,0,1,2
2018-05-04,0,0,0,0,0,0,0,0,0,0,0,0,2,2,0,0,0,4,8
2018-06-04,0,0,0,0,0,0,0,0,0,0,0,0,2,0,0,0,0,2,4
2018-07-04,0,0,0,0,0,0,0,0,0,0,0,0,0,0,0,0,0,0,0
2018-08-04,0,0,0,0,0,0,0,0,0,0,0,0,0,0,0,0,0,0,0
2018-09-04,0,0,1,1,0,0,0,0,2,4,0,2,3,1,0,0,0,10,24
2018-10-04,0,0,0,1,0,0,0,0,1,2,0,0,1,0,0,0,0,3,8
2018-11-04,0,0,0,0,0,0,0,0,0,1,2,0,0,0,0,0,0,3,6
2018-12-04,0,0,0,0,0,0,0,0,0,3,0,0,2,0,0,0,0,5,10
2018-04-13,0,0,0,0,0,0,0,0,0,3,0,0,1,0,0,0,0,4,8
2018-04-14,0,0,0,0,0,0,0,0,0,0,0,0,0,0,0,0,0,0,0
2018-04-15,0,0,0,0,0,0,0,0,0,0,0,0,0,0,0,0,0,0,0
2018-04-16,0,0,0,0,0,0,0,0,0,0,0,0,3,0,0,0,0,3,6
2018-04-17,0,0,1,0,0,0,0,0,1,1,0,2,2,4,0,0,0,9,20
2018-04-18,1,0,2,0,0,0,0,0,3,0,0,2,1,2,0,0,0,5,16
2018-04-19,0,0,2,2,0,0,0,0,4,0,0,0,1,0,0,0,0,1,10
2018-04-20,0,0,0,0,0,0,0,0,0,0,0,0,2,0,0,0,0,2,4
2018-04-21,0,0,0,0,0,0,0,0,0,0,0,0,0,0,0,0,0,0,0
2018-04-22,0,0,0,0,0,0,0,0,0,0,0,0,0,0,0,0,0,0,0
2018-04-23,0,0,1,0,0,0,0,0,1,0,0,0,3,0,0,0,0,3,8
2018-04-24,0,0,2,0,0,0,0,0,2,0,0,0,2,0,0,0,0,2,8
2018-04-25,1,0,6,2,0,0,0,0,9,0,2,0,7,1,0,0,0,10,38
2018-04-26,0,0,1,0,0,0,0,0,1,2,1,0,4,1,0,0,0,8,18
2018-04-27,0,0,4,0,0,0,0,0,4,0,1,0,2,1,0,0,0,4,16
2018-04-28,0,0,0,0,0,0,0,0,0,0,0,0,0,0,0,0,0,0,0
2018-04-29,0,0,0,0,0,0,0,0,0,0,0,0,0,0,0,0,0,0,0
2018-04-30,0,0,0,0,0,0,0,0,0,0,0,0,2,0,0,0,0,2,4
2018-01-05,0,0,2,0,0,0,0,0,2,0,0,0,1,0,0,0,0,1,6
2018-02-05,0,0,2,0,0,0,0,0,2,0,0,2,1,4,0,0,0,7,18
2018-03-05,0,0,3,0,0,0,0,0,3,0,0,0,1,0,0,0,0,1,8
2018-04-05,0,0,0,0,0,0,0,0,0,3,2,0,2,1,0,0,0,8,16
2018-05-05,0,0,0,0,0,0,0,0,0,0,0,0,0,0,0,0,0,0,0
2018-06-05,0,0,0,0,0,0,0,0,0,0,0,0,0,0,0,0,0,0,0
2018-07-05,0,0,0,0,0,0,0,0,0,0,0,0,0,0,0,0,0,0,0
2018-08-05,0,0,2,0,0,0,0,0,2,0,0,0,3,0,0,0,0,3,10
2018-09-05,0,0,2,0,0,0,0,0,2,0,0,0,0,0,0,0,0,0,4
2018-10-05,0,0,2,0,0,0,0,0,2,1,1,1,0,0,0,0,0,3,10
2018-11-05,0,0,0,0,0,0,0,0,0,0,0,0,3,2,0,0,0,5,10
2018-12-05,0,0,0,0,0,0,0,0,0,0,0,0,0,0,0,0,0,0,0
2018-05-13,0,0,0,0,0,0,0,0,0,0,0,0,0,0,0,0,0,0,0
2018-05-14,0,0,1,0,0,0,0,0,1,0,0,0,1,0,0,0,0,1,4
2018-05-15,1,0,0,1,0,0,0,0,2,0,0,0,5,4,0,0,0,9,22
2018-05-16,0,0,3,1,0,0,0,0,4,0,0,0,3,0,0,0,0,3,14
2018-05-17,0,0,0,0,0,0,0,0,0,1,0,2,1,0,0,0,0,4,8
2018-05-18,0,0,1,0,0,0,0,0,1,2,2,0,3,2,0,0,0,9,20
2018-05-19,0,0,0,0,0,0,0,0,0,0,0,0,0,0,0,0,0,0,0
2018-05-20,0,0,0,0,0,0,0,0,0,0,0,0,0,0,0,0,0,0,0
2018-05-21,0,0,0,0,0,0,0,0,0,0,0,0,2,0,0,0,0,2,4
2018-05-22,0,0,0,0,0,0,0,0,0,1,1,2,4,1,0,0,0,9,18
2018-05-23,0,0,1,0,0,0,0,0,1,0,0,0,3,0,0,0,0,3,8
2018-05-24,0,0,1,1,0,0,0,0,2,2,0,0,3,0,0,0,0,5,14
2018-05-25,0,0,0,0,0,0,0,0,0,0,0,0,3,0,0,0,0,3,6
2018-05-26,0,0,0,0,0,0,0,0,0,0,0,0,0,0,0,0,0,0,0
2018-05-27,0,0,0,0,0,0,0,0,0,0,0,0,0,0,0,0,0,0,0
2018-05-28,0,0,0,0,0,0,0,0,0,0,0,0,0,0,0,0,0,0,0
2018-05-29,0,0,0,0,0,0,0,0,0,0,0,0,2,0,0,0,0,2,4
2018-05-30,0,0,6,0,0,0,0,0,6,0,0,0,1,0,0,0,0,1,14
2018-05-31,3,0,0,0,0,0,0,0,3,0,0,0,1,1,0,0,0,2,10
2018-01-06,0,0,1,0,0,0,0,0,1,0,0,0,1,0,0,0,0,1,4
2018-02-06,0,0,0,0,0,0,0,0,0,0,0,0,0,0,0,0,0,0,0
2018-03-06,0,0,0,0,0,0,0,0,0,0,0,0,0,0,0,0,0,0,0
2018-04-06,0,0,2,0,0,0,0,0,2,0,0,0,1,0,0,0,0,1,6
2018-05-06,0,0,0,0,0,0,0,0,0,0,0,0,3,0,0,0,0,3,6
2018-06-06,0,0,0,0,0,0,0,0,0,0,0,0,8,2,0,0,0,10,20
2018-07-06,0,0,1,0,0,0,0,0,1,0,1,0,1,1,0,0,0,3,8
2018-08-06,0,0,2,0,0,0,0,0,2,1,0,0,3,1,0,0,0,5,14
2018-09-06,0,0,0,0,0,0,0,0,0,0,0,0,0,0,0,0,0,0,0
2018-10-06,0,0,0,0,0,0,0,0,0,0,0,0,0,0,0,0,0,0,0
2018-11-06,0,0,5,0,0,0,0,0,5,0,0,0,1,0,0,0,0,1,12
2018-12-06,0,0,1,0,0,0,0,0,1,0,0,0,0,0,0,0,0,0,2
2018-06-13,0,0,0,0,0,0,0,0,0,1,0,1,2,0,0,0,0,4,8
2018-06-14,0,0,0,0,0,0,0,0,0,0,0,0,2,1,0,0,0,3,6
2018-06-15,0,0,0,0,0,0,0,0,0,0,0,0,4,2,0,0,0,6,12
2018-06-16,0,0,0,0,0,0,0,0,0,0,0,0,0,0,0,0,0,0,0
2018-06-17,0,0,0,0,0,0,0,0,0,0,0,0,0,0,0,0,0,0,0
2018-06-18,1,0,14,0,0,0,0,0,15,0,0,1,0,2,0,0,0,3,36
2018-06-19,0,0,7,0,0,0,0,0,7,1,0,1,4,0,0,0,0,6,26
2018-06-20,0,0,2,0,0,0,0,0,2,1,0,0,4,1,0,0,0,6,16
2018-06-21,0,0,0,0,0,0,0,0,0,1,0,0,7,0,0,0,0,8,16
2018-06-22,3,0,7,1,0,0,0,0,11,0,0,0,3,0,0,0,0,3,28
2018-06-23,0,0,0,0,0,0,0,0,0,0,0,0,0,0,0,0,0,0,0
2018-06-24,0,0,0,0,0,0,0,0,0,0,0,0,0,0,0,0,0,0,0
2018-06-25,0,0,11,1,0,0,0,0,12,0,0,2,1,0,0,0,0,3,30
2018-06-26,0,0,0,0,0,0,0,0,0,0,0,2,26,5,0,0,0,33,66
2018-06-27,0,0,0,0,0,0,0,0,0,0,0,0,2,0,0,0,0,2,4
2018-06-28,0,0,0,0,0,0,0,0,0,1,0,1,1,1,0,0,0,4,8
2018-06-29,0,0,0,0,0,0,0,0,0,0,0,0,3,0,0,0,0,3,6
2018-06-30,0,0,0,0,0,0,0,0,0,0,0,0,0,0,0,0,0,0,0
2018-01-07,0,0,0,0,0,0,0,0,0,0,0,0,0,0,0,0,0,0,0
2018-02-07,0,0,1,0,0,0,0,0,1,0,0,0,3,0,0,0,0,3,8
2018-03-07,0,0,0,0,0,0,0,0,0,1,0,0,2,0,0,0,0,3,6
2018-04-07,0,0,1,0,0,0,0,0,1,0,0,0,2,1,0,0,0,3,8
2018-05-07,0,0,1,0,0,0,0,0,1,0,0,0,4,0,0,0,0,4,10
2018-06-07,0,0,0,0,0,0,0,0,0,0,0,0,1,0,0,0,0,1,2
2018-07-07,0,0,0,0,0,0,0,0,0,0,0,0,0,0,0,0,0,0,0
2018-08-07,0,0,0,0,0,0,0,0,0,0,0,0,0,0,0,0,0,0,0
2018-09-07,0,0,0,0,0,0,0,0,0,0,0,0,1,0,0,0,0,1,2
2018-10-07,10,8,18,10,0,0,0,0,46,0,0,2,3,0,0,0,0,5,102
2018-11-07,0,0,2,0,0,0,0,0,2,4,3,0,2,0,0,0,0,9,22
2018-12-07,0,0,3,0,0,0,0,0,3,0,0,0,2,1,0,0,0,3,12
2018-07-13,0,0,0,0,0,0,0,0,0,0,0,1,3,0,0,0,0,4,8
2018-07-14,0,0,0,0,0,0,0,0,0,0,0,0,0,0,0,0,0,0,0
2018-07-15,0,0,0,0,0,0,0,0,0,0,0,0,0,0,0,0,0,0,0
2018-07-16,0,0,0,0,0,0,0,0,0,0,0,0,3,1,0,0,0,4,8
2018-07-17,0,0,1,1,0,0,0,0,2,0,0,0,3,2,0,0,0,5,14
2018-07-18,0,0,1,0,0,0,0,0,1,2,1,0,3,1,0,0,0,7,16
2018-07-19,0,0,2,0,0,0,0,0,2,1,1,0,2,2,0,0,0,6,16
2018-07-20,0,0,6,3,0,0,0,0,9,0,0,0,1,0,0,0,0,1,20
2018-07-21,0,0,0,0,0,0,0,0,0,0,0,0,0,0,0,0,0,0,0
2018-07-22,0,0,0,0,0,0,0,0,0,0,0,0,0,0,0,0,0,0,0
2018-07-23,0,0,0,0,0,0,0,0,0,0,0,0,0,0,0,0,0,0,0
2018-07-24,0,0,1,0,0,0,0,0,1,0,0,0,2,0,0,0,0,2,6
2018-07-25,0,0,0,0,0,0,0,0,0,0,0,0,0,2,0,0,0,2,4
2018-07-26,0,0,0,0,0,0,0,0,0,0,0,0,1,0,0,0,0,1,2
2018-07-27,0,0,0,0,0,0,0,0,0,0,0,0,0,0,0,0,0,0,0
2018-07-28,0,0,0,0,0,0,0,0,0,0,0,0,0,0,0,0,0,0,0
2018-07-29,0,0,0,0,0,0,0,0,0,0,0,0,0,0,0,0,0,0,0
2018-07-30,0,0,3,0,0,0,0,0,3,0,0,0,1,0,0,0,0,1,8
2018-07-31,1,0,0,0,0,0,0,0,1,0,0,0,1,0,0,0,0,1,4
2018-01-08,0,0,0,0,0,0,0,0,0,0,0,0,2,0,0,0,0,2,4
2018-02-08,0,0,1,0,0,0,0,0,1,0,0,0,1,0,0,0,0,1,4
2018-03-08,0,0,1,0,0,0,0,0,1,0,0,0,1,0,0,0,0,1,4
2018-04-08,0,0,0,0,0,0,0,0,0,0,0,0,0,0,0,0,0,0,0
2018-05-08,0,0,0,0,0,0,0,0,0,0,0,0,0,0,0,0,0,0,0
2018-06-08,0,0,0,0,0,0,0,0,0,0,0,0,2,0,0,0,0,2,4
2018-07-08,0,0,1,0,0,0,0,0,1,0,0,0,2,0,0,0,0,2,6
2018-08-08,1,0,0,1,0,0,0,0,2,0,1,0,1,0,0,0,0,2,8
2018-09-08,0,0,0,0,0,0,0,0,0,0,0,0,1,0,0,0,0,1,2
2018-10-08,0,0,2,0,0,0,0,0,2,0,0,0,1,0,0,0,0,1,6
2018-11-08,0,0,0,0,0,0,0,0,0,0,0,0,0,0,0,0,0,0,0
2018-12-08,0,0,0,0,0,0,0,0,0,0,0,0,0,0,0,0,0,0,0
2018-08-13,0,0,3,0,0,0,0,0,3,0,0,0,1,0,0,0,0,1,8
2018-08-14,0,0,1,0,0,0,0,0,1,0,0,0,1,0,0,0,0,1,4
2018-08-15,0,0,0,0,0,0,0,0,0,0,0,0,1,0,0,0,0,1,2
2018-08-16,0,0,0,0,0,0,0,0,0,1,0,0,3,0,0,0,0,4,8
2018-08-17,0,0,0,0,0,0,0,0,0,0,0,0,1,0,0,0,0,1,2
2018-08-18,0,0,0,0,0,0,0,0,0,0,0,0,0,0,0,0,0,0,0
2018-08-19,0,0,0,0,0,0,0,0,0,0,0,0,0,0,0,0,0,0,0
2018-08-20,0,0,1,0,0,0,0,0,1,0,0,0,2,0,0,0,0,2,6
2018-08-21,0,0,0,1,0,0,0,0,1,0,0,0,2,0,0,0,0,2,6
2018-08-22,0,0,0,0,0,0,0,0,0,1,0,1,30,6,0,0,0,38,76
2018-08-23,0,0,1,0,0,0,0,0,1,0,0,0,2,2,0,0,0,4,10
2018-08-24,0,0,1,0,0,0,0,0,1,0,0,0,1,0,0,0,0,1,4
2018-08-25,0,0,0,0,0,0,0,0,0,0,0,0,0,0,0,0,0,0,0
2018-08-26,0,0,0,0,0,0,0,0,0,0,0,0,0,0,0,0,0,0,0
2018-08-27,0,0,1,0,0,0,0,0,1,0,0,0,2,0,0,0,0,2,6
2018-08-28,0,0,1,0,0,0,0,0,1,0,0,2,1,0,0,0,0,3,8
2018-08-29,0,0,1,0,0,0,0,0,1,5,0,4,4,6,0,0,0,19,40
2018-08-30,0,0,7,0,0,0,0,0,7,0,0,0,5,0,0,0,0,5,24
2018-08-31,0,0,1,0,0,0,0,0,1,0,0,0,2,2,0,0,0,4,10
2018-01-09,0,0,0,0,0,0,0,0,0,0,0,0,0,0,0,0,0,0,0
2018-02-09,0,0,0,0,0,0,0,0,0,0,0,0,0,0,0,0,0,0,0
2018-03-09,0,0,7,1,0,0,0,0,8,0,0,0,1,0,0,0,0,1,18
2018-04-09,0,0,2,1,0,0,0,0,3,0,1,0,6,1,0,0,0,8,22
2018-05-09,3,0,2,1,1,0,0,0,7,0,0,0,1,0,0,0,0,1,16
2018-06-09,0,0,1,0,0,0,0,0,1,0,0,0,1,0,0,0,0,1,4
2018-07-09,0,0,0,0,0,0,0,0,0,0,0,0,5,0,0,0,0,5,10
2018-08-09,0,0,0,0,0,0,0,0,0,0,0,0,0,0,0,0,0,0,0
2018-09-09,0,0,0,0,0,0,0,0,0,0,0,0,0,0,0,0,0,0,0
2018-10-09,0,0,2,0,0,0,0,0,2,0,0,0,1,0,0,0,0,1,6
2018-11-09,1,0,0,0,0,0,0,0,1,0,0,0,3,2,0,0,0,5,12
2018-12-09,3,1,9,0,0,0,0,0,13,1,0,1,3,0,0,0,0,5,36
2018-09-13,0,0,0,0,0,0,0,0,0,0,0,0,0,0,0,0,0,0,0
2018-09-14,0,0,0,0,0,0,0,0,0,0,0,0,0,0,0,0,0,0,0
2018-09-15,0,0,0,0,0,0,0,0,0,0,0,0,0,0,0,0,0,0,0
2018-09-16,0,0,0,0,0,0,0,0,0,0,0,0,0,0,0,0,0,0,0
2018-09-17,1,0,1,0,0,0,0,0,2,0,0,0,2,0,0,0,0,2,8
2018-09-18,4,0,0,0,0,0,0,0,4,1,0,1,3,0,0,0,0,5,18
2018-09-19,0,0,0,0,0,0,0,0,0,2,0,0,1,0,0,0,0,3,6
2018-09-20,0,0,0,0,0,0,0,0,0,0,0,0,4,2,0,0,0,6,12
2018-09-21,0,0,0,0,0,0,0,0,0,0,0,0,2,0,0,0,0,2,4
2018-09-22,0,0,0,0,0,0,0,0,0,0,0,0,0,0,0,0,0,0,0
2018-09-23,0,0,0,0,0,0,0,0,0,0,0,0,0,0,0,0,0,0,0
2018-09-24,0,0,0,0,0,0,0,0,0,0,0,0,2,0,0,0,0,2,4
2018-09-25,0,0,0,0,0,0,0,0,0,2,0,0,1,0,0,0,0,3,6
2018-09-26,0,0,3,0,0,0,0,0,3,0,0,0,1,0,0,0,0,1,8
2018-09-27,0,0,1,0,0,0,0,0,1,0,0,0,6,0,0,0,0,6,14
2018-09-28,0,0,3,0,0,0,0,0,3,0,0,0,5,0,0,0,0,5,16
2018-09-29,0,0,0,0,0,0,0,0,0,0,0,0,0,0,0,0,0,0,0
2018-09-30,0,0,0,0,0,0,0,0,0,0,0,0,0,0,0,0,0,0,0
2018-01-10,2,0,21,1,0,0,0,0,24,2,0,0,1,0,0,0,0,3,54
2018-02-10,0,0,1,0,0,0,0,0,1,0,0,0,2,0,0,0,0,2,6
2018-03-10,0,0,0,0,0,0,0,0,0,0,0,0,1,2,0,0,0,3,6
2018-04-10,0,0,1,0,0,0,0,0,1,0,0,0,1,0,0,0,0,1,4
2018-05-10,0,0,0,0,0,0,0,0,0,0,0,0,3,0,0,0,0,3,6
2018-06-10,0,0,0,0,0,0,0,0,0,0,0,0,0,0,0,0,0,0,0
2018-07-10,0,0,0,0,0,0,0,0,0,0,0,0,0,0,0,0,0,0,0
2018-08-10,0,0,4,0,0,0,0,0,4,0,0,0,3,4,0,0,0,7,22
2018-09-10,0,0,0,0,0,0,0,0,0,3,0,2,1,2,0,0,0,8,16
2018-10-10,0,0,1,0,0,0,0,0,1,0,0,0,3,1,0,0,0,4,10
2018-11-10,1,4,3,4,0,0,0,0,12,1,1,0,5,1,0,0,0,8,40
2018-12-10,0,0,0,0,0,0,0,0,0,25,0,0,16,7,0,0,0,48,96
2018-10-13,0,0,0,0,0,0,0,0,0,0,0,0,0,0,0,0,0,0,0
2018-10-14,0,0,0,0,0,0,0,0,0,0,0,0,0,0,0,0,0,0,0
2018-10-15,0,0,3,0,0,0,0,0,3,2,0,0,3,2,0,0,0,7,20
2018-10-16,0,0,2,0,0,0,0,0,2,0,0,0,2,2,0,0,0,4,12
2018-10-17,0,0,2,0,0,0,0,0,2,0,0,0,4,2,0,0,0,6,16
2018-10-18,0,0,3,0,0,0,0,0,3,0,0,0,2,1,0,0,0,3,12
2018-10-19,0,0,0,0,0,0,0,0,0,0,0,0,5,0,0,0,0,5,10
2018-10-20,0,0,0,0,0,0,0,0,0,0,0,0,0,0,0,0,0,0,0
2018-10-21,0,0,0,0,0,0,0,0,0,0,0,0,0,0,0,0,0,0,0
2018-10-22,0,0,1,0,0,0,0,0,1,0,0,0,3,0,0,0,0,3,8
2018-10-23,0,0,0,0,0,0,0,0,0,0,0,2,1,2,0,0,0,5,10
2018-10-24,0,0,1,0,0,0,0,0,1,1,1,0,2,3,0,0,0,7,16
2018-10-25,0,0,1,0,0,0,0,0,1,2,0,1,3,0,0,0,0,6,14
2018-10-26,0,0,1,0,0,0,0,0,1,2,0,0,2,0,0,0,0,4,10
2018-10-27,0,0,0,0,0,0,0,0,0,0,0,0,0,0,0,0,0,0,0
2018-10-28,0,0,0,0,0,0,0,0,0,0,0,0,0,0,0,0,0,0,0
2018-10-29,0,0,0,0,0,0,0,0,0,1,0,1,7,2,0,0,0,11,22
2018-10-30,0,0,0,0,0,0,0,0,0,0,0,0,2,3,0,0,0,5,10
2018-10-31,0,0,0,0,0,0,0,0,0,0,0,0,2,0,0,0,0,2,4
2018-01-11,0,0,2,0,0,0,0,0,2,1,2,0,1,0,0,0,0,4,12
2018-02-11,0,0,0,0,0,0,0,0,0,0,0,0,2,0,0,0,0,2,4
2018-03-11,0,0,0,0,0,0,0,0,0,0,0,0,0,0,0,0,0,0,0
2018-04-11,0,0,0,0,0,0,0,0,0,0,0,0,0,0,0,0,0,0,0
2018-05-11,0,0,2,0,0,0,0,0,2,2,0,0,2,2,0,0,0,6,16
2018-06-11,0,0,1,0,0,0,0,0,1,0,0,0,2,0,0,0,0,2,6
2018-07-11,3,0,3,7,0,0,0,0,13,0,0,0,1,0,0,0,0,1,28
2018-08-11,0,0,0,0,0,0,0,0,0,0,0,0,1,0,0,0,0,1,2
2018-09-11,0,0,1,0,0,0,0,0,1,0,1,0,1,0,0,0,0,2,6
2018-10-11,0,0,0,0,0,0,0,0,0,0,0,0,0,0,0,0,0,0,0
2018-11-11,0,0,0,0,0,0,0,0,0,0,0,0,0,0,0,0,0,0,0
2018-12-11,0,0,2,0,0,0,0,0,2,1,2,2,2,0,0,0,0,7,18
2018-11-13,0,0,0,0,0,0,0,0,0,0,0,0,1,0,0,0,0,1,2
2018-11-14,5,1,6,3,0,0,0,0,15,0,0,0,7,2,0,0,0,9,48
2018-11-15,0,0,0,0,0,0,0,0,0,0,0,0,2,1,0,0,0,3,6
2018-11-16,0,0,0,1,0,0,0,0,1,0,0,0,4,0,0,0,0,4,10
2018-11-17,0,0,0,0,0,0,0,0,0,0,0,0,0,0,0,0,0,0,0
2018-11-18,0,0,0,0,0,0,0,0,0,0,0,0,0,0,0,0,0,0,0
2018-11-19,0,0,4,1,0,0,0,0,5,0,0,0,1,0,0,0,0,1,12
2018-11-20,0,0,0,0,0,0,0,0,0,0,0,0,1,0,0,0,0,1,2
2018-11-21,0,0,0,0,0,0,0,0,0,1,0,0,2,0,0,0,0,3,6
2018-11-22,0,0,0,0,0,0,0,0,0,0,0,0,2,0,0,0,0,2,4
2018-11-23,0,0,1,0,0,0,0,0,1,0,0,0,2,0,0,0,0,2,6
2018-11-24,0,0,0,0,0,0,0,0,0,0,0,0,0,0,0,0,0,0,0
2018-11-25,0,0,0,0,0,0,0,0,0,0,0,0,0,0,0,0,0,0,0
2018-11-26,0,0,0,0,0,0,0,0,0,0,0,0,1,0,0,0,0,1,2
2018-11-27,2,0,7,0,0,0,0,0,9,0,0,0,4,0,0,0,0,4,26
2018-11-28,0,0,0,0,0,0,0,0,0,2,1,1,3,0,0,0,0,7,14
2018-11-29,8,9,11,5,0,0,0,0,33,0,0,0,1,0,0,0,0,1,68
2018-11-30,4,0,6,3,0,0,0,0,13,0,0,0,1,0,0,0,0,1,28
2018-01-12,0,0,0,0,0,0,0,0,0,0,0,0,0,0,0,0,0,0,0
2018-02-12,0,0,0,0,0,0,0,0,0,0,0,0,0,0,0,0,0,0,0
2018-03-12,1,0,6,1,0,0,0,0,8,0,0,0,2,0,0,0,0,2,20
2018-04-12,0,0,1,0,0,0,0,0,1,0,0,0,3,0,0,0,0,3,8
2018-05-12,17,5,11,8,0,0,0,0,41,0,0,0,1,0,0,0,0,1,84
2018-06-12,0,0,0,0,0,0,0,0,0,1,0,0,2,2,0,0,0,5,10
2018-07-12,0,0,2,0,0,0,0,0,2,0,0,0,1,0,0,0,0,1,6
2018-08-12,0,0,0,0,0,0,0,0,0,0,0,0,0,0,0,0,0,0,0
2018-09-12,0,0,0,0,0,0,0,0,0,0,0,0,0,0,0,0,0,0,0
2018-10-12,0,0,5,0,0,0,0,0,5,0,0,0,1,0,0,0,0,1,12
2018-11-12,2,0,10,0,0,0,0,0,12,0,0,0,1,0,0,0,0,1,26
2018-12-12,0,0,1,0,0,0,0,0,1,0,0,0,4,0,0,0,0,4,10
2018-12-13,0,0,0,0,0,0,0,0,0,3,0,3,3,2,0,0,0,11,22
2018-12-14,0,0,1,0,0,0,0,0,1,0,0,0,3,0,0,0,0,3,8
2018-12-15,0,0,0,0,0,0,0,0,0,0,0,0,0,0,0,0,0,0,0
2018-12-16,0,0,0,0,0,0,0,0,0,0,0,0,0,0,0,0,0,0,0
2018-12-17,0,0,1,0,0,0,0,0,1,2,0,1,4,3,0,0,0,10,22
2018-12-18,0,0,3,0,0,0,0,0,3,0,0,0,3,1,0,0,0,4,14
2018-12-19,1,0,2,2,0,0,0,0,5,0,0,0,1,0,0,0,0,1,12
2018-12-20,1,0,3,2,0,0,0,0,6,0,0,0,2,1,0,0,0,3,18
2018-12-21,0,0,1,0,0,0,0,0,1,0,0,0,2,0,0,0,0,2,6
2018-12-22,0,0,0,0,0,0,0,0,0,0,0,0,0,0,0,0,0,0,0
2018-12-23,0,0,0,0,0,0,0,0,0,0,0,0,0,0,0,0,0,0,0
2018-12-24,0,0,1,0,0,0,0,0,1,0,0,0,0,0,0,0,0,0,2
2018-12-25,0,0,0,0,0,0,0,0,0,0,0,0,0,0,0,0,0,0,0
2018-12-26,0,0,0,0,0,0,0,0,0,0,0,0,0,0,0,0,0,0,0
2018-12-27,0,0,0,0,0,0,0,0,0,0,0,0,0,0,0,0,0,0,0
2018-12-28,1,0,1,0,0,0,0,0,2,0,0,0,0,0,0,0,0,0,4
2018-12-29,0,0,0,0,0,0,0,0,0,0,0,0,0,0,0,0,0,0,0
2018-12-30,0,0,0,0,0,0,0,0,0,0,0,0,0,0,0,0,0,0,0
2018-12-31,7,0,5,3,0,0,0,0,15,0,0,0,0,0,0,0,0,0,30
2019-01-01,0,0,0,0,0,0,0,0,0,0,0,0,0,0,0,0,0,0,0
2019-02-01,0,0,0,0,0,0,0,0,0,1,0,1,3,0,0,0,0,5,10
2019-03-01,0,0,0,0,0,0,0,0,0,1,0,0,4,0,0,0,0,5,10
2019-04-01,0,0,0,0,0,0,0,0,0,0,0,0,2,0,0,0,0,2,4
2019-05-01,0,0,0,0,0,0,0,0,0,0,0,0,0,0,0,0,0,0,0
2019-06-01,0,0,0,0,0,0,0,0,0,0,0,0,0,0,0,0,0,0,0
2019-07-01,1,0,0,5,0,0,0,0,6,0,2,0,5,0,0,0,0,7,26
2019-08-01,0,0,3,0,0,0,0,0,3,0,0,0,1,0,0,0,0,1,8
2019-09-01,0,0,0,0,0,0,0,0,0,0,0,0,2,0,0,0,0,2,4
2019-10-01,9,0,0,0,0,0,0,0,9,0,0,0,1,0,0,0,0,1,20
2019-11-01,0,0,0,0,0,0,0,0,0,0,0,0,2,0,0,0,0,2,4
2019-12-01,0,0,0,0,0,0,0,0,0,0,0,0,0,0,0,0,0,0,0
2019-01-13,0,0,0,0,0,0,0,0,0,0,0,0,0,0,0,0,0,0,0
2019-01-14,0,0,0,0,0,0,0,0,0,0,0,0,1,0,0,0,0,1,2
2019-01-15,0,0,0,0,0,0,0,0,0,0,1,0,4,4,0,0,0,9,18
2019-01-16,0,0,1,0,0,0,0,0,1,0,0,0,2,0,0,0,0,2,6
2019-01-17,0,0,2,0,0,0,0,0,2,0,0,0,0,0,0,0,0,0,4
2019-01-18,0,0,0,0,0,0,0,0,0,0,0,0,1,0,0,0,0,1,2
2019-01-19,0,0,0,0,0,0,0,0,0,0,0,0,0,0,0,0,0,0,0
2019-01-20,0,0,0,0,0,0,0,0,0,0,0,0,0,0,0,0,0,0,0
2019-01-21,1,0,4,1,0,0,0,0,6,1,0,1,4,2,0,0,0,8,28
2019-01-22,0,0,1,0,0,0,0,0,1,0,0,0,2,0,0,0,0,2,6
2019-01-23,0,0,0,0,0,0,0,0,0,0,0,0,0,0,0,0,0,0,0
2019-01-24,0,0,0,0,0,0,0,0,0,0,0,0,1,0,0,0,0,1,2
2019-01-25,0,0,0,0,0,0,0,0,0,0,0,1,2,1,0,0,0,4,8
2019-01-26,0,0,0,0,0,0,0,0,0,0,0,0,0,0,0,0,0,0,0
2019-01-27,0,0,0,0,0,0,0,0,0,0,0,0,0,0,0,0,0,0,0
2019-01-28,0,0,2,0,0,0,0,0,2,0,0,0,0,0,0,0,0,0,4
2019-01-29,0,0,0,0,0,0,0,0,0,0,0,0,1,0,0,0,0,1,2
2019-01-30,0,0,0,0,0,0,0,0,0,2,0,0,1,2,0,0,0,5,10
2019-01-31,0,0,0,0,0,0,0,0,0,0,0,0,2,1,0,0,0,3,6
2019-01-02,0,0,3,0,0,0,0,0,3,1,1,0,1,2,0,0,0,5,16
2019-02-02,0,0,0,0,0,0,0,0,0,0,0,0,0,0,0,0,0,0,0
2019-03-02,0,0,0,0,0,0,0,0,0,0,0,0,0,0,0,0,0,0,0
2019-04-02,1,1,14,4,0,0,0,0,20,0,0,0,0,0,0,0,0,0,40
2019-05-02,0,0,1,0,0,0,0,0,1,0,0,0,0,0,0,0,0,0,2
2019-06-02,0,0,1,0,0,0,0,0,1,0,0,2,1,0,0,0,0,3,8
2019-07-02,0,0,0,0,0,0,0,0,0,0,0,0,3,2,0,0,0,5,10
2019-08-02,0,0,1,0,0,0,0,0,1,0,0,0,1,2,0,0,0,3,8
2019-09-02,0,0,0,0,0,0,0,0,0,0,0,0,0,0,0,0,0,0,0
2019-10-02,0,0,0,0,0,0,0,0,0,0,0,0,0,0,0,0,0,0,0
2019-11-02,0,1,3,2,0,0,0,0,6,1,0,0,15,4,0,0,0,20,52
2019-12-02,0,0,0,0,0,0,0,0,0,0,0,0,1,2,0,0,0,3,6
2019-02-13,0,0,0,0,0,0,0,0,0,0,0,0,4,2,0,0,0,6,12
2019-02-14,0,0,0,0,0,0,0,0,0,0,0,0,3,0,0,0,0,3,6
2019-02-15,0,0,1,0,0,0,0,0,1,0,0,0,4,2,0,0,0,6,14
2019-02-16,0,0,0,0,0,0,0,0,0,0,0,0,0,0,0,0,0,0,0
2019-02-17,0,0,0,0,0,0,0,0,0,0,0,0,0,0,0,0,0,0,0
2019-02-18,0,0,0,0,0,0,0,0,0,1,0,0,4,2,0,0,0,7,14
2019-02-19,4,1,2,2,0,0,0,0,9,1,0,0,6,0,0,0,0,7,32
2019-02-20,0,0,1,0,0,0,0,0,1,0,0,1,1,2,0,0,0,4,10
2019-02-21,1,0,7,0,0,0,0,0,8,0,0,0,1,0,0,0,0,1,18
2019-02-22,0,0,0,0,0,0,0,0,0,2,1,1,3,1,0,0,0,8,16
2019-02-23,0,0,0,0,0,0,0,0,0,0,0,0,0,0,0,0,0,0,0
2019-02-24,0,0,0,0,0,0,0,0,0,0,0,0,0,0,0,0,0,0,0
2019-02-25,0,0,2,0,0,0,0,0,2,0,0,0,1,2,0,0,0,3,10
2019-02-26,0,0,0,0,0,0,0,0,0,2,1,0,2,1,0,0,0,6,12
2019-02-27,0,0,1,0,0,0,0,0,1,0,1,1,4,2,0,0,0,8,18
2019-02-28,0,0,0,0,0,0,0,0,0,1,0,0,1,2,0,0,0,4,8
2019-01-03,0,0,3,0,0,0,0,0,3,0,0,0,1,0,0,0,0,1,8
2019-02-03,0,0,0,0,0,0,0,0,0,0,0,0,0,0,0,0,0,0,0
2019-03-03,0,0,0,0,0,0,0,0,0,0,0,0,0,0,0,0,0,0,0
2019-04-03,0,0,2,1,0,0,0,0,3,0,0,0,2,0,0,0,0,2,10
2019-05-03,3,2,1,1,0,0,0,0,7,2,0,1,2,2,0,0,0,7,28
2019-06-03,0,0,1,0,0,0,0,0,1,0,0,0,3,0,0,0,0,3,8
2019-07-03,0,0,1,0,0,0,0,0,1,2,0,1,1,4,0,0,0,8,18
2019-08-03,0,0,1,0,0,0,0,0,1,0,0,0,2,1,0,0,0,3,8
2019-09-03,0,0,0,0,0,0,0,0,0,0,0,0,0,0,0,0,0,0,0
2019-10-03,0,0,0,0,0,0,0,0,0,0,0,0,0,0,0,0,0,0,0
2019-11-03,0,0,3,0,0,0,0,0,3,0,0,0,4,2,0,0,0,6,18
2019-12-03,0,0,1,0,0,0,0,0,1,1,0,0,3,0,0,0,0,4,10
2019-03-13,0,0,2,1,0,0,0,0,3,1,1,2,4,0,0,0,0,8,22
2019-03-14,0,0,1,0,0,0,0,0,1,2,0,2,2,0,0,0,0,6,14
2019-03-15,0,0,1,0,0,0,0,0,1,0,0,0,3,0,0,0,0,3,8
2019-03-16,0,0,0,0,0,0,0,0,0,0,0,0,0,0,0,0,0,0,0
2019-03-17,0,0,0,0,0,0,0,0,0,0,0,0,0,0,0,0,0,0,0
2019-03-18,0,0,2,0,0,0,0,0,2,1,0,0,1,2,0,0,0,4,12
2019-03-19,7,1,29,0,0,0,0,0,37,2,0,1,4,4,0,0,0,11,96
2019-03-20,2,0,1,0,0,0,0,0,3,0,0,0,0,0,0,0,0,0,6
2019-03-21,0,0,0,0,0,0,0,0,0,0,0,1,2,2,0,0,0,5,10
2019-03-22,0,0,0,0,0,0,0,0,0,0,0,0,6,4,0,0,0,10,20
2019-03-23,0,0,0,0,0,0,0,0,0,0,0,0,0,0,0,0,0,0,0
2019-03-24,0,0,0,0,0,0,0,0,0,0,0,0,0,0,0,0,0,0,0
2019-03-25,0,0,1,0,0,0,0,0,1,2,1,0,1,2,0,0,0,6,14
2019-03-26,0,0,1,0,0,0,0,0,1,3,0,0,2,0,0,0,0,5,12
2019-03-27,0,0,3,0,0,0,0,0,3,1,0,0,2,2,0,0,0,5,16
2019-03-28,0,0,0,0,0,0,0,0,0,2,1,0,3,1,0,0,0,7,14
2019-03-29,0,0,0,0,0,0,0,0,0,1,0,1,2,2,0,0,0,6,12
2019-03-30,0,0,0,0,0,0,0,0,0,0,0,0,0,0,0,0,0,0,0
2019-03-31,0,0,0,0,0,0,0,0,0,0,0,0,0,0,0,0,0,0,0
2019-01-04,1,0,2,1,0,0,0,0,4,5,3,0,4,4,0,0,0,16,40
2019-02-04,0,0,3,0,0,0,0,0,3,0,0,0,3,0,0,0,0,3,12
2019-03-04,0,0,2,0,0,0,0,0,2,0,0,1,1,2,0,0,0,4,12
2019-04-04,0,0,1,0,0,0,0,0,1,0,0,0,1,0,0,0,0,1,4
2019-05-04,3,0,0,0,0,0,0,0,3,0,0,0,1,0,0,0,0,1,8
2019-06-04,0,0,0,0,0,0,0,0,0,0,0,0,0,0,0,0,0,0,0
2019-07-04,0,0,0,0,0,0,0,0,0,0,0,0,0,0,0,0,0,0,0
2019-08-04,0,0,2,0,0,0,0,0,2,0,0,0,3,0,0,0,0,3,10
2019-09-04,0,0,1,0,0,0,0,0,1,0,0,0,4,0,0,0,0,4,10
2019-10-04,0,0,1,0,0,0,0,0,1,0,0,0,2,0,0,0,0,2,6
2019-11-04,1,0,1,1,0,0,0,0,3,2,0,0,3,0,0,0,0,5,16
2019-12-04,0,0,1,0,2,0,0,0,3,1,0,0,2,2,0,0,0,5,16
2019-04-13,0,0,0,0,0,0,0,0,0,0,0,0,0,0,0,0,0,0,0
2019-04-14,0,0,0,0,0,0,0,0,0,0,0,0,0,0,0,0,0,0,0
2019-04-15,0,0,7,1,0,0,0,0,8,0,0,0,2,2,0,0,0,4,24
2019-04-16,0,0,0,0,0,0,0,0,0,0,0,0,3,1,0,0,0,4,8
2019-04-17,0,0,3,0,0,0,0,0,3,0,0,0,0,0,0,0,0,0,6
2019-04-18,0,0,0,0,0,0,0,0,0,0,0,0,4,0,0,0,0,4,8
2019-04-19,0,0,0,0,0,0,0,0,0,0,0,0,0,0,0,0,0,0,0
2019-04-20,0,0,0,0,0,0,0,0,0,0,0,0,0,0,0,0,0,0,0
2019-04-21,0,0,0,0,0,0,0,0,0,0,0,0,0,0,0,0,0,0,0
2019-04-22,0,0,1,0,0,0,0,0,1,0,0,0,0,0,0,0,0,0,2
2019-04-23,0,0,0,0,0,0,0,0,0,0,0,0,2,1,0,0,0,3,6
2019-04-24,0,0,0,0,0,0,0,0,0,1,0,0,2,0,0,0,0,3,6
2019-04-25,0,0,0,0,0,0,0,0,0,0,1,0,0,2,0,0,0,3,6
2019-04-26,0,0,1,0,0,0,0,0,1,4,2,1,4,2,0,0,0,13,28
2019-04-27,0,0,0,0,0,0,0,0,0,0,0,0,0,0,0,0,0,0,0
2019-04-28,0,0,0,0,0,0,0,0,0,0,0,0,0,0,0,0,0,0,0
2019-04-29,0,0,1,0,0,0,0,0,1,0,0,0,3,0,0,0,0,3,8
2019-04-30,0,0,3,0,0,0,0,0,3,0,0,1,3,2,0,0,0,6,18
2019-01-05,3,1,5,2,0,0,0,0,11,2,0,0,0,3,0,0,0,5,32
2019-02-05,0,0,1,0,0,0,0,0,1,0,0,0,0,4,0,0,0,4,10
2019-03-05,0,0,0,0,0,0,0,0,0,0,0,0,1,0,0,0,0,1,2
2019-04-05,0,0,0,0,0,0,0,0,0,0,0,0,0,0,0,0,0,0,0
2019-05-05,0,0,0,0,0,0,0,0,0,0,0,0,0,0,0,0,0,0,0
2019-06-05,0,0,1,0,0,0,0,0,1,0,0,0,3,1,0,0,0,4,10
2019-07-05,0,0,0,0,0,0,0,0,0,0,0,0,3,1,0,0,0,4,8
2019-08-05,0,0,1,0,0,0,0,0,1,2,0,1,8,5,0,0,0,16,34
2019-09-05,0,0,12,0,0,0,0,0,12,1,1,0,1,2,0,0,0,5,34
2019-10-05,0,0,0,0,0,0,0,0,0,1,0,0,2,2,0,0,0,5,10
2019-11-05,0,0,0,0,0,0,0,0,0,0,0,0,0,0,0,0,0,0,0
2019-12-05,0,0,0,0,0,0,0,0,0,0,0,0,0,0,0,0,0,0,0
2019-05-13,0,0,0,0,0,0,0,0,0,0,0,0,0,0,0,0,0,0,0
2019-05-14,0,0,1,1,0,0,0,0,2,4,0,0,1,0,0,0,0,5,14
2019-05-15,0,0,1,0,0,0,0,0,1,0,0,0,1,4,0,0,0,5,12
2019-05-16,0,0,2,0,0,0,0,0,2,1,0,0,2,3,0,0,0,6,16
2019-05-17,0,0,0,0,0,0,0,0,0,0,0,0,1,0,0,0,0,1,2
2019-05-18,0,0,0,0,0,0,0,0,0,0,0,0,0,0,0,0,0,0,0
2019-05-19,0,0,0,0,0,0,0,0,0,0,0,0,0,0,0,0,0,0,0
2019-05-20,0,0,0,0,0,0,0,0,0,0,0,0,1,0,0,0,0,1,2
2019-05-21,1,0,0,2,0,0,0,0,3,0,0,0,1,1,0,0,0,2,10
2019-05-22,0,0,0,0,0,0,0,0,0,0,1,0,1,3,0,0,0,5,10
2019-05-23,1,0,7,0,0,0,0,0,8,0,0,0,0,0,0,0,0,0,16
2019-05-24,0,0,0,0,0,0,0,0,0,0,0,0,0,0,0,0,0,0,0
2019-05-25,0,0,0,0,0,0,0,0,0,0,0,0,0,0,0,0,0,0,0
2019-05-26,0,0,0,0,0,0,0,0,0,0,0,0,0,0,0,0,0,0,0
2019-05-27,0,0,10,0,0,0,0,0,10,0,0,3,0,0,0,0,0,3,26
2019-05-28,1,0,6,0,0,0,0,0,7,0,0,0,3,0,0,0,0,3,20
2019-05-29,0,0,5,0,0,0,0,0,5,2,0,0,4,1,0,0,0,7,24
2019-05-30,0,0,1,0,0,0,0,0,1,0,0,0,2,0,0,0,0,2,6
2019-05-31,0,0,2,0,0,0,0,0,2,0,0,0,1,0,0,0,0,1,6
2019-01-06,0,0,0,0,0,0,0,0,0,0,0,0,0,0,0,0,0,0,0
2019-02-06,0,0,0,0,0,0,0,0,0,0,0,0,0,0,0,0,0,0,0
2019-03-06,0,0,1,0,0,0,0,0,1,1,0,0,4,2,0,0,0,7,16
2019-04-06,0,0,3,1,0,0,0,0,4,0,1,0,2,1,0,0,0,4,16
2019-05-06,1,0,14,1,0,0,0,0,16,1,2,0,2,2,0,0,0,7,46
2019-06-06,0,0,2,1,0,0,0,0,3,0,0,0,0,0,0,0,0,0,6
2019-07-06,0,0,0,0,0,0,0,0,0,1,0,1,3,1,0,0,0,6,12
2019-08-06,0,0,0,0,0,0,0,0,0,0,0,0,0,0,0,0,0,0,0
2019-09-06,0,0,0,0,0,0,0,0,0,0,0,0,0,0,0,0,0,0,0
2019-10-06,0,0,0,0,0,0,0,0,0,0,0,0,1,2,0,0,0,3,6
2019-11-06,0,0,1,1,0,0,0,0,2,2,0,0,1,0,0,0,0,3,10
2019-12-06,0,0,1,0,0,0,0,0,1,0,0,0,1,1,0,0,0,2,6
2019-06-13,0,0,0,0,0,0,0,0,0,1,0,0,1,0,0,0,0,2,4
2019-06-14,2,0,9,3,0,0,0,0,14,0,0,0,1,0,0,0,0,1,30
2019-06-15,0,0,0,0,0,0,0,0,0,0,0,0,0,0,0,0,0,0,0
2019-06-16,0,0,0,0,0,0,0,0,0,0,0,0,0,0,0,0,0,0,0
2019-06-17,0,0,0,2,0,0,0,0,2,1,0,2,3,2,0,0,0,8,20
2019-06-18,0,0,5,0,0,0,0,0,5,2,0,1,1,3,0,0,0,7,24
2019-06-19,0,0,3,0,0,0,0,0,3,1,2,0,2,2,0,0,0,7,20
2019-06-20,2,1,14,4,0,0,0,0,21,2,0,0,2,0,0,0,0,4,50
2019-06-21,8,0,16,4,0,0,0,0,28,0,0,0,3,0,0,0,0,3,62
2019-06-22,0,0,0,0,0,0,0,0,0,0,0,0,0,0,0,0,0,0,0
2019-06-23,0,0,0,0,0,0,0,0,0,0,0,0,0,0,0,0,0,0,0
2019-06-24,0,0,9,0,0,0,0,0,9,0,0,0,1,0,0,0,0,1,20
2019-06-25,0,1,1,1,0,0,0,0,3,0,0,0,1,0,0,0,0,1,8
2019-06-26,0,0,0,0,0,0,0,0,0,0,0,0,1,0,0,0,0,1,2
2019-06-27,0,0,1,0,0,0,0,0,1,0,0,0,1,0,0,0,0,1,4
2019-06-28,0,0,2,0,0,0,0,0,2,2,0,1,3,2,0,0,0,8,20
2019-06-29,0,0,0,0,0,0,0,0,0,0,0,0,0,0,0,0,0,0,0
2019-06-30,0,0,0,0,0,0,0,0,0,0,0,0,0,0,0,0,0,0,0
2019-01-07,0,0,10,0,0,0,0,0,10,0,0,0,2,0,0,0,0,2,24
2019-02-07,0,0,1,1,0,0,0,0,2,1,0,0,2,0,0,0,0,3,10
2019-03-07,0,0,1,0,0,0,0,0,1,1,0,1,3,0,0,0,0,5,12
2019-04-07,0,0,1,0,0,0,0,0,1,2,1,1,6,2,0,0,0,12,26
2019-05-07,0,0,0,0,0,0,0,0,0,0,1,1,2,2,0,0,0,6,12
2019-06-07,0,0,0,0,0,0,0,0,0,0,0,0,0,0,0,0,0,0,0
2019-07-07,0,0,0,0,0,0,0,0,0,0,0,0,0,0,0,0,0,0,0
2019-08-07,0,0,0,0,0,0,0,0,0,0,0,0,3,1,0,0,0,4,8
2019-09-07,0,0,0,0,0,0,0,0,0,0,0,0,2,2,0,0,0,4,8
2019-10-07,0,0,0,0,0,0,0,0,0,0,0,0,1,0,0,0,0,1,2
2019-11-07,0,0,0,1,0,0,0,0,1,2,0,1,4,0,0,0,0,7,16
2019-12-07,0,0,0,1,0,0,0,0,1,0,1,0,1,2,0,0,0,4,10
2019-07-13,0,0,0,0,0,0,0,0,0,0,0,0,0,0,0,0,0,0,0
2019-07-14,0,0,0,0,0,0,0,0,0,0,0,0,0,0,0,0,0,0,0
2019-07-15,1,0,2,0,0,0,0,0,3,1,0,1,2,1,0,0,0,5,16
2019-07-16,0,0,3,2,0,0,0,0,5,0,0,1,4,2,1,0,0,8,26
2019-07-17,1,0,5,2,0,0,0,0,8,0,0,0,0,0,0,0,0,0,16
2019-07-18,1,0,2,0,0,0,0,0,3,0,0,1,1,2,0,0,0,4,14
2019-07-19,0,0,0,0,0,0,0,0,0,2,2,0,3,4,0,0,0,11,22
2019-07-20,0,0,0,0,0,0,0,0,0,0,0,0,0,0,0,0,0,0,0
2019-07-21,0,0,0,0,0,0,0,0,0,0,0,0,0,0,0,0,0,0,0
2019-07-22,1,0,1,0,0,0,0,0,2,0,0,0,3,0,0,0,0,3,10
2019-07-23,0,0,1,0,0,0,0,0,1,0,0,1,3,3,0,0,0,7,16
2019-07-24,1,0,2,0,0,0,0,0,3,1,1,0,0,2,0,0,0,4,14
2019-07-25,0,0,0,0,0,0,0,0,0,1,0,0,1,2,0,0,0,4,8
2019-07-26,0,0,0,0,0,0,0,0,0,0,0,0,3,0,0,0,0,3,6
2019-07-27,0,0,0,0,0,0,0,0,0,0,0,0,0,0,0,0,0,0,0
2019-07-28,0,0,0,0,0,0,0,0,0,0,0,0,0,0,0,0,0,0,0
2019-07-29,0,0,0,0,0,0,0,0,0,0,0,0,1,0,0,0,0,1,2
2019-07-30,0,0,3,0,0,0,0,0,3,0,0,0,1,0,0,0,0,1,8
2019-07-31,0,0,0,0,0,0,0,0,0,0,0,0,2,0,0,0,0,2,4
2019-01-08,0,0,0,0,0,0,0,0,0,0,0,0,1,0,0,0,0,1,2
2019-02-08,0,0,2,0,0,0,0,0,2,0,0,0,1,0,0,0,0,1,6
2019-03-08,0,0,0,0,0,0,0,0,0,0,0,0,0,0,0,0,0,0,0
2019-04-08,0,0,0,0,0,0,0,0,0,0,0,0,0,0,0,0,0,0,0
2019-05-08,0,0,0,0,0,0,0,0,0,1,0,1,2,1,0,0,0,5,10
2019-06-08,0,0,1,0,0,0,0,0,1,0,0,0,0,0,0,0,0,0,2
2019-07-08,0,0,0,0,0,0,0,0,0,0,0,0,3,1,0,0,0,4,8
2019-08-08,0,0,0,0,0,0,0,0,0,2,3,0,1,1,0,0,0,7,14
2019-09-08,0,0,0,0,0,0,0,0,0,3,0,0,1,1,0,0,0,5,10
2019-10-08,0,0,0,0,0,0,0,0,0,0,0,0,0,0,0,0,0,0,0
2019-11-08,0,0,0,0,0,0,0,0,0,0,0,0,0,0,0,0,0,0,0
2019-12-08,2,0,5,5,0,0,0,0,12,0,0,1,13,3,0,0,0,17,58
2019-08-13,0,0,0,0,0,0,0,0,0,0,0,0,1,0,0,0,0,1,2
2019-08-14,0,0,1,0,0,0,0,0,1,0,0,0,0,0,0,0,0,0,2
2019-08-15,0,0,0,0,0,0,0,0,0,0,0,0,4,0,0,0,0,4,8
2019-08-16,0,0,0,0,0,0,0,0,0,0,0,0,0,0,0,0,0,0,0
2019-08-17,0,0,0,0,0,0,0,0,0,0,0,0,0,0,0,0,0,0,0
2019-08-18,0,0,0,0,0,0,0,0,0,0,0,0,0,0,0,0,0,0,0
2019-08-19,0,0,0,0,0,0,0,0,0,1,1,0,1,0,0,0,0,3,6
2019-08-20,0,0,0,0,0,0,0,0,0,1,0,0,2,0,0,0,0,3,6
2019-08-21,0,0,0,0,0,0,0,0,0,0,0,0,1,0,0,0,0,1,2
2019-08-22,0,0,1,0,0,0,0,0,1,3,0,2,8,1,0,0,0,14,30
2019-08-23,0,0,6,1,0,0,0,0,7,0,0,0,0,0,0,0,0,0,14
2019-08-24,0,0,0,0,0,0,0,0,0,0,0,0,0,0,0,0,0,0,0
2019-08-25,0,0,0,0,0,0,0,0,0,0,0,0,0,0,0,0,0,0,0
2019-08-26,1,0,12,1,0,0,0,0,14,0,0,0,0,0,0,0,0,0,28
2019-08-27,0,0,2,0,0,0,0,0,2,0,0,0,0,0,0,0,0,0,4
2019-08-28,0,0,2,0,0,0,0,0,2,0,0,0,1,0,0,0,0,1,6
2019-08-29,0,0,2,0,0,0,0,0,2,0,0,0,4,0,0,0,0,4,12
2019-08-30,0,0,0,0,0,0,0,0,0,0,0,0,1,1,0,0,0,2,4
2019-08-31,0,0,0,0,0,0,0,0,0,0,0,0,0,0,0,0,0,0,0
2019-01-09,0,0,0,0,0,0,0,0,0,0,0,0,0,0,0,0,0,0,0
2019-02-09,1,0,0,0,0,0,0,0,1,0,0,0,0,0,0,0,0,0,2
2019-03-09,0,0,0,0,0,0,0,0,0,0,0,0,2,0,0,0,0,2,4
2019-04-09,0,0,0,0,0,0,0,0,0,0,0,0,0,1,0,0,0,1,2
2019-05-09,1,0,1,0,0,0,0,0,2,3,1,0,15,4,0,0,0,23,50
2019-06-09,0,0,0,0,0,0,0,0,0,0,0,0,0,0,0,0,0,0,0
2019-07-09,0,0,0,0,0,0,0,0,0,0,0,0,0,0,0,0,0,0,0
2019-08-09,0,0,0,0,0,0,0,0,0,0,0,0,0,0,0,0,0,0,0
2019-09-09,0,0,0,0,0,0,0,0,0,0,0,0,2,0,0,0,0,2,4
2019-10-09,0,0,3,0,0,0,0,0,3,0,0,1,2,1,1,0,0,5,16
2019-11-09,3,0,0,1,0,0,0,0,4,0,0,0,1,2,0,0,0,3,14
2019-12-09,0,0,1,0,0,0,0,0,1,1,0,2,2,2,0,0,0,7,16
2019-09-13,2,1,3,4,0,0,0,0,10,1,0,1,1,2,0,0,0,5,30
2019-09-14,0,0,0,0,0,0,0,0,0,0,0,0,0,0,0,0,0,0,0
2019-09-15,0,0,0,0,0,0,0,0,0,0,0,0,0,0,0,0,0,0,0
2019-09-16,1,1,2,1,0,1,0,0,6,0,0,0,0,0,0,0,0,0,12
2019-09-17,0,0,1,0,0,0,0,0,1,0,0,0,1,0,0,0,0,1,4
2019-09-18,0,0,0,0,0,0,0,0,0,4,0,2,0,0,0,0,0,6,12
2019-09-19,2,0,3,5,0,0,0,0,10,0,0,1,2,2,0,0,0,5,30
2019-09-20,0,0,0,0,0,0,0,0,0,1,0,1,4,6,0,0,0,12,24
2019-09-21,0,0,0,0,0,0,0,0,0,0,0,0,0,0,0,0,0,0,0
2019-09-22,0,0,0,0,0,0,0,0,0,0,0,0,0,0,0,0,0,0,0
2019-09-23,1,0,7,3,0,0,0,0,11,0,0,1,6,1,0,0,0,8,38
2019-09-24,0,0,9,1,0,0,0,0,10,0,0,0,1,0,0,0,0,1,22
2019-09-25,1,1,2,1,0,0,0,0,5,0,1,2,2,0,0,0,0,5,20
2019-09-26,0,0,0,0,0,0,0,0,0,0,0,0,1,1,0,0,0,2,4
2019-09-27,0,0,0,0,0,0,0,0,0,0,0,0,0,1,0,0,0,1,2
2019-09-28,0,0,0,0,0,0,0,0,0,0,0,0,0,0,0,0,0,0,0
2019-09-29,0,0,0,0,0,0,0,0,0,0,0,0,0,0,0,0,0,0,0
2019-09-30,2,1,5,0,0,0,0,0,8,0,0,0,3,0,0,0,0,3,22
2019-01-10,0,0,1,0,0,0,0,0,1,2,1,1,5,0,0,0,0,9,20
2019-02-10,0,0,0,0,0,0,0,0,0,4,0,5,15,7,0,0,0,31,62
2019-03-10,0,0,1,1,0,0,0,0,2,0,0,1,3,0,0,0,0,4,12
2019-04-10,0,0,0,2,0,0,0,0,2,1,0,2,1,0,0,0,0,4,12
2019-05-10,0,0,0,0,0,0,0,0,0,0,0,0,0,0,0,0,0,0,0
2019-06-10,0,0,0,0,0,0,0,0,0,0,0,0,0,0,0,0,0,0,0
2019-07-10,0,0,0,0,0,0,0,0,0,2,0,0,2,0,0,0,0,4,8
2019-08-10,1,1,2,2,0,0,0,0,6,2,0,2,2,0,0,0,0,6,24
2019-09-10,0,0,2,0,0,0,0,0,2,1,0,2,3,1,0,0,0,7,18
2019-10-10,0,0,0,1,0,0,0,0,1,1,0,4,1,1,0,0,0,7,16
2019-11-10,0,0,0,0,0,0,0,0,0,0,0,0,3,0,0,0,0,3,6
2019-12-10,0,0,0,0,0,0,0,0,0,0,0,0,0,0,0,0,0,0,0
2019-10-13,0,0,0,0,0,0,0,0,0,0,0,0,0,0,0,0,0,0,0
2019-10-14,0,0,3,0,0,0,0,0,3,0,0,0,1,0,0,0,0,1,8
2019-10-15,0,0,0,0,0,0,0,0,0,1,0,0,1,1,0,0,0,3,6
2019-10-16,0,0,0,0,0,0,0,0,0,0,0,0,3,0,0,0,0,3,6
2019-10-17,0,0,2,1,0,0,0,0,3,5,0,11,27,7,1,0,0,51,108
2019-10-18,0,0,1,0,0,0,0,0,1,0,0,1,7,0,0,0,0,8,18
2019-10-19,0,0,0,0,0,0,0,0,0,0,0,0,0,0,0,0,0,0,0
2019-10-20,0,0,0,0,0,0,0,0,0,0,0,0,0,0,0,0,0,0,0
2019-10-21,0,0,0,0,0,0,0,0,0,0,0,0,1,0,0,0,0,1,2
2019-10-22,2,0,0,2,0,0,0,0,4,0,0,0,0,0,0,0,0,0,8
2019-10-23,0,0,0,1,0,0,0,0,1,0,0,0,0,1,0,0,0,1,4
2019-10-24,0,0,1,0,0,0,0,0,1,2,0,0,0,1,0,0,0,3,8
2019-10-25,0,0,2,0,0,0,0,0,2,0,0,0,4,0,0,0,0,4,12
2019-10-26,0,0,0,0,0,0,0,0,0,0,0,0,0,0,0,0,0,0,0
2019-10-27,0,0,0,0,0,0,0,0,0,0,0,0,0,0,0,0,0,0,0
2019-10-28,0,0,3,0,0,0,0,0,3,1,1,0,3,2,0,0,0,7,20
2019-10-29,0,0,0,0,0,0,0,0,0,0,0,0,0,1,0,0,0,1,2
2019-10-30,0,0,0,0,0,0,0,0,0,1,0,0,4,0,0,0,0,5,10
2019-10-31,0,0,0,0,0,0,0,0,0,0,0,0,2,3,0,0,0,5,10
2019-01-11,0,0,1,0,0,0,0,0,1,0,0,5,0,2,0,0,0,7,16
2019-02-11,0,0,0,0,0,0,0,0,0,0,0,0,0,0,0,0,0,0,0
2019-03-11,0,0,0,0,0,0,0,0,0,0,0,0,0,0,0,0,0,0,0
2019-04-11,0,0,1,1,0,0,0,0,2,0,0,0,1,0,0,0,0,1,6
2019-05-11,1,0,2,0,0,0,0,0,3,0,0,0,2,1,0,0,0,3,12
2019-06-11,4,0,10,2,0,0,0,0,16,0,0,0,0,2,0,0,0,2,36
2019-07-11,0,0,2,0,0,0,0,0,2,2,0,0,3,0,0,0,0,5,14
2019-08-11,1,0,1,1,0,0,0,0,3,2,0,0,3,0,0,0,0,5,16
2019-09-11,0,0,0,0,0,0,0,0,0,0,0,0,0,0,0,0,0,0,0
2019-10-11,0,0,0,0,0,0,0,0,0,0,0,0,0,0,0,0,0,0,0
2019-11-11,0,0,0,0,0,0,0,0,0,1,1,0,1,0,0,0,0,3,6
2019-12-11,0,0,0,1,0,0,0,0,1,0,0,0,1,0,0,0,0,1,4
2019-11-13,0,0,0,0,0,0,0,0,0,0,0,0,0,0,0,0,0,0,0
2019-11-14,0,0,0,0,0,0,0,0,0,0,0,0,1,0,0,0,0,1,2
2019-11-15,0,0,0,0,0,0,0,0,0,0,0,0,1,0,0,0,0,1,2
2019-11-16,0,0,0,0,0,0,0,0,0,0,0,0,0,0,0,0,0,0,0
2019-11-17,0,0,0,0,0,0,0,0,0,0,0,0,0,0,0,0,0,0,0
2019-11-18,0,0,1,1,0,0,0,0,2,0,0,0,5,2,2,0,0,9,22
2019-11-19,0,0,3,0,0,0,0,0,3,13,3,4,24,4,0,0,0,48,102
2019-11-20,5,0,4,0,0,0,0,0,9,0,0,0,0,0,0,0,0,0,18
2019-11-21,0,0,0,0,0,0,0,0,0,0,0,1,1,0,0,0,0,2,4
2019-11-22,0,0,4,0,0,0,0,0,4,0,0,0,1,0,0,0,0,1,10
2019-11-23,0,0,0,0,0,0,0,0,0,0,0,0,0,0,0,0,0,0,0
2019-11-24,0,0,0,0,0,0,0,0,0,0,0,0,0,0,0,0,0,0,0
2019-11-25,1,2,2,5,0,0,0,0,10,8,2,2,14,4,0,0,0,30,80
2019-11-26,2,1,4,1,0,0,0,0,8,1,0,1,2,0,0,0,0,4,24
2019-11-27,0,0,1,0,0,0,0,0,1,6,0,11,2,2,1,0,0,22,46
2019-11-28,0,0,0,0,0,0,0,0,0,0,0,0,2,2,0,0,0,4,8
2019-11-29,0,0,0,0,0,0,0,0,0,0,0,4,0,3,0,0,0,7,14
2019-11-30,0,0,0,0,0,0,0,0,0,0,0,0,0,0,0,0,0,0,0
2019-01-12,0,0,0,0,0,0,0,0,0,0,0,0,0,0,0,0,0,0,0
2019-02-12,0,0,4,0,0,0,0,0,4,1,0,0,3,0,0,0,0,4,16
2019-03-12,0,0,0,0,0,0,0,0,0,5,1,6,19,0,0,0,0,31,62
2019-04-12,1,2,3,0,0,1,0,0,7,0,0,0,0,0,0,0,0,0,14
2019-05-12,0,0,0,0,0,0,0,0,0,0,0,0,0,0,0,0,0,0,0
2019-06-12,0,0,1,0,0,0,0,0,1,3,0,0,2,0,0,0,0,5,12
2019-07-12,0,0,0,0,0,0,0,0,0,0,0,0,0,0,0,0,0,0,0
2019-08-12,0,0,0,0,0,0,0,0,0,0,0,0,0,0,0,0,0,0,0
2019-09-12,0,0,3,0,0,0,0,0,3,0,0,1,5,0,0,0,0,6,18
2019-10-12,0,0,3,0,0,0,0,0,3,0,0,0,2,1,0,0,0,3,12
2019-11-12,6,0,4,0,0,2,0,0,12,1,0,0,1,0,2,0,0,4,32
2019-12-12,0,0,16,3,0,1,0,0,20,0,0,0,3,0,0,0,0,3,46
2019-12-13,0,0,4,2,0,0,0,0,6,2,1,0,1,0,0,0,0,4,20
2019-12-14,0,0,0,0,0,0,0,0,0,0,0,0,0,0,0,0,0,0,0
2019-12-15,0,0,0,0,0,0,0,0,0,0,0,0,0,0,0,0,0,0,0
2019-12-16,1,0,5,1,0,0,0,0,7,3,0,4,3,4,0,0,0,14,42
2019-12-17,0,0,0,0,0,0,0,0,0,0,0,0,1,0,0,0,0,1,2
2019-12-18,0,0,0,0,0,0,0,0,0,2,2,0,1,0,0,0,0,5,10
2019-12-19,1,0,1,1,0,0,0,0,3,0,0,0,2,1,0,0,0,3,12
2019-12-20,0,0,0,0,0,0,0,0,0,2,0,1,2,1,0,0,0,6,12
2019-12-21,0,0,0,0,0,0,0,0,0,0,0,0,0,0,0,0,0,0,0
2019-12-22,0,0,0,0,0,0,0,0,0,0,0,0,0,0,0,0,0,0,0
2019-12-23,0,0,1,1,0,0,0,0,2,0,0,0,0,0,0,0,0,0,4
2019-12-24,0,0,0,0,0,0,0,0,0,0,0,0,0,0,0,0,0,0,0
2019-12-25,0,0,0,0,0,0,0,0,0,0,0,0,0,0,0,0,0,0,0
2019-12-26,0,0,0,0,0,0,0,0,0,0,0,0,0,0,0,0,0,0,0
2019-12-27,0,0,0,0,0,0,0,0,0,0,0,0,0,0,0,0,0,0,0
2019-12-28,0,0,0,0,0,0,0,0,0,0,0,0,0,0,0,0,0,0,0
2019-12-29,0,0,0,0,0,0,0,0,0,0,0,0,0,0,0,0,0,0,0
2019-12-30,0,0,0,0,0,0,0,0,0,0,0,0,0,0,0,0,0,0,0
2019-12-31,0,0,0,0,0,0,0,0,0,0,0,0,0,0,0,0,0,0,0
2020-01-01,0,0,0,0,0,0,0,0,0,0,0,0,0,0,0,0,0,0,0
2020-02-01,0,0,0,0,0,0,0,0,0,1,1,2,1,2,0,0,0,7,14
2020-03-01,0,0,0,0,0,0,0,0,0,0,0,0,0,0,0,0,0,0,0
2020-04-01,0,0,0,0,0,0,0,0,0,0,0,0,0,0,0,0,0,0,0
2020-05-01,0,0,0,0,0,0,0,0,0,0,0,0,0,0,0,0,0,0,0
2020-06-01,0,0,0,0,0,0,0,0,0,5,0,0,3,0,0,0,0,8,16
2020-07-01,0,0,0,0,0,0,0,0,0,2,1,0,3,0,0,0,0,6,12
2020-08-01,0,0,4,0,0,0,0,0,4,2,0,0,0,0,0,0,0,2,12
2020-09-01,0,0,3,1,0,0,0,0,4,1,1,0,0,0,0,0,0,2,12
2020-10-01,0,0,0,0,0,0,0,0,0,0,0,0,3,0,0,0,0,3,6
2020-11-01,0,0,0,0,0,0,0,0,0,0,0,0,0,0,0,0,0,0,0
2020-12-01,0,0,0,0,0,0,0,0,0,0,0,0,0,0,0,0,0,0,0
2020-01-13,0,0,0,0,0,0,0,0,0,1,1,0,0,0,0,0,0,2,4
2020-01-14,2,2,0,1,0,0,0,0,5,0,0,1,4,2,0,0,0,7,24
2020-01-15,0,0,3,1,0,0,0,0,4,2,0,0,1,1,1,0,0,5,18
2020-01-16,0,0,0,0,0,0,0,0,0,1,0,0,2,0,0,0,0,3,6
2020-01-17,0,0,0,0,0,0,0,0,0,0,0,0,0,0,0,0,0,0,0
2020-01-18,0,0,0,0,0,0,0,0,0,0,0,0,0,0,0,0,0,0,0
2020-01-19,0,0,0,0,0,0,0,0,0,0,0,0,0,0,0,0,0,0,0
2020-01-20,1,0,15,3,0,0,0,0,19,0,0,0,3,0,0,0,0,3,44
2020-01-21,0,0,1,0,0,0,0,0,1,1,0,0,3,0,0,0,0,4,10
2020-01-22,1,0,0,1,0,0,0,0,2,8,4,0,17,14,1,0,0,44,92
2020-01-23,0,0,0,0,0,0,0,0,0,1,0,1,0,0,0,0,0,2,4
2020-01-24,0,0,1,1,0,0,0,0,2,0,1,0,1,1,0,0,0,3,10
2020-01-25,0,0,0,0,0,0,0,0,0,0,0,0,0,0,0,0,0,0,0
2020-01-26,0,0,0,0,0,0,0,0,0,0,0,0,0,0,0,0,0,0,0
2020-01-27,0,0,1,0,0,0,0,0,1,0,0,0,2,0,0,0,0,2,6
2020-01-28,0,0,0,0,0,0,0,0,0,1,0,6,5,0,0,0,0,12,24
2020-01-29,0,0,0,0,0,0,0,0,0,6,2,4,5,3,0,0,0,20,40
2020-01-30,0,0,1,0,0,0,0,0,1,0,0,0,0,0,0,0,0,0,2
2020-01-31,0,0,2,0,0,0,0,0,2,0,0,0,0,4,0,0,0,4,12
2020-01-02,0,0,0,0,0,0,0,0,0,0,0,0,0,0,0,0,0,0,0
2020-02-02,0,0,0,0,0,0,0,0,0,0,0,0,0,0,0,0,0,0,0
2020-03-02,0,0,3,1,0,0,0,0,4,0,0,0,2,1,0,0,0,3,14
2020-04-02,1,0,5,2,0,0,0,0,8,0,0,0,5,2,0,0,0,7,30
2020-05-02,0,0,0,0,0,0,0,0,0,3,0,1,3,0,0,0,0,7,14
2020-06-02,1,1,1,0,0,2,0,0,5,6,0,3,6,1,0,0,0,16,42
2020-07-02,0,0,0,0,0,0,0,0,0,5,1,5,21,13,0,0,0,45,90
2020-08-02,0,0,0,0,0,0,0,0,0,0,0,0,0,0,0,0,0,0,0
2020-09-02,0,0,0,0,0,0,0,0,0,0,0,0,0,0,0,0,0,0,0
2020-10-02,0,0,0,0,0,0,0,0,0,4,1,0,3,1,0,0,0,9,18
2020-11-02,0,0,0,0,0,0,0,0,0,0,0,0,0,0,0,0,0,0,0
2020-12-02,0,0,0,0,0,0,0,0,0,1,0,2,1,0,0,0,0,4,8
2020-02-13,0,0,0,0,0,0,0,0,0,0,0,0,0,0,0,0,0,0,0
2020-02-14,0,0,1,0,0,0,0,0,1,0,0,0,0,1,0,0,0,1,4
2020-02-15,0,0,0,0,0,0,0,0,0,0,0,0,0,0,0,0,0,0,0
2020-02-16,0,0,0,0,0,0,0,0,0,0,0,0,0,0,0,0,0,0,0
2020-02-17,1,0,10,1,0,0,0,0,12,0,0,0,0,0,0,0,0,0,24
2020-02-18,1,1,3,5,0,0,0,0,10,1,0,3,10,1,1,0,0,16,52
2020-02-19,1,0,0,0,0,1,0,0,2,4,0,1,4,3,0,0,0,12,28
2020-02-20,2,0,4,1,0,0,0,0,7,0,0,0,3,2,0,0,0,5,24
2020-02-21,1,0,4,1,0,0,0,0,6,0,0,0,2,2,0,0,0,4,20
2020-02-22,0,0,0,0,0,0,0,0,0,0,0,0,0,0,0,0,0,0,0
2020-02-23,0,0,0,0,0,0,0,0,0,0,0,0,0,0,0,0,0,0,0
2020-02-24,1,0,1,0,0,0,0,0,2,0,0,1,0,4,0,0,0,5,14
2020-02-25,0,0,0,0,0,0,0,0,0,0,0,0,0,0,0,0,0,0,0
2020-02-26,0,0,0,0,0,0,0,0,0,0,0,0,2,0,0,0,0,2,4
2020-02-27,20,3,17,33,0,1,0,0,74,1,0,0,3,2,0,0,0,6,160
2020-02-28,0,0,1,0,0,0,0,0,1,2,0,1,0,0,0,0,0,3,8
2020-02-29,0,0,0,0,0,0,0,0,0,0,0,0,0,0,0,0,0,0,0
2020-01-03,0,0,0,0,0,0,0,0,0,0,0,0,0,0,0,0,0,0,0
2020-02-03,0,0,0,2,0,0,0,0,2,0,0,0,0,0,0,0,0,0,4
2020-03-03,0,0,0,0,0,0,0,0,0,2,0,3,2,1,0,0,0,8,16
2020-04-03,4,0,11,1,0,1,0,0,17,2,0,2,0,0,0,0,0,4,42
2020-05-03,0,0,2,0,0,0,0,0,2,2,1,4,4,1,0,0,0,12,28
2020-06-03,6,0,4,2,0,1,0,0,13,0,0,0,0,0,0,0,0,0,26
2020-07-03,0,0,0,0,0,0,0,0,0,0,0,0,0,0,0,0,0,0,0
2020-08-03,0,0,0,0,0,0,0,0,0,0,0,0,0,0,0,0,0,0,0
2020-09-03,0,0,1,0,0,0,0,0,1,6,1,0,18,2,0,0,0,27,56
2020-10-03,0,0,0,0,0,0,0,0,0,3,0,0,1,4,0,0,0,8,16
2020-11-03,0,0,0,0,0,0,0,0,0,0,0,0,4,1,0,0,0,5,10
2020-12-03,0,0,0,0,0,0,0,0,0,2,0,0,0,1,0,0,0,3,6
2020-03-13,0,0,1,0,0,0,0,0,1,0,0,1,1,2,0,0,0,4,10
2020-03-14,0,0,0,0,0,0,0,0,0,0,0,0,0,0,0,0,0,0,0
2020-03-15,0,0,0,0,0,0,0,0,0,0,0,0,0,0,0,0,0,0,0
2020-03-16,0,0,0,0,0,0,0,0,0,4,0,2,2,3,0,0,0,11,22
2020-03-17,0,0,0,0,0,0,0,0,0,0,0,0,1,3,1,0,0,5,10
2020-03-18,0,0,0,0,0,0,0,0,0,0,0,0,2,0,0,0,0,2,4
2020-03-19,7,1,9,4,0,0,0,0,21,1,0,3,1,3,0,0,0,8,58
2020-03-20,0,0,0,0,0,0,0,0,0,0,0,0,4,4,0,0,0,8,16
2020-03-21,0,0,0,0,0,0,0,0,0,0,0,0,0,0,0,0,0,0,0
2020-03-22,0,0,0,0,0,0,0,0,0,0,0,0,0,0,0,0,0,0,0
2020-03-23,0,0,0,0,0,0,0,0,0,4,0,0,2,1,0,0,0,7,14
2020-03-24,0,0,0,0,0,0,0,0,0,6,0,2,0,2,0,0,0,10,20
2020-03-25,0,0,0,0,0,0,0,0,0,0,0,0,4,0,0,0,0,4,8
2020-03-26,0,0,0,0,0,0,0,0,0,3,1,2,4,3,0,0,0,13,26
2020-03-27,0,0,0,0,0,0,0,0,0,2,0,0,0,2,0,0,0,4,8
2020-03-28,0,0,0,0,0,0,0,0,0,0,0,0,0,0,0,0,0,0,0
2020-03-29,0,0,0,0,0,0,0,0,0,0,0,0,0,0,0,0,0,0,0
2020-03-30,0,0,0,0,0,0,0,0,0,2,0,0,2,1,0,0,0,5,10
2020-03-31,0,0,0,0,0,0,0,0,0,3,0,2,4,5,0,0,0,14,28
2020-01-04,0,0,9,1,0,1,0,0,11,9,2,1,8,2,0,0,0,22,66
2020-02-04,3,0,1,1,0,0,0,0,5,2,1,0,1,0,0,0,0,4,18
2020-03-04,0,0,0,0,0,0,0,0,0,2,0,0,3,0,0,0,0,5,10
2020-04-04,0,0,0,0,0,0,0,0,0,0,0,0,0,0,0,0,0,0,0
2020-05-04,0,0,0,0,0,0,0,0,0,0,0,0,0,0,0,0,0,0,0
2020-06-04,0,0,0,0,0,0,0,0,0,0,0,0,5,1,0,0,0,6,12
2020-07-04,0,0,0,0,0,0,0,0,0,1,0,0,1,2,0,0,0,4,8
2020-08-04,0,0,0,0,0,0,0,0,0,2,0,0,5,0,0,0,0,7,14
2020-09-04,1,0,1,1,0,0,0,0,3,0,0,0,3,0,0,0,0,3,12
2020-10-04,0,0,0,0,0,0,0,0,0,0,0,0,0,0,0,0,0,0,0
2020-11-04,0,0,0,0,0,0,0,0,0,0,0,0,0,0,0,0,0,0,0
2020-12-04,0,0,0,0,0,0,0,0,0,0,0,0,0,0,0,0,0,0,0
2020-04-13,0,0,0,0,0,0,0,0,0,0,0,0,0,0,0,0,0,0,0
2020-04-14,0,0,2,2,0,2,0,0,6,0,0,0,2,2,1,0,0,5,22
2020-04-15,0,0,0,0,0,0,0,0,0,2,1,1,5,5,0,0,0,14,28
2020-04-16,0,0,2,0,0,0,0,0,2,1,0,1,3,0,0,0,0,5,14
2020-04-17,0,0,0,0,0,0,0,0,0,0,0,0,1,1,1,0,0,3,6
2020-04-18,0,0,0,0,0,0,0,0,0,0,0,0,0,0,0,0,0,0,0
2020-04-19,0,0,0,0,0,0,0,0,0,0,0,0,0,0,0,0,0,0,0
2020-04-20,0,0,0,0,0,0,0,0,0,1,0,2,0,0,0,0,0,3,6
2020-04-21,0,0,2,0,0,0,0,0,2,1,0,1,1,0,0,0,0,3,10
2020-04-22,1,0,0,0,0,0,0,0,1,4,0,0,9,5,0,0,0,18,38
2020-04-23,0,0,0,0,0,0,0,0,0,0,0,0,0,0,0,0,0,0,0
2020-04-24,0,0,1,0,0,0,0,0,1,1,1,0,2,3,0,0,0,7,16
2020-04-25,0,0,0,0,0,0,0,0,0,0,0,0,0,0,0,0,0,0,0
2020-04-26,0,0,0,0,0,0,0,0,0,0,0,0,0,0,0,0,0,0,0
2020-04-27,0,0,0,0,0,0,0,0,0,3,0,3,3,1,0,0,0,10,20
2020-04-28,4,0,1,2,0,0,0,0,7,3,0,2,0,3,1,0,0,9,32
2020-04-29,0,0,0,0,0,0,0,0,0,3,0,0,4,5,0,0,0,12,24
2020-04-30,0,0,2,0,0,0,0,0,2,0,0,0,0,0,0,0,0,0,4
2020-01-05,0,0,2,0,0,0,0,0,2,0,0,0,1,1,0,0,0,2,8
2020-02-05,0,0,0,0,0,0,0,0,0,0,0,0,0,0,0,0,0,0,0
2020-03-05,0,0,0,0,0,0,0,0,0,0,0,0,0,0,0,0,0,0,0
2020-04-05,0,0,0,0,0,0,0,0,0,2,0,3,1,4,0,0,0,10,20
2020-05-05,0,0,1,0,0,0,0,0,1,1,0,1,1,0,0,0,0,3,8
2020-06-05,1,0,6,1,0,0,0,0,8,0,0,3,7,6,0,0,0,16,48
2020-07-05,0,0,4,3,0,1,0,0,8,0,0,0,0,0,0,0,0,0,16
2020-08-05,0,0,0,0,0,0,0,0,0,1,0,2,5,4,0,0,0,12,24
2020-09-05,0,0,0,0,0,0,0,0,0,0,0,0,0,0,0,0,0,0,0
2020-10-05,0,0,0,0,0,0,0,0,0,0,0,0,0,0,0,0,0,0,0
2020-11-05,0,0,9,0,0,0,0,0,9,1,0,1,1,2,0,0,0,5,28
2020-12-05,0,0,1,0,0,0,0,0,1,2,0,0,1,3,0,0,0,6,14
2020-05-13,0,0,1,0,0,0,0,0,1,3,0,0,4,1,0,0,0,8,18
2020-05-14,0,0,3,0,0,0,0,0,3,1,0,0,3,2,0,0,0,6,18
2020-05-15,0,0,0,0,0,0,0,0,0,2,1,0,3,3,0,0,0,9,18
2020-05-16,0,0,0,0,0,0,0,0,0,0,0,0,0,0,0,0,0,0,0
2020-05-17,0,0,0,0,0,0,0,0,0,0,0,0,0,0,0,0,0,0,0
2020-05-18,1,0,5,11,3,1,0,0,21,0,0,0,1,2,0,0,0,3,48
2020-05-19,0,0,0,0,0,0,0,0,0,0,0,4,0,1,0,0,0,5,10
2020-05-20,0,0,0,0,0,0,0,0,0,1,1,0,1,0,0,0,0,3,6
2020-05-21,0,0,0,0,0,0,0,0,0,0,0,0,0,0,0,0,0,0,0
2020-05-22,0,0,1,0,0,0,0,0,1,0,0,0,0,0,0,0,0,0,2
2020-05-23,0,0,0,0,0,0,0,0,0,0,0,0,0,0,0,0,0,0,0
2020-05-24,0,0,0,0,0,0,0,0,0,0,0,0,0,0,0,0,0,0,0
2020-05-25,0,0,3,0,0,0,0,0,3,0,0,0,0,0,0,0,0,0,6
2020-05-26,0,0,0,0,0,0,0,0,0,1,0,0,1,0,0,0,0,2,4
2020-05-27,0,0,0,0,0,0,0,0,0,0,0,0,2,2,0,0,0,4,8
2020-05-28,1,0,4,0,0,0,0,0,5,1,0,1,4,0,0,0,0,6,22
2020-05-29,0,0,1,0,0,0,0,0,1,0,0,1,1,3,0,0,0,5,12
2020-05-30,0,0,0,0,0,0,0,0,0,0,0,0,0,0,0,0,0,0,0
2020-05-31,0,0,0,0,0,0,0,0,0,0,0,0,0,0,0,0,0,0,0
2020-01-06,0,0,0,0,0,0,0,0,0,1,0,0,2,1,0,0,0,4,8
2020-02-06,9,0,1,9,13,0,0,0,32,1,0,5,1,1,0,0,0,8,80
2020-03-06,0,0,0,0,0,0,0,0,0,0,2,0,2,2,0,0,0,6,12
2020-04-06,0,0,1,0,0,0,0,0,1,1,0,0,0,0,0,0,0,1,4
2020-05-06,1,0,0,0,0,0,0,0,1,1,0,0,1,0,0,0,0,2,6
2020-06-06,0,0,0,0,0,0,0,0,0,0,0,0,0,0,0,0,0,0,0
2020-07-06,0,0,0,0,0,0,0,0,0,0,0,0,0,0,0,0,0,0,0
2020-08-06,1,0,5,2,0,0,0,0,8,1,1,0,1,0,0,0,0,3,22
2020-09-06,0,0,0,0,0,0,0,0,0,2,0,0,4,0,0,0,0,6,12
2020-10-06,3,0,4,6,0,0,0,0,13,2,0,1,1,1,0,0,0,5,36
2020-11-06,0,0,0,0,0,0,0,0,0,0,0,2,1,0,0,0,0,3,6
2020-12-06,0,0,1,0,0,0,0,0,1,1,0,0,0,2,0,0,0,3,8
2020-06-13,0,0,0,0,0,0,0,0,0,0,0,0,0,0,0,0,0,0,0
2020-06-14,0,0,0,0,0,0,0,0,0,0,0,0,0,0,0,0,0,0,0
2020-06-15,1,0,0,0,0,0,0,0,1,0,0,0,5,1,0,0,0,6,14
2020-06-16,0,0,0,0,0,0,0,0,0,2,0,3,2,2,0,0,0,9,18
2020-06-17,0,0,0,0,0,0,0,0,0,2,1,0,4,0,0,0,0,7,14
2020-06-18,0,0,1,0,0,0,0,0,1,2,0,2,4,5,0,0,0,13,28
2020-06-19,0,0,0,1,0,2,0,0,3,0,0,0,1,2,0,0,0,3,12
2020-06-20,0,0,0,0,0,0,0,0,0,0,0,0,0,0,0,0,0,0,0
2020-06-21,0,0,0,0,0,0,0,0,0,0,0,0,0,0,0,0,0,0,0
2020-06-22,0,0,1,0,0,0,0,0,1,2,0,2,3,1,0,0,0,8,18
2020-06-23,1,0,0,1,0,0,0,0,2,2,0,0,3,3,0,0,0,8,20
2020-06-24,1,0,0,0,0,0,0,0,1,0,0,0,3,1,0,0,0,4,10
2020-06-25,0,0,0,0,0,0,0,0,0,2,0,0,7,2,0,0,0,11,22
2020-06-26,0,0,0,0,0,0,0,0,0,0,0,0,4,0,0,0,0,4,8
2020-06-27,0,0,0,0,0,0,0,0,0,0,0,0,0,0,0,0,0,0,0
2020-06-28,0,0,0,0,0,0,0,0,0,0,0,0,0,0,0,0,0,0,0
2020-06-29,0,0,3,1,0,0,0,0,4,0,0,4,1,1,0,0,0,6,20
2020-06-30,4,0,4,2,0,0,0,0,10,1,0,0,0,0,0,0,0,1,22
2020-01-07,0,0,0,0,0,0,0,0,0,2,1,0,2,2,0,0,0,7,14
2020-02-07,1,0,1,0,0,0,0,0,2,0,0,0,0,0,0,0,0,0,4
2020-03-07,0,0,0,0,0,0,0,0,0,1,3,1,0,0,0,0,0,5,10
2020-04-07,0,0,0,0,0,0,0,0,0,0,0,0,0,0,0,0,0,0,0
2020-05-07,0,0,0,0,0,0,0,0,0,0,0,0,0,0,0,0,0,0,0
2020-06-07,0,0,1,0,0,0,0,0,1,1,0,1,0,2,0,0,0,4,10
2020-07-07,0,0,2,0,0,0,0,0,2,7,2,2,4,3,0,0,0,18,40
2020-08-07,0,0,0,0,0,0,0,0,0,2,0,7,3,0,0,0,0,12,24
2020-09-07,0,0,0,0,0,0,0,0,0,0,0,0,4,3,0,0,0,7,14
2020-10-07,0,0,2,0,0,0,0,0,2,1,0,0,2,1,0,0,0,4,12
2020-11-07,0,0,0,0,0,0,0,0,0,0,0,0,0,0,0,0,0,0,0
2020-12-07,0,0,0,0,0,0,0,0,0,0,0,0,0,0,0,0,0,0,0
2020-07-13,0,0,2,0,0,0,0,0,2,0,0,0,0,0,0,0,0,0,4
2020-07-14,0,0,1,0,0,0,0,0,1,2,0,9,15,2,1,0,0,29,60
2020-07-15,0,0,1,0,0,0,0,0,1,2,0,0,5,1,0,0,0,8,18
2020-07-16,1,0,0,0,0,0,0,0,1,1,0,0,1,2,0,0,0,4,10
2020-07-17,0,0,0,0,0,0,0,0,0,1,0,1,0,0,0,0,0,2,4
2020-07-18,0,0,0,0,0,0,0,0,0,0,0,0,0,0,0,0,0,0,0
2020-07-19,0,0,0,0,0,0,0,0,0,0,0,0,0,0,0,0,0,0,0
2020-07-20,0,0,0,0,0,0,0,0,0,0,0,0,4,1,0,0,0,5,10
2020-07-21,0,0,0,0,0,0,0,0,0,1,0,0,1,2,0,0,0,4,8
2020-07-22,1,0,2,0,0,0,0,0,3,1,0,0,4,3,0,0,0,8,22
2020-07-23,0,0,0,0,0,0,0,0,0,0,2,0,4,2,0,0,0,8,16
2020-07-24,2,0,2,3,0,0,0,0,7,0,0,0,5,2,0,0,0,7,28
2020-07-25,0,0,0,0,0,0,0,0,0,0,0,0,0,0,0,0,0,0,0
2020-07-26,0,0,0,0,0,0,0,0,0,0,0,0,0,0,0,0,0,0,0
2020-07-27,0,0,2,0,0,0,0,0,2,0,0,0,0,0,0,0,0,0,4
2020-07-28,0,0,0,0,0,0,0,0,0,0,0,0,0,0,0,0,0,0,0
2020-07-29,0,0,0,0,0,0,0,0,0,1,1,0,2,1,0,0,0,5,10
2020-07-30,0,0,1,0,0,0,0,0,1,2,0,0,6,4,1,0,0,13,28
2020-07-31,0,0,0,0,0,0,0,0,0,1,0,2,3,0,0,0,0,6,12
2020-01-08,0,0,0,0,0,0,0,0,0,0,0,0,0,0,0,0,0,0,0
2020-02-08,0,0,0,0,0,0,0,0,0,0,0,0,0,0,0,0,0,0,0
2020-03-08,0,0,0,0,0,0,0,0,0,0,0,0,1,0,0,0,0,1,2
2020-04-08,0,0,0,0,0,0,0,0,0,2,0,2,0,0,0,0,0,4,8
2020-05-08,0,0,1,2,0,0,0,0,3,2,1,0,2,2,0,0,0,7,20
2020-06-08,0,0,0,0,0,0,0,0,0,0,0,0,2,1,0,0,0,3,6
2020-07-08,0,0,0,0,0,0,0,0,0,2,0,0,2,1,0,0,0,5,10
2020-08-08,0,0,0,0,0,0,0,0,0,0,0,0,0,0,0,0,0,0,0
2020-09-08,0,0,0,0,0,0,0,0,0,0,0,0,0,0,0,0,0,0,0
2020-10-08,0,0,0,2,0,0,0,0,2,1,1,0,3,0,0,0,0,5,14
2020-11-08,0,0,0,1,0,0,0,0,1,1,0,0,3,4,0,0,0,8,18
2020-12-08,0,0,1,1,0,0,0,0,2,0,0,0,0,0,0,0,0,0,4
2020-08-13,0,0,2,1,0,0,0,0,3,0,0,0,1,1,0,0,0,2,10
2020-08-14,0,0,0,1,0,0,0,0,1,1,1,0,1,4,0,0,0,7,16
2020-08-15,0,0,0,0,0,0,0,0,0,0,0,0,0,0,0,0,0,0,0
2020-08-16,0,0,0,0,0,0,0,0,0,0,0,0,0,0,0,0,0,0,0
2020-08-17,0,0,1,1,0,0,0,0,2,1,0,0,5,0,0,0,0,6,16
2020-08-18,0,0,3,0,0,1,0,0,4,0,0,2,3,0,0,0,0,5,18
2020-08-19,0,0,0,0,0,0,0,0,0,3,1,3,4,2,0,0,0,13,26
2020-08-20,0,0,0,0,0,0,0,0,0,2,0,2,1,5,0,0,0,10,20
2020-08-21,0,0,1,0,0,1,0,0,2,0,0,0,1,2,0,0,0,3,10
2020-08-22,0,0,0,0,0,0,0,0,0,0,0,0,0,0,0,0,0,0,0
2020-08-23,0,0,0,0,0,0,0,0,0,0,0,0,0,0,0,0,0,0,0
2020-08-24,3,0,1,4,0,0,0,0,8,1,0,1,6,2,0,0,0,10,36
2020-08-25,0,0,0,0,0,0,0,0,0,0,0,0,1,0,0,0,0,1,2
2020-08-26,0,0,0,0,0,0,0,0,0,0,0,0,1,2,0,0,0,3,6
2020-08-27,0,0,0,0,0,0,0,0,0,3,0,0,0,0,0,0,0,3,6
2020-08-28,0,0,0,0,0,0,0,0,0,1,0,0,3,4,0,0,0,8,16
2020-08-29,0,0,0,0,0,0,0,0,0,0,0,0,0,0,0,0,0,0,0
2020-08-30,0,0,0,0,0,0,0,0,0,0,0,0,0,0,0,0,0,0,0
2020-08-31,0,0,0,0,0,0,0,0,0,0,0,0,0,0,0,0,0,0,0
2020-01-09,0,0,0,0,0,0,0,0,0,1,0,2,3,2,0,0,0,8,16
2020-02-09,4,0,1,3,0,0,0,0,8,0,0,0,1,2,0,0,0,3,22
2020-03-09,0,0,0,0,0,0,0,0,0,0,0,0,1,0,0,0,0,1,2
2020-04-09,0,0,0,0,0,0,0,0,0,0,0,0,2,0,0,0,0,2,4
2020-05-09,0,0,0,0,0,0,0,0,0,0,0,0,0,0,0,0,0,0,0
2020-06-09,0,0,0,0,0,0,0,0,0,0,0,0,0,0,0,0,0,0,0
2020-07-09,1,0,0,5,0,0,0,0,6,0,0,0,0,0,0,0,0,0,12
2020-08-09,0,0,1,0,0,0,0,0,1,1,0,3,2,1,0,0,0,7,16
2020-09-09,0,0,1,0,0,0,0,0,1,2,1,1,0,2,0,0,0,6,14
2020-10-09,0,0,0,0,0,0,0,0,0,0,0,1,1,0,0,0,0,2,4
2020-11-09,0,0,1,2,0,0,0,0,3,1,0,8,4,0,0,0,0,13,32
2020-12-09,0,0,0,0,0,0,0,0,0,0,0,0,0,0,0,0,0,0,0
2020-09-13,0,0,0,0,0,0,0,0,0,0,0,0,0,0,0,0,0,0,0
2020-09-14,0,0,12,1,0,0,0,0,13,3,0,5,0,2,0,0,0,10,46
2020-09-15,0,0,3,0,0,0,0,0,3,3,0,3,5,5,0,0,0,16,38
2020-09-16,0,0,2,2,0,0,0,0,4,2,0,5,1,0,0,0,0,8,24
2020-09-17,4,0,3,4,0,0,0,0,11,3,0,2,1,4,0,0,0,10,42
2020-09-18,4,1,6,8,0,1,0,0,20,0,0,2,0,0,0,0,0,2,44
2020-09-19,0,0,0,0,0,0,0,0,0,0,0,0,0,0,0,0,0,0,0
2020-09-20,0,0,0,0,0,0,0,0,0,0,0,0,0,0,0,0,0,0,0
2020-09-21,3,0,8,0,0,0,0,0,11,2,1,1,5,3,0,0,0,12,46
2020-09-22,4,1,18,8,0,1,0,0,32,3,0,1,3,0,0,0,0,7,78
2020-09-23,0,0,0,0,0,0,0,0,0,2,0,1,3,1,0,0,0,7,14
2020-09-24,14,4,12,7,0,0,0,0,37,0,0,3,3,0,0,0,0,6,86
2020-09-25,0,0,2,0,0,0,0,0,2,1,0,0,2,0,0,0,0,3,10
2020-09-26,0,0,0,0,0,0,0,0,0,0,0,0,0,0,0,0,0,0,0
2020-09-27,0,0,0,0,0,0,0,0,0,0,0,0,0,0,0,0,0,0,0
2020-09-28,0,0,5,0,0,0,0,0,5,2,0,5,6,3,0,0,0,16,42
2020-09-29,0,0,0,0,0,0,0,0,0,1,0,2,25,6,0,0,0,34,68
2020-09-30,0,0,1,0,0,0,0,0,1,4,0,4,17,2,0,0,0,27,56
2020-01-10,0,0,0,0,0,0,0,0,0,2,0,0,2,2,0,0,0,6,12
2020-02-10,0,0,0,0,0,0,0,0,0,0,0,1,6,1,0,0,0,8,16
2020-03-10,0,0,0,0,0,0,0,0,0,0,0,0,0,0,0,0,0,0,0
2020-04-10,0,0,0,0,0,0,0,0,0,0,0,0,0,0,0,0,0,0,0
2020-05-10,0,0,4,1,0,2,0,0,7,1,0,1,3,1,0,0,0,6,26
2020-06-10,0,0,1,0,0,0,0,0,1,0,0,0,1,0,0,0,0,1,4
2020-07-10,0,0,1,0,0,0,0,0,1,1,0,6,3,4,0,0,0,14,30
2020-08-10,0,0,1,0,0,0,0,0,1,1,0,3,1,0,0,0,0,5,12
2020-09-10,0,0,0,0,0,0,0,0,0,0,0,1,4,4,0,0,0,9,18
2020-10-10,0,0,0,0,0,0,0,0,0,0,0,0,0,0,0,0,0,0,0
2020-11-10,0,0,0,0,0,0,0,0,0,0,0,0,0,0,0,0,0,0,0
2020-12-10,0,0,2,0,0,0,0,0,2,9,0,6,7,7,0,0,0,29,62
2020-10-13,0,0,5,1,0,0,0,0,6,0,0,1,4,0,0,0,0,5,22
2020-10-14,10,2,5,2,0,0,0,0,19,1,0,0,11,3,0,0,0,15,68
2020-10-15,0,0,1,0,0,0,0,0,1,2,0,4,10,3,0,0,0,19,40
2020-10-16,0,0,0,0,0,0,0,0,0,2,0,2,1,2,0,0,0,7,14
2020-10-17,0,0,0,0,0,0,0,0,0,0,0,0,0,0,0,0,0,0,0
2020-10-18,0,0,0,0,0,0,0,0,0,0,0,0,0,0,0,0,0,0,0
2020-10-19,0,0,2,1,0,0,0,0,3,2,0,0,0,0,0,0,0,2,10
2020-10-20,1,0,4,2,0,0,0,0,7,0,0,0,4,1,0,0,0,5,24
2020-10-21,0,0,0,0,0,0,0,0,0,0,0,0,1,0,0,0,0,1,2
2020-10-22,0,0,5,0,0,0,0,0,5,3,0,4,6,2,0,0,0,15,40
2020-10-23,0,0,0,0,0,0,0,0,0,1,0,0,1,1,0,0,0,3,6
2020-10-24,0,0,0,0,0,0,0,0,0,0,0,0,0,0,0,0,0,0,0
2020-10-25,0,0,0,0,0,0,0,0,0,0,0,0,0,0,0,0,0,0,0
2020-10-26,0,0,0,0,0,0,0,0,0,0,0,0,3,0,0,0,0,3,6
2020-10-27,5,0,5,4,0,0,0,0,14,0,0,0,1,3,0,0,0,4,36
2020-10-28,1,2,0,0,0,1,0,0,4,0,0,0,1,0,0,0,0,1,10
2020-10-29,0,0,0,0,0,0,0,0,0,4,1,3,8,5,1,0,0,22,44
2020-10-30,0,0,2,0,0,0,0,0,2,2,0,0,1,1,0,0,0,4,12
2020-10-31,0,0,0,0,0,0,0,0,0,0,0,0,0,0,0,0,0,0,0
2020-01-11,0,0,0,0,0,0,0,0,0,0,0,0,0,0,0,0,0,0,0
2020-02-11,0,0,0,0,0,0,0,0,0,0,0,0,0,0,0,0,0,0,0
2020-03-11,0,0,2,1,0,0,0,0,3,5,2,0,5,3,0,0,0,15,36
2020-04-11,0,0,0,0,0,0,0,0,0,0,0,1,0,1,0,0,0,2,4
2020-05-11,0,0,0,0,0,0,0,0,0,1,1,0,7,2,0,0,0,11,22
2020-06-11,0,0,0,0,0,0,0,0,0,0,0,0,1,0,0,0,0,1,2
2020-07-11,0,0,0,0,0,0,0,0,0,0,0,0,0,0,0,0,0,0,0
2020-08-11,0,0,0,0,0,0,0,0,0,0,0,0,0,0,0,0,0,0,0
2020-09-11,5,0,14,1,0,0,0,0,20,2,1,1,5,1,0,0,0,10,60
2020-10-11,0,0,1,0,0,0,0,0,1,2,2,2,4,0,0,0,0,10,22
2020-11-11,0,0,0,0,0,0,0,0,0,0,0,0,5,2,0,0,0,7,14
2020-12-11,0,0,0,0,0,0,0,0,0,2,2,2,25,4,1,0,0,36,72
2020-11-13,3,2,6,2,2,0,0,0,15,0,0,0,2,1,0,0,0,3,36
2020-11-14,0,0,0,0,0,0,0,0,0,0,0,0,0,0,0,0,0,0,0
2020-11-15,0,0,0,0,0,0,0,0,0,0,0,0,0,0,0,0,0,0,0
2020-11-16,3,0,5,2,0,0,0,0,10,2,0,2,8,1,0,0,0,13,46
2020-11-17,0,0,0,0,0,0,0,0,0,1,0,2,8,2,0,0,0,13,26
2020-11-18,1,0,7,0,0,0,0,0,8,1,3,1,10,7,0,0,0,22,60
2020-11-19,0,0,1,0,0,0,0,0,1,0,0,0,1,1,0,0,0,2,6
2020-11-20,2,0,3,1,0,0,0,0,6,1,0,1,0,0,0,0,0,2,16
2020-11-21,0,0,0,0,0,0,0,0,0,0,0,0,0,0,0,0,0,0,0
2020-11-22,0,0,0,0,0,0,0,0,0,0,0,0,0,0,0,0,0,0,0
2020-11-23,0,0,2,1,0,0,0,0,3,3,0,2,11,3,0,0,0,19,44
2020-11-24,0,0,3,0,0,0,0,0,3,1,4,1,5,0,0,0,0,11,28
2020-11-25,2,0,7,0,0,1,0,0,10,1,1,3,2,4,0,0,0,11,42
2020-11-26,0,0,0,0,0,0,0,0,0,1,0,0,5,1,0,0,0,7,14
2020-11-27,0,0,0,0,0,0,0,0,0,1,0,0,8,8,0,0,0,17,34
2020-11-28,0,0,0,0,0,0,0,0,0,0,0,0,0,0,0,0,0,0,0
2020-11-29,0,0,0,0,0,0,0,0,0,0,0,0,0,0,0,0,0,0,0
2020-11-30,1,0,5,1,0,0,0,0,7,5,0,3,4,2,0,0,0,14,42
2020-01-12,0,0,0,0,0,0,0,0,0,0,0,1,5,0,0,0,0,6,12
2020-02-12,0,0,0,0,0,0,0,0,0,2,0,3,5,1,0,0,0,11,22
2020-03-12,0,0,0,0,0,0,0,0,0,3,0,3,7,2,0,0,0,15,30
2020-04-12,0,0,1,0,0,0,0,0,1,0,1,1,1,0,0,0,0,3,8
2020-05-12,0,0,0,0,0,0,0,0,0,0,0,0,0,0,0,0,0,0,0
2020-06-12,0,0,0,0,0,0,0,0,0,0,0,0,0,0,0,0,0,0,0
2020-07-12,0,0,0,0,0,0,0,0,0,0,0,0,3,0,0,0,0,3,6
2020-08-12,0,0,0,1,0,0,0,0,1,1,0,0,4,1,0,0,0,6,14
2020-09-12,6,0,18,4,0,0,0,0,28,2,0,0,1,0,0,0,0,3,62
2020-10-12,0,0,0,0,0,0,0,0,0,1,0,2,2,0,0,0,0,5,10
2020-11-12,2,0,2,4,0,0,0,0,8,8,0,13,4,1,11,0,0,37,90
2020-12-12,0,0,0,0,0,0,0,0,0,0,0,0,0,0,0,0,0,0,0
2020-12-13,0,0,0,0,0,0,0,0,0,0,0,0,0,0,0,0,0,0,0
2020-12-14,11,1,26,4,0,1,0,0,43,1,0,3,6,2,0,0,0,12,110
2020-12-15,1,0,0,0,0,0,0,0,1,2,0,0,4,2,0,0,0,8,18
2020-12-16,4,0,1,12,0,0,0,0,17,0,0,0,1,0,0,0,0,1,36
2020-12-17,0,0,1,5,0,0,0,0,6,11,0,4,7,20,0,0,0,42,96
2020-12-18,0,0,0,0,0,0,0,0,0,0,0,0,1,0,0,0,0,1,2
2020-12-19,0,0,0,0,0,0,0,0,0,0,0,0,0,0,0,0,0,0,0
2020-12-20,0,0,0,0,0,0,0,0,0,0,0,0,0,0,0,0,0,0,0
2020-12-21,0,0,1,0,0,0,0,0,1,0,0,0,5,2,0,0,0,7,16
2020-12-22,0,0,0,0,0,0,0,0,0,1,0,1,1,1,0,0,0,4,8
2020-12-23,0,0,0,0,0,0,0,0,0,1,0,0,2,0,0,0,0,3,6
2020-12-24,0,0,2,0,0,0,0,0,2,0,0,0,0,0,0,0,0,0,4
2020-12-25,0,0,0,0,0,0,0,0,0,0,0,0,0,0,0,0,0,0,0
2020-12-26,0,0,0,0,0,0,0,0,0,0,0,0,0,0,0,0,0,0,0
2020-12-27,0,0,0,0,0,0,0,0,0,0,0,0,0,0,0,0,0,0,0
2020-12-28,0,0,1,0,0,0,0,0,1,0,0,0,2,0,0,0,0,2,6
2020-12-29,0,0,1,0,0,0,0,0,1,0,0,0,0,0,0,0,0,0,2
2020-12-30,0,0,0,0,0,0,0,0,0,0,0,0,0,0,0,0,0,0,0
2020-12-31,0,0,1,0,0,0,0,0,1,0,0,0,0,0,0,0,0,0,2
2021-01-01,0,0,0,0,0,0,0,0,0,0,0,0,0,0,0,0,0,0,0
2021-02-01,0,0,0,0,0,0,0,0,0,0,0,0,0,0,0,0,0,0,0
2021-03-01,0,0,0,0,0,0,0,0,0,0,0,0,0,0,0,0,0,0,0
2021-04-01,0,0,0,0,0,0,0,0,0,0,0,3,0,0,0,0,0,3,6
2021-05-01,4,0,7,14,0,0,0,0,25,0,0,0,0,0,0,0,0,0,50
2021-06-01,0,0,2,0,0,0,0,0,2,0,0,0,5,0,0,0,0,5,14
2021-07-01,0,0,1,0,0,0,0,0,1,0,0,0,0,0,0,0,0,0,2
2021-08-01,0,0,1,0,0,0,0,0,1,2,0,4,4,1,0,0,0,11,24
2021-09-01,0,0,0,0,0,0,0,0,0,0,0,0,0,0,0,0,0,0,0
2021-10-01,0,0,0,0,0,0,0,0,0,0,0,0,0,0,0,0,0,0,0
2021-11-01,0,0,3,0,0,0,0,0,3,1,0,1,0,0,0,0,0,2,10
2021-12-01,0,0,1,0,0,0,0,0,1,0,0,0,0,0,0,0,0,0,2
2021-01-13,0,0,0,0,0,0,0,0,0,0,0,3,1,0,0,0,0,4,8
2021-01-14,0,0,1,0,0,0,0,0,1,0,0,0,0,0,0,0,0,0,2
2021-01-15,1,0,2,2,0,0,0,0,5,0,0,0,5,0,0,0,0,5,20
2021-01-16,0,0,0,0,0,0,0,0,0,0,0,0,0,0,0,0,0,0,0
2021-01-17,0,0,0,0,0,0,0,0,0,0,0,0,0,0,0,0,0,0,0
2021-01-18,0,0,2,0,0,0,0,0,2,2,0,0,3,0,0,0,0,5,14
2021-01-19,3,0,6,3,0,0,0,0,12,0,0,2,0,0,0,0,0,2,28
2021-01-20,2,0,3,11,0,1,0,0,17,0,0,0,3,1,0,0,0,4,42
2021-01-21,2,0,3,1,0,0,0,0,6,1,0,0,5,1,0,0,0,7,26
2021-01-22,2,0,8,0,0,0,0,0,10,0,0,2,3,0,0,0,0,5,30
2021-01-23,0,0,0,0,0,0,0,0,0,0,0,0,0,0,0,0,0,0,0
2021-01-24,0,0,0,0,0,0,0,0,0,0,0,0,0,0,0,0,0,0,0
2021-01-25,0,0,1,1,0,0,0,0,2,0,0,2,2,1,0,0,0,5,14
2021-01-26,1,0,9,1,0,0,0,0,11,0,0,0,5,0,0,0,0,5,32
2021-01-27,0,0,0,0,0,0,0,0,0,1,0,1,3,2,0,0,0,7,14
2021-01-28,0,0,0,0,0,0,0,0,0,0,0,0,1,0,0,0,0,1,2
2021-01-29,0,0,5,0,0,0,0,0,5,2,1,2,5,0,0,0,0,10,30
2021-01-30,0,0,0,0,0,0,0,0,0,0,0,0,0,0,0,0,0,0,0
2021-01-31,0,0,0,0,0,0,0,0,0,0,0,0,0,0,0,0,0,0,0
2021-01-02,5,0,10,12,0,0,0,0,27,1,0,1,4,0,0,0,0,6,66
2021-02-02,3,0,0,0,0,0,0,0,3,0,0,0,3,1,0,0,0,4,14
2021-03-02,0,0,2,0,0,0,0,0,2,0,0,4,3,2,0,0,0,9,22
2021-04-02,0,0,6,0,0,0,0,0,6,2,0,1,9,4,0,0,0,16,44
2021-05-02,0,0,2,0,0,0,0,0,2,0,0,0,4,0,0,0,0,4,12
2021-06-02,0,0,0,0,0,0,0,0,0,0,0,0,0,0,0,0,0,0,0
2021-07-02,0,0,0,0,0,0,0,0,0,0,0,0,0,0,0,0,0,0,0
2021-08-02,0,0,2,0,0,0,0,0,2,1,0,2,2,1,0,0,0,6,16
2021-09-02,0,0,0,0,0,0,0,0,0,0,0,0,1,0,0,0,0,1,2
2021-10-02,1,0,1,3,0,0,0,0,5,2,0,0,3,0,0,0,0,5,20
2021-11-02,0,0,0,0,0,0,0,0,0,0,0,0,1,1,0,0,0,2,4
2021-12-02,0,0,0,0,0,0,0,0,0,0,0,0,4,1,0,0,0,5,10
2021-02-13,0,0,0,0,0,0,0,0,0,0,0,0,0,0,0,0,0,0,0
2021-02-14,0,0,0,0,0,0,0,0,0,0,0,0,0,0,0,0,0,0,0
2021-02-15,0,0,5,0,0,0,0,0,5,2,1,0,4,0,0,0,0,7,24
2021-02-16,0,0,0,0,0,0,0,0,0,2,0,0,3,0,0,0,0,5,10
2021-02-17,0,0,8,0,0,1,0,0,9,0,0,1,4,0,0,0,0,5,28
2021-02-18,0,0,1,0,0,0,0,0,1,2,0,0,4,2,0,0,0,8,18
2021-02-19,6,1,11,2,0,0,0,0,20,2,0,0,5,1,0,0,0,8,56
2021-02-20,0,0,0,0,0,0,0,0,0,0,0,0,0,0,0,0,0,0,0
2021-02-21,0,0,0,0,0,0,0,0,0,0,0,0,0,0,0,0,0,0,0
2021-02-22,0,0,0,0,0,0,0,0,0,1,0,0,1,1,0,0,0,3,6
2021-02-23,0,0,4,0,0,0,0,0,4,0,0,0,3,0,0,0,0,3,14
2021-02-24,18,4,6,11,0,0,0,0,39,0,0,0,1,0,0,0,0,1,80
2021-02-25,0,0,0,1,0,0,0,0,1,1,0,0,8,1,0,0,0,10,22
2021-02-26,0,0,1,0,0,0,0,0,1,0,0,0,2,3,0,0,0,5,12
2021-02-27,0,0,0,0,0,0,0,0,0,0,0,0,0,0,0,0,0,0,0
2021-02-28,0,0,0,0,0,0,0,0,0,0,0,0,0,0,0,0,0,0,0
2021-01-03,3,0,9,8,0,0,0,0,20,0,0,1,2,0,0,0,0,3,46
2021-02-03,0,0,0,0,0,0,0,0,0,0,0,0,0,0,0,0,0,0,0
2021-03-03,0,0,0,0,0,0,0,0,0,0,0,1,2,0,0,0,0,3,6
2021-04-03,1,0,2,4,0,0,0,0,7,0,0,2,6,0,0,0,0,8,30
2021-05-03,1,0,3,1,0,0,0,0,5,0,0,0,1,0,0,0,0,1,12
2021-06-03,0,0,0,0,0,0,0,0,0,0,0,0,0,0,0,0,0,0,0
2021-07-03,0,0,0,0,0,0,0,0,0,0,0,0,0,0,0,0,0,0,0
2021-08-03,0,0,0,0,0,2,0,0,2,1,0,2,1,0,0,0,0,4,12
2021-09-03,0,0,1,0,0,0,0,0,1,0,0,0,9,0,0,0,0,9,20
2021-10-03,4,0,8,7,0,1,0,0,20,1,0,3,4,1,0,0,0,9,58
2021-11-03,1,0,12,0,0,0,0,0,13,2,1,0,4,3,0,0,0,10,46
2021-12-03,0,0,0,0,0,0,0,0,0,0,0,2,2,2,0,0,0,6,12
2021-03-13,0,0,0,0,0,0,0,0,0,0,0,0,0,0,0,0,0,0,0
2021-03-14,0,0,0,0,0,0,0,0,0,0,0,0,0,0,0,0,0,0,0
2021-03-15,0,0,0,0,0,0,0,0,0,0,0,0,3,2,1,0,0,6,12
2021-03-16,0,0,0,0,0,0,0,0,0,4,0,0,1,5,0,0,0,10,20
2021-03-17,0,0,0,0,0,0,0,0,0,1,0,0,4,1,0,0,0,6,12
2021-03-18,0,0,0,0,0,0,0,0,0,1,0,9,2,0,0,0,0,12,24
2021-03-19,1,0,2,0,0,0,0,0,3,0,0,2,16,3,0,0,0,21,48
2021-03-20,0,0,0,0,0,0,0,0,0,0,0,0,0,0,0,0,0,0,0
2021-03-21,0,0,0,0,0,0,0,0,0,0,0,0,0,0,0,0,0,0,0
2021-03-22,0,0,4,0,0,0,0,0,4,0,0,0,2,0,0,0,0,2,12
2021-03-23,0,0,3,0,0,0,0,0,3,1,0,0,4,0,0,0,0,5,16
2021-03-24,1,0,5,0,0,0,0,0,6,0,0,0,1,0,0,0,0,1,14
2021-03-25,0,0,1,0,0,0,0,0,1,5,2,4,9,4,0,0,0,24,50
2021-03-26,1,0,2,1,0,4,0,0,8,0,0,4,3,2,0,0,0,9,34
2021-03-27,0,0,0,0,0,0,0,0,0,0,0,0,0,0,0,0,0,0,0
2021-03-28,0,0,0,0,0,0,0,0,0,0,0,0,0,0,0,0,0,0,0
2021-03-29,0,0,0,0,0,0,0,0,0,2,2,1,3,2,0,0,0,10,20
2021-03-30,3,2,2,0,0,0,0,0,7,1,0,1,1,2,0,0,0,5,24
2021-03-31,0,0,6,0,0,0,0,0,6,1,0,2,1,3,0,0,0,7,26
2021-01-04,0,0,0,0,0,0,0,0,0,6,0,0,9,3,0,0,0,18,36
2021-02-04,0,0,0,0,0,0,0,0,0,0,0,0,0,0,0,0,0,0,0
2021-03-04,0,0,0,0,0,0,0,0,0,0,0,0,0,0,0,0,0,0,0
2021-04-04,0,0,0,0,0,0,0,0,0,0,0,0,0,0,0,0,0,0,0
2021-05-04,0,0,0,0,0,0,0,0,0,0,0,0,0,0,0,0,0,0,0
2021-06-04,3,0,1,0,0,0,0,0,4,2,0,0,3,2,0,0,0,7,22
2021-07-04,0,0,1,0,0,0,0,0,1,1,0,0,2,2,0,0,0,5,12
2021-08-04,0,0,1,0,0,0,0,0,1,0,0,0,0,0,0,0,0,0,2
2021-09-04,0,0,0,0,0,0,0,0,0,8,3,1,12,2,0,0,0,26,52
2021-10-04,0,0,0,0,0,0,0,0,0,0,0,0,0,0,0,0,0,0,0
2021-11-04,0,0,0,0,0,0,0,0,0,0,0,0,0,0,0,0,0,0,0
2021-12-04,1,0,14,11,0,0,0,0,26,2,0,0,2,1,0,0,0,5,62
2021-04-13,3,0,0,0,0,0,0,0,3,0,0,1,2,0,0,0,0,3,12
