date,pred
2015-11-18,-0.01264651957899332
2015-11-19,-0.01264651957899332
2015-11-20,-0.01264651957899332
2015-11-23,-0.01264651957899332
2015-11-24,-0.01264651957899332
2015-11-25,-0.01264651957899332
2015-11-26,-0.01264651957899332
2015-11-27,-0.01264651957899332
2015-11-30,-0.01264651957899332
2015-12-01,-0.01264651957899332
2015-12-02,-0.01264651957899332
2015-12-03,-0.01264651957899332
2015-12-04,-0.01264651957899332
2015-12-05,-0.01264651957899332
2015-12-07,-0.01264651957899332
2015-12-08,-0.01264651957899332
2015-12-09,-0.01264651957899332
2015-12-10,-0.01264651957899332
2015-12-11,-0.01264651957899332
2015-12-12,-0.01264651957899332
2015-12-14,-0.01264651957899332
2015-12-15,-0.01264651957899332
2015-12-16,-0.00660657649859786
2015-12-17,-0.01264651957899332
2015-12-18,-0.01264651957899332
2015-12-21,-0.01264651957899332
2015-12-22,-0.01264651957899332
2015-12-23,-0.01264651957899332
2015-12-30,-0.01264651957899332
2016-01-04,-0.01264651957899332
2016-01-05,-0.01264651957899332
2016-01-06,-0.01264651957899332
2016-01-07,-0.01264651957899332
2016-01-08,-0.01264651957899332
2016-01-11,-0.01264651957899332
2016-01-12,-0.01264651957899332
2016-01-13,-0.01264651957899332
2016-01-14,-0.01264651957899332
2016-01-15,-0.01264651957899332
2016-01-18,-0.01264651957899332
2016-01-19,-0.01264651957899332
2016-01-20,-0.01264651957899332
2016-01-21,-0.01264651957899332
2016-01-22,-0.01264651957899332
2016-01-25,-0.01264651957899332
2016-01-26,-0.01264651957899332
2016-01-27,-0.01264651957899332
2016-01-28,-0.01264651957899332
2016-01-29,-0.01264651957899332
2016-02-01,-0.01264651957899332
2016-02-02,-0.01264651957899332
2016-02-03,-0.01264651957899332
2016-02-04,-0.01264651957899332
2016-02-05,-0.01264651957899332
2016-02-08,-0.01264651957899332
2016-02-09,-0.01264651957899332
2016-02-10,-0.01264651957899332
2016-02-11,-0.01264651957899332
2016-02-12,-0.01264651957899332
2016-02-15,-0.01264651957899332
2016-02-16,-0.01264651957899332
2016-02-17,-0.01264651957899332
2016-02-18,-0.01264651957899332
2016-02-19,-0.01264651957899332
2016-02-22,-0.01264651957899332
2016-02-23,-0.01264651957899332
2016-02-24,-0.01264651957899332
2016-02-25,-0.01264651957899332
2016-02-26,-0.01264651957899332
2016-02-29,-0.012518280418589711
2016-03-01,-0.01264651957899332
2016-03-02,-0.01264651957899332
2016-03-03,-0.01264651957899332
2016-03-04,-0.01264651957899332
2016-03-07,-0.01264651957899332
2016-03-08,-0.01264651957899332
2016-03-09,-0.01264651957899332
2016-03-10,-0.01264651957899332
2016-03-11,-0.01264651957899332
2016-03-13,-0.01264651957899332
2016-03-14,-0.00934919249266386
2016-03-15,-0.01264651957899332
2016-03-16,-0.01264651957899332
2016-03-17,-0.01264651957899332
2016-03-18,-0.012598263255010048
2016-03-20,-0.01264651957899332
2016-03-21,-0.01264651957899332
2016-03-22,-0.01264651957899332
2016-03-23,-0.01264651957899332
2016-03-24,-0.01264651957899332
2016-03-29,-0.01264651957899332
2016-03-30,-0.01264651957899332
2016-03-31,-0.01264651957899332
2016-04-01,-0.01264651957899332
2016-04-03,-0.01264651957899332
2016-04-04,-0.01264651957899332
2016-04-05,-0.01264651957899332
2016-04-06,-0.01264651957899332
2016-04-07,-0.01264651957899332
2016-04-08,-0.01264651957899332
2016-04-11,-0.01264651957899332
2016-04-12,-0.01264651957899332
2016-04-13,-0.01264651957899332
2016-04-14,-0.01264651957899332
2016-04-15,-0.01264651957899332
2016-04-18,-0.01264651957899332
2016-04-19,-0.01264651957899332
2016-04-20,-0.01264651957899332
2016-04-21,-0.01264651957899332
2016-04-22,-0.01264651957899332
2016-04-25,-0.01264651957899332
2016-04-26,-0.01264651957899332
2016-04-27,-0.01264651957899332
2016-04-28,-0.01264651957899332
2016-04-29,-0.01264651957899332
2016-05-02,-0.01264651957899332
2016-05-03,-0.01264651957899332
2016-05-04,-0.01264651957899332
2016-05-05,-0.01264651957899332
2016-05-06,-0.01264651957899332
2016-05-09,-0.01264651957899332
2016-05-10,-0.01264651957899332
2016-05-11,-0.01264651957899332
2016-05-12,-0.01264651957899332
2016-05-13,-0.01264651957899332
2016-05-14,-0.01264651957899332
2016-05-16,-0.01264651957899332
2016-05-17,-0.01264651957899332
2016-05-18,0.00428700012465318
2016-05-19,-0.01264651957899332
2016-05-20,-0.01264651957899332
2016-05-23,-0.01264651957899332
2016-05-24,0.0030810069292783737
2016-05-25,-0.01264651957899332
2016-05-26,-0.01264651957899332
2016-05-27,-0.01264651957899332
2016-05-28,-0.01264651957899332
2016-05-29,-0.01264651957899332
2016-05-30,-0.01264651957899332
2016-05-31,-0.009285795812805494
2016-06-01,-0.01264651957899332
2016-06-02,-0.01264651957899332
2016-06-03,-0.01264651957899332
2016-06-05,-0.01264651957899332
2016-06-06,-0.01264651957899332
2016-06-07,-0.010817105260988077
2016-06-08,0.040383240673691034
2016-06-09,-0.01264651957899332
2016-06-10,-0.01264651957899332
2016-06-13,-0.0009099028538912535
2016-06-14,-0.01264651957899332
2016-06-15,-0.0132206950802356
2016-06-16,-0.011337156717975935
2016-06-17,-0.007021777797490358
2016-06-20,0.018378788605332375
2016-06-21,0.0025822166353464127
2016-06-22,-0.01264651957899332
2016-06-23,0.00475996476598084
2016-06-24,0.01531943865120411
2016-06-27,-0.01264651957899332
2016-06-28,-0.01264651957899332
2016-06-29,0.014935130253434181
2016-06-30,-0.01264651957899332
2016-07-01,-0.01264651957899332
2016-07-02,-0.01264651957899332
2016-07-04,-0.017200173577293754
2016-07-05,0.003934786189347506
2016-07-06,-0.01264651957899332
2016-07-07,-0.01264651957899332
2016-07-08,-0.01264651957899332
2016-07-11,-0.01264651957899332
2016-07-12,-0.01264651957899332
2016-07-13,0.01252833311446011
2016-07-14,-0.01264651957899332
2016-07-15,-0.01264651957899332
2016-07-18,-0.010118177315841118
2016-07-19,-0.005464228180547555
2016-07-20,-0.01264651957899332
2016-07-21,-0.01264651957899332
2016-07-22,-0.01264651957899332
2016-07-25,0.01261103292927146
2016-07-26,-0.01264651957899332
2016-07-27,-0.01264651957899332
2016-07-28,-0.01264651957899332
2016-07-29,-0.01264651957899332
2016-08-01,-0.01264651957899332
2016-08-02,-0.01264651957899332
2016-08-03,-0.01264651957899332
2016-08-04,-0.01264651957899332
2016-08-05,-0.01264651957899332
2016-08-08,0.007889423053711653
2016-08-09,-0.01264651957899332
2016-08-10,-0.01264651957899332
2016-08-11,-0.01264651957899332
2016-08-12,-0.01264651957899332
2016-08-15,-0.01264651957899332
2016-08-16,-0.01264651957899332
2016-08-17,-0.01264651957899332
2016-08-18,-0.01264651957899332
2016-08-19,-0.01264651957899332
2016-08-22,-0.01264651957899332
2016-08-23,-0.01264651957899332
2016-08-24,-0.01264651957899332
2016-08-25,-0.01264651957899332
2016-08-26,-0.01264651957899332
2016-08-29,-0.01264651957899332
2016-08-30,-0.01264651957899332
2016-08-31,-0.01264651957899332
2016-09-01,-0.0062214042991399765
2016-09-02,-0.01264651957899332
2016-09-05,-0.01264651957899332
2016-09-06,-0.01264651957899332
2016-09-07,-0.01264651957899332
2016-09-08,-0.01264651957899332
2016-09-09,-0.01264651957899332
2016-09-12,-0.01264651957899332
2016-09-13,-0.01264651957899332
2016-09-14,-0.01264651957899332
2016-09-15,-0.01264651957899332
2016-09-16,-0.01264651957899332
2016-09-19,-0.01264651957899332
2016-09-20,-0.01264651957899332
2016-09-21,-0.012955181766301394
2016-09-22,-0.01264651957899332
2016-09-23,-0.01264651957899332
2016-09-26,-0.01264651957899332
2016-09-27,-0.01264651957899332
2016-09-28,-0.01264651957899332
2016-09-29,-0.01264651957899332
2016-09-30,-0.01264651957899332
2016-10-03,-0.010378579143434763
2016-10-04,-0.01264651957899332
2016-10-05,-0.01264651957899332
2016-10-06,-0.008430665358901024
2016-10-07,-0.01264651957899332
2016-10-10,-0.01264651957899332
2016-10-11,-0.01264651957899332
2016-10-12,-0.01201470692952474
2016-10-13,-0.005739495903253555
2016-10-14,-0.01264651957899332
2016-10-17,-0.01264651957899332
2016-10-18,-0.01264651957899332
2016-10-19,-0.01264651957899332
2016-10-20,-0.01264651957899332
2016-10-21,-0.01264651957899332
2016-10-24,-0.01264651957899332
2016-10-25,-0.01264651957899332
2016-10-26,-0.01264651957899332
2016-10-27,-0.01264651957899332
2016-10-28,-0.01264651957899332
2016-10-31,-0.01264651957899332
2016-11-01,-0.01264651957899332
2016-11-02,-0.01264651957899332
2016-11-03,-0.01264651957899332
2016-11-04,-0.01264651957899332
2016-11-07,-0.01264651957899332
2016-11-08,-0.01264651957899332
2016-11-09,0.011707665398716927
2016-11-10,-0.01264651957899332
2016-11-11,-0.01264651957899332
2016-11-14,-0.01264651957899332
2016-11-15,-0.004786956124007702
2016-11-16,-0.01264651957899332
2016-11-17,-0.01264651957899332
2016-11-18,-0.0026696352288126945
2016-11-21,-0.01264651957899332
2016-11-22,-0.005313096335157752
2016-11-23,0.04434730547169844
2016-11-24,-0.01264651957899332
2016-11-25,-0.011918264751633009
2016-11-28,-0.01264651957899332
2016-11-29,0.09313127724453807
2016-11-30,-0.01264651957899332
2016-12-01,0.029491185676306486
2016-12-02,-0.01264651957899332
2016-12-05,0.028795241843909025
2016-12-07,-0.014834664762020111
2016-12-08,-0.01264651957899332
2016-12-09,0.014900557231158018
2016-12-12,-0.01157766254618764
2016-12-13,0.004956073593348265
2016-12-14,-0.009845292506118616
2016-12-15,-0.01264651957899332
2016-12-16,-0.008362955103317896
2016-12-19,0.023338769795373082
2016-12-20,-0.006988586857914925
2016-12-21,-0.01264651957899332
2016-12-22,-0.01264651957899332
2016-12-23,-0.01264651957899332
2017-01-03,-0.01264651957899332
2017-01-04,-0.01264651957899332
2017-01-05,-0.01264651957899332
2017-01-06,-0.01264651957899332
2017-01-09,0.023191898316144943
2017-01-10,-0.01264651957899332
2017-01-11,-0.01264651957899332
2017-01-12,-0.01264651957899332
2017-01-13,-0.01264651957899332
2017-01-16,-0.01264651957899332
2017-01-17,-0.002335673508544763
2017-01-18,-0.01264651957899332
2017-01-19,-0.01264651957899332
2017-01-20,-0.01264651957899332
2017-01-23,0.0021081063896417618
2017-01-24,-0.005418100161477923
2017-01-25,0.006487115907172362
2017-01-26,-0.01264651957899332
2017-01-27,-0.01264651957899332
2017-01-30,-0.01264651957899332
2017-01-31,-0.010922394692897797
2017-02-01,0.006337479377786319
2017-02-02,-0.01264651957899332
2017-02-03,-0.01264651957899332
2017-02-06,-0.01264651957899332
2017-02-07,-0.01264651957899332
2017-02-08,-0.01264651957899332
2017-02-09,0.0022234164644032717
2017-02-10,-0.01264651957899332
2017-02-13,-0.0001807700221737226
2017-02-14,-0.01072295910368363
2017-02-15,0.10396297213931878
2017-02-16,-0.01264651957899332
2017-02-17,-0.01264651957899332
2017-02-20,-0.01264651957899332
2017-02-21,-0.01264651957899332
2017-02-22,-0.01264651957899332
2017-02-23,-0.01264651957899332
2017-02-24,-0.006801197615762551
2017-02-27,-0.01264651957899332
2017-02-28,-0.01264651957899332
2017-03-01,-0.01264651957899332
2017-03-02,-0.01264651957899332
2017-03-03,-0.0016238063108175993
2017-03-04,-0.01264651957899332
2017-03-06,-0.01264651957899332
2017-03-07,-0.01264651957899332
2017-03-08,-0.01264651957899332
2017-03-09,-0.01264651957899332
2017-03-10,-0.01264651957899332
2017-03-13,-0.01264651957899332
2017-03-14,-0.01264651957899332
2017-03-15,-0.01264651957899332
2017-03-16,-0.01264651957899332
2017-03-17,-0.01264651957899332
2017-03-20,-0.01264651957899332
2017-03-21,-0.01264651957899332
2017-03-22,-0.01264651957899332
2017-03-23,-0.01264651957899332
2017-03-24,-0.01264651957899332
2017-03-27,-0.01264651957899332
2017-03-28,-0.01264651957899332
2017-03-29,-0.01264651957899332
2017-03-30,-0.01264651957899332
2017-03-31,-0.01264651957899332
2017-04-03,-0.01264651957899332
2017-04-04,-0.01264651957899332
2017-04-05,-0.01264651957899332
2017-04-06,-0.01264651957899332
2017-04-07,-0.01264651957899332
2017-04-10,-0.01264651957899332
2017-04-11,-0.01264651957899332
2017-04-12,-0.01264651957899332
2017-04-13,-0.01264651957899332
2017-04-18,-0.01264651957899332
2017-04-19,-0.01264651957899332
2017-04-20,-0.01264651957899332
2017-04-21,-0.01264651957899332
2017-04-24,0.0332767809741199
2017-04-25,-0.01264651957899332
2017-04-26,0.014813126996159554
2017-04-27,-0.01264651957899332
2017-04-28,-0.01264651957899332
2017-05-02,-0.0016919451300054789
2017-05-03,-0.01264651957899332
2017-05-04,-0.01264651957899332
2017-05-05,-0.01264651957899332
2017-05-08,-0.01264651957899332
2017-05-09,-0.01264651957899332
2017-05-10,-0.01264651957899332
2017-05-11,-0.01264651957899332
2017-05-12,-0.01264651957899332
2017-05-15,-0.01264651957899332
2017-05-16,-0.01264651957899332
2017-05-17,0.029398844810202718
2017-05-18,-0.01264651957899332
2017-05-19,0.01665895013138652
2017-05-22,-0.01264651957899332
2017-05-23,-0.01264651957899332
2017-05-24,-0.01264651957899332
2017-05-25,-0.01264651957899332
2017-05-26,-0.01264651957899332
2017-05-29,-0.01264651957899332
2017-05-30,0.017249280586838722
2017-05-31,-0.01264651957899332
2017-06-01,0.1537069114856422
2017-06-02,-0.01264651957899332
2017-06-05,-0.01264651957899332
2017-06-06,-0.01264651957899332
2017-06-07,-0.01264651957899332
2017-06-08,-0.01264651957899332
2017-06-09,0.03367783843229214
2017-06-11,0.07919034361839294
2017-06-12,-0.01264651957899332
2017-06-13,0.05354051245376468
2017-06-14,0.02339894014100234
2017-06-15,-0.01264651957899332
2017-06-16,-0.01264651957899332
2017-06-19,-0.01264651957899332
2017-06-20,-0.01264651957899332
2017-06-21,-0.015304401516914368
2017-06-22,-0.01264651957899332
2017-06-23,-0.01264651957899332
2017-06-26,-0.01264651957899332
2017-06-27,0.005601277109235525
2017-06-28,-0.01264651957899332
2017-06-29,-0.01264651957899332
2017-06-30,-0.01264651957899332
2017-07-03,-0.01264651957899332
2017-07-04,-0.00862458162009716
2017-07-05,0.003441372187808156
2017-07-06,-0.01264651957899332
2017-07-07,-0.01264651957899332
2017-07-10,-0.01264651957899332
2017-07-11,-0.010902265552431345
2017-07-12,-0.012766711646690965
2017-07-13,-0.01264651957899332
2017-07-14,-0.01264651957899332
2017-07-17,-0.01264651957899332
2017-07-18,-0.01264651957899332
2017-07-19,-0.01264651957899332
2017-07-20,-0.01264651957899332
2017-07-21,-0.01264651957899332
2017-07-24,-0.01264651957899332
2017-07-25,-0.01264651957899332
2017-07-26,-0.01264651957899332
2017-07-27,-0.013480831403285265
2017-07-28,-0.01264651957899332
2017-07-31,-0.01264651957899332
2017-08-01,-0.01264651957899332
2017-08-02,-0.01264651957899332
2017-08-03,-0.01264651957899332
2017-08-04,-0.01264651957899332
2017-08-07,-0.01264651957899332
2017-08-08,-0.01264651957899332
2017-08-09,-0.01264651957899332
2017-08-10,-0.01264651957899332
2017-08-11,-0.01264651957899332
2017-08-14,-0.01264651957899332
2017-08-15,-0.01264651957899332
2017-08-16,-0.01264651957899332
2017-08-17,-0.01264651957899332
2017-08-18,-0.01264651957899332
2017-08-21,-0.01264651957899332
2017-08-22,-0.01264651957899332
2017-08-23,-0.01264651957899332
2017-08-24,-0.01264651957899332
2017-08-25,-0.01264651957899332
2017-08-29,-0.01264651957899332
2017-08-30,-0.01264651957899332
2017-08-31,-0.007793989032506943
2017-09-01,-0.01264651957899332
2017-09-04,0.0035525142836074033
2017-09-05,-0.01264651957899332
2017-09-06,-0.01264651957899332
2017-09-07,-0.0149771086871624
2017-09-08,-0.01264651957899332
2017-09-10,-0.01264651957899332
2017-09-11,-0.01264651957899332
2017-09-12,-0.01264651957899332
2017-09-13,-0.01264651957899332
2017-09-14,-0.01264651957899332
2017-09-15,-0.01264651957899332
2017-09-18,-0.01264651957899332
2017-09-19,-0.009340506978332996
2017-09-20,-0.01264651957899332
2017-09-21,-0.009539096849039197
2017-09-22,-0.01264651957899332
2017-09-24,-0.006639024708420038
2017-09-25,0.0062824219930917025
2017-09-26,-0.01264651957899332
2017-09-27,-0.01264651957899332
2017-09-28,-0.01264651957899332
2017-09-29,-0.01264651957899332
2017-10-02,-0.01264651957899332
2017-10-03,-0.01264651957899332
2017-10-04,-0.011556779965758324
2017-10-05,-0.01264651957899332
2017-10-06,-0.01264651957899332
2017-10-08,0.07822731882333755
2017-10-09,-0.007069713901728392
2017-10-10,-0.01264651957899332
2017-10-11,-0.010736441084494194
2017-10-12,-0.01264651957899332
2017-10-13,-0.01264651957899332
2017-10-16,-0.01264651957899332
2017-10-17,-0.01264651957899332
2017-10-18,-0.01264651957899332
2017-10-19,-0.01264651957899332
2017-10-20,-0.008764483655492464
2017-10-23,-0.01264651957899332
2017-10-24,-0.01264651957899332
2017-10-25,-0.01264651957899332
2017-10-26,-0.01264651957899332
2017-10-27,-0.01264651957899332
2017-10-30,-0.01264651957899332
2017-10-31,-0.01264651957899332
2017-11-01,-0.011208607815206051
2017-11-02,-0.01264651957899332
2017-11-03,-0.01264651957899332
2017-11-06,0.019007021561264992
2017-11-07,-0.01264651957899332
2017-11-08,-0.01264651957899332
2017-11-09,-0.01264651957899332
2017-11-10,-0.01264651957899332
2017-11-13,-0.01264651957899332
2017-11-14,0.015806869138032198
2017-11-15,-0.01264651957899332
2017-11-16,-0.01264651957899332
2017-11-17,-0.01264651957899332
2017-11-19,-0.01264651957899332
2017-11-20,-0.008214476518332958
2017-11-21,-0.01264651957899332
2017-11-22,-0.0028925519436597824
2017-11-23,0.028782876208424568
2017-11-24,-0.010727936246742805
2017-11-27,-0.01264651957899332
2017-11-28,-0.01264651957899332
2017-11-29,-0.01264651957899332
2017-11-30,-0.01264651957899332
2017-12-01,-0.01264651957899332
2017-12-04,0.016348594799637794
2017-12-05,-0.01264651957899332
2017-12-06,-0.01264651957899332
2017-12-07,-0.012140126588443914
2017-12-08,-0.01264651957899332
2017-12-11,-0.01264651957899332
2017-12-12,-0.01264651957899332
2017-12-13,-0.01264651957899332
2017-12-14,-0.01264651957899332
2017-12-15,-0.01264651957899332
2017-12-18,-0.01264651957899332
2017-12-19,-0.005512074567377567
2017-12-20,-0.01140359090641141
2017-12-21,-0.0014450997114181519
2017-12-22,-0.002005401998758316
2018-01-02,-0.01264651957899332
2018-01-03,-0.01264651957899332
2018-01-04,-0.01264651957899332
2018-01-05,-0.01264651957899332
2018-01-08,-0.01264651957899332
2018-01-09,0.013472929131239653
2018-01-10,-0.01264651957899332
2018-01-11,0.011834864194194475
2018-01-12,-0.01264651957899332
2018-01-15,-0.01264651957899332
2018-01-16,-0.01264651957899332
2018-01-17,-0.011795046040788293
2018-01-18,-0.01264651957899332
2018-01-19,-0.01264651957899332
2018-01-22,-0.01264651957899332
2018-01-23,-0.01264651957899332
2018-01-24,-0.01264651957899332
2018-01-25,-0.01264651957899332
2018-01-26,-0.01264651957899332
2018-01-29,-0.01264651957899332
2018-01-30,-0.01072859251871705
2018-01-31,-0.01264651957899332
2018-02-01,-0.01264651957899332
2018-02-02,-0.012822447810322046
2018-02-05,-0.01264651957899332
2018-02-06,-0.0013816747814416885
2018-02-07,0.0020373030565679073
2018-02-08,-0.01264651957899332
2018-02-09,-0.01264651957899332
2018-02-12,-0.01264651957899332
2018-02-13,-0.01264651957899332
2018-02-14,-0.01264651957899332
2018-02-15,-0.01264651957899332
2018-02-16,-0.01264651957899332
2018-02-19,-0.01264651957899332
2018-02-20,-0.01264651957899332
2018-02-21,0.006001972826197743
2018-02-22,-0.01264651957899332
2018-02-23,-0.0017416095361113548
2018-02-26,-0.01264651957899332
2018-02-27,-0.0068141214549541475
2018-02-28,-0.0075989337638020515
2018-03-01,-0.01264651957899332
2018-03-02,-0.010777151677757502
2018-03-05,-0.01264651957899332
2018-03-06,-0.00970787617067496
2018-03-07,-0.01264651957899332
2018-03-08,-0.005873324349522591
2018-03-09,-0.01264651957899332
2018-03-12,-0.01264651957899332
2018-03-13,-0.01193609181791544
2018-03-14,-0.01264651957899332
2018-03-15,-0.01264651957899332
2018-03-16,-0.01264651957899332
2018-03-19,-0.01264651957899332
2018-03-20,-0.010607184221347174
2018-03-21,-0.01264651957899332
2018-03-22,-0.01264651957899332
2018-03-23,-0.01264651957899332
2018-03-26,-0.01264651957899332
2018-03-27,-0.01264651957899332
2018-03-28,-0.01264651957899332
2018-03-29,-0.01264651957899332
2018-04-02,0.03273133188486099
2018-04-03,-0.010607546661049128
2018-04-04,-0.01264651957899332
2018-04-05,-0.01264651957899332
2018-04-06,-0.019810175988823175
2018-04-09,-0.01264651957899332
2018-04-10,-0.01264651957899332
2018-04-11,-0.01264651957899332
2018-04-12,-0.01264651957899332
2018-04-13,-0.01264651957899332
2018-04-14,0.03901291266083717
2018-04-16,-0.00793699361383915
2018-04-17,-0.01264651957899332
2018-04-18,-0.01264651957899332
2018-04-19,-0.01264651957899332
2018-04-20,-0.01264651957899332
2018-04-23,-0.01264651957899332
2018-04-24,-0.01264651957899332
2018-04-25,-0.01264651957899332
2018-04-26,-0.01264651957899332
2018-04-27,-0.009015546180307865
2018-04-30,-0.01264651957899332
2018-05-01,-0.01264651957899332
2018-05-02,-0.01264651957899332
2018-05-03,-0.01264651957899332
2018-05-04,-0.01264651957899332
2018-05-07,-0.01264651957899332
2018-05-08,-0.01264651957899332
2018-05-09,-0.01264651957899332
2018-05-10,-0.013846577455600103
2018-05-11,-0.01264651957899332
2018-05-14,-0.01264651957899332
2018-05-15,-0.0018534356728196143
2018-05-16,-0.01264651957899332
2018-05-17,0.012818153481930494
2018-05-18,-0.01264651957899332
2018-05-21,-0.01264651957899332
2018-05-22,-0.01264651957899332
2018-05-23,-0.01264651957899332
2018-05-24,-0.01264651957899332
2018-05-25,-0.012230099644511938
2018-05-29,-0.01264651957899332
2018-05-30,-0.01264651957899332
2018-05-31,-0.01264651957899332
2018-06-01,-0.01264651957899332
2018-06-04,-0.01264651957899332
2018-06-05,-0.01264651957899332
2018-06-06,0.03034916743636131
2018-06-07,-0.01264651957899332
2018-06-08,-0.01264651957899332
2018-06-11,-0.01264651957899332
2018-06-12,-0.01264651957899332
2018-06-13,-0.001542553926507632
2018-06-14,-0.01264651957899332
2018-06-15,-0.01264651957899332
2018-06-18,-0.01264651957899332
2018-06-19,-0.01264651957899332
2018-06-20,-0.01264651957899332
2018-06-21,-0.01264651957899332
2018-06-22,-0.01264651957899332
2018-06-25,-0.01264651957899332
2018-06-26,-0.01264651957899332
2018-06-27,-0.01264651957899332
2018-06-28,-0.01264651957899332
2018-06-29,-0.01264651957899332
2018-07-02,-0.01264651957899332
2018-07-03,-0.01264651957899332
2018-07-04,-0.01264651957899332
2018-07-05,-0.01264651957899332
2018-07-06,-0.01264651957899332
2018-07-09,-0.01264651957899332
2018-07-10,-0.01264651957899332
2018-07-11,-0.01264651957899332
2018-07-12,-0.01264651957899332
2018-07-13,-0.01264651957899332
2018-07-16,-0.01264651957899332
2018-07-17,-0.01264651957899332
2018-07-18,-0.01264651957899332
2018-07-19,-0.01264651957899332
2018-07-20,-0.01264651957899332
2018-07-23,-0.012159864418208599
2018-07-24,-0.01264651957899332
2018-07-25,-0.01264651957899332
2018-07-26,-0.01264651957899332
2018-07-27,0.024194762110710144
2018-07-30,-0.01264651957899332
2018-07-31,-0.01264651957899332
2018-08-01,-0.01264651957899332
2018-08-02,-0.01264651957899332
2018-08-03,-0.01264651957899332
2018-08-06,-0.01264651957899332
2018-08-07,-0.01264651957899332
2018-08-08,-0.01264651957899332
2018-08-09,-0.01264651957899332
2018-08-10,-0.01264651957899332
2018-08-13,-0.01264651957899332
2018-08-14,-0.01264651957899332
2018-08-15,-0.01264651957899332
2018-08-16,-0.01264651957899332
2018-08-17,-0.01264651957899332
2018-08-20,-0.01264651957899332
2018-08-21,-0.01264651957899332
2018-08-22,-0.01264651957899332
2018-08-23,-0.01264651957899332
2018-08-24,-0.01264651957899332
2018-08-27,-0.009245042689144611
2018-08-28,-0.01264651957899332
2018-08-29,-0.01264651957899332
2018-08-30,-0.01264651957899332
2018-08-31,-0.01264651957899332
2018-09-03,-0.01264651957899332
2018-09-04,0.0047175101935863495
2018-09-05,-0.01264651957899332
2018-09-06,-0.01264651957899332
2018-09-07,-0.01264651957899332
2018-09-10,-0.01264651957899332
2018-09-11,-0.01264651957899332
2018-09-12,-0.00384976789355278
2018-09-13,-0.01264651957899332
2018-09-14,-0.01264651957899332
2018-09-17,-0.01264651957899332
2018-09-18,-0.01264651957899332
2018-09-19,-0.01264651957899332
2018-09-20,-0.007759754545986652
2018-09-21,-0.01264651957899332
2018-09-24,-0.01264651957899332
2018-09-25,-0.01264651957899332
2018-09-26,-0.01264651957899332
2018-09-27,-0.01264651957899332
2018-09-28,-0.012092663285632929
2018-09-29,-0.01264651957899332
2018-10-01,-0.01264651957899332
2018-10-02,-0.01264651957899332
2018-10-03,-0.006246412172913551
2018-10-04,-0.01264651957899332
2018-10-05,-0.01264651957899332
2018-10-08,-0.01264651957899332
2018-10-09,-0.01264651957899332
2018-10-10,0.0002454929053783417
2018-10-11,-0.01264651957899332
2018-10-12,-0.01264651957899332
2018-10-15,-0.0010730416979640722
2018-10-16,-0.01264651957899332
2018-10-17,-0.01264651957899332
2018-10-18,-0.01264651957899332
2018-10-19,-0.010564454520742098
2018-10-22,-0.01264651957899332
2018-10-23,-0.010306234005838633
2018-10-24,-0.01264651957899332
2018-10-25,-0.01264651957899332
2018-10-26,-0.01264651957899332
2018-10-29,-0.01264651957899332
2018-10-30,-0.01264651957899332
2018-10-31,-0.01264651957899332
2018-11-01,-0.01264651957899332
2018-11-02,-0.01264651957899332
2018-11-05,-0.0005197577178478241
2018-11-06,-0.01264651957899332
2018-11-07,-0.008192671928554773
2018-11-08,-0.01264651957899332
2018-11-09,-0.0021578362211585045
2018-11-12,-0.01264651957899332
2018-11-13,-0.01264651957899332
2018-11-14,-0.00780621450394392
2018-11-15,-0.01264651957899332
2018-11-16,-0.01264651957899332
2018-11-19,-0.01264651957899332
2018-11-20,-0.01264651957899332
2018-11-21,-0.01264651957899332
2018-11-22,-0.01264651957899332
2018-11-23,-0.01264651957899332
2018-11-26,-0.00788965355604887
2018-11-27,-0.01264651957899332
2018-11-28,-0.01264651957899332
2018-11-29,-0.01264651957899332
2018-11-30,-0.01264651957899332
2018-12-03,-0.01264651957899332
2018-12-04,-0.01264651957899332
2018-12-05,-0.014736975853641828
2018-12-06,-0.01264651957899332
2018-12-07,-0.01264651957899332
2018-12-10,-0.007389877922832966
2018-12-11,-0.01264651957899332
2018-12-12,-0.01264651957899332
2018-12-13,-0.012031874805688857
2018-12-14,-0.008938259212300181
2018-12-17,-0.01264651957899332
2018-12-18,-0.01264651957899332
2018-12-19,-0.01264651957899332
2018-12-20,-0.01264651957899332
2018-12-21,-0.01264651957899332
2019-01-02,-0.01264651957899332
2019-01-03,-0.010611287783831358
2019-01-04,-0.01264651957899332
2019-01-07,-0.01264651957899332
2019-01-08,-0.01264651957899332
2019-01-09,-0.01264651957899332
2019-01-10,-0.01264651957899332
2019-01-11,-0.01264651957899332
2019-01-14,-0.01264651957899332
2019-01-15,-0.012572296196594834
2019-01-16,-0.011267616879194975
2019-01-17,-0.0070720636285841465
2019-01-18,-0.01264651957899332
2019-01-19,-0.01264651957899332
2019-01-21,-0.01264651957899332
2019-01-22,-0.01264651957899332
2019-01-23,-0.01264651957899332
2019-01-24,-0.01264651957899332
2019-01-25,-0.01264651957899332
2019-01-26,-0.01264651957899332
2019-01-28,-0.01264651957899332
2019-01-29,-0.01264651957899332
2019-01-30,-0.01264651957899332
2019-01-31,-0.01264651957899332
2019-02-01,-0.01264651957899332
2019-02-04,-0.01264651957899332
2019-02-05,-0.01264651957899332
2019-02-06,-0.007101696295042832
2019-02-07,-0.01264651957899332
2019-02-08,-0.01264651957899332
2019-02-11,-0.01264651957899332
2019-02-12,-0.01264651957899332
2019-02-13,-0.011493094498291612
2019-02-14,-0.013258005802830061
2019-02-15,-0.01264651957899332
2019-02-18,-0.01264651957899332
2019-02-19,-0.01264651957899332
2019-02-20,-0.011177151463925838
2019-02-21,-0.01264651957899332
2019-02-22,-0.01264651957899332
2019-02-24,-0.01264651957899332
2019-02-25,-0.01264651957899332
2019-02-26,-0.01264651957899332
2019-02-27,-0.011475400999188423
2019-02-28,-0.012631238903850317
2019-03-01,-0.01264651957899332
2019-03-04,-0.0011778753250837326
2019-03-05,-0.01264651957899332
2019-03-06,-0.01264651957899332
2019-03-07,-0.012601014459505677
2019-03-08,-0.01264651957899332
2019-03-11,-0.01264651957899332
2019-03-12,-0.01264651957899332
2019-03-13,-0.01264651957899332
2019-03-14,-0.01264651957899332
2019-03-15,-0.01264651957899332
2019-03-18,-0.01264651957899332
2019-03-19,-0.01264651957899332
2019-03-20,-0.01264651957899332
2019-03-21,-0.01264651957899332
2019-03-22,-0.013314617425203323
2019-03-25,-0.01264651957899332
2019-03-26,-0.01264651957899332
2019-03-27,-0.01264651957899332
2019-03-28,-0.01264651957899332
2019-03-29,-0.01264651957899332
2019-04-01,-0.01264651957899332
2019-04-02,-0.01264651957899332
2019-04-03,-0.01264651957899332
2019-04-04,-0.01264651957899332
2019-04-05,-0.016804337967187166
2019-04-08,-0.01264651957899332
2019-04-09,-0.008361914505561193
2019-04-10,-0.011890436057001352
2019-04-11,-0.01264651957899332
2019-04-12,-0.012115766759961843
2019-04-13,-0.01264651957899332
2019-04-15,-0.01264651957899332
2019-04-16,-0.009986989510556063
2019-04-18,0.004949686350300908
2019-04-19,-0.01264651957899332
2019-04-23,-0.01264651957899332
2019-04-24,-0.01264651957899332
2019-04-25,-0.01264651957899332
2019-04-26,-0.01264651957899332
2019-04-29,-0.01264651957899332
2019-04-30,-0.01264651957899332
2019-05-01,-0.01264651957899332
2019-05-02,0.031083540292456746
2019-05-03,-0.01264651957899332
2019-05-06,-0.01264651957899332
2019-05-07,-0.01264651957899332
2019-05-08,-0.012052491928140322
2019-05-09,-0.01264651957899332
2019-05-10,-0.01264651957899332
2019-05-13,-0.01264651957899332
2019-05-14,-0.01264651957899332
2019-05-15,-0.005216097226366401
2019-05-16,-0.01264651957899332
2019-05-17,-0.01264651957899332
2019-05-20,-0.01264651957899332
2019-05-21,-0.01264651957899332
2019-05-22,-0.01264651957899332
2019-05-23,-0.01264651957899332
2019-05-24,-0.01264651957899332
2019-05-27,-0.00047787465155124664
2019-05-28,-0.01264651957899332
2019-05-29,-0.01264651957899332
2019-05-30,-0.01264651957899332
2019-05-31,-0.01264651957899332
2019-06-03,-0.01264651957899332
2019-06-04,-0.01264651957899332
2019-06-05,-0.01264651957899332
2019-06-06,-0.01264651957899332
2019-06-07,-0.01264651957899332
2019-06-10,-0.011651801876723766
2019-06-11,-0.01264651957899332
2019-06-12,-0.01264651957899332
2019-06-13,-0.01264651957899332
2019-06-14,-0.01264651957899332
2019-06-17,-0.01264651957899332
2019-06-18,-0.0076370565220713615
2019-06-19,-0.01264651957899332
2019-06-20,-0.01264651957899332
2019-06-21,-0.012569066137075424
2019-06-24,-0.01264651957899332
2019-06-25,-0.01264651957899332
2019-06-26,-0.01264651957899332
2019-06-27,-0.01264651957899332
2019-06-28,-0.01264651957899332
2019-07-01,-0.01264651957899332
2019-07-02,-0.01264651957899332
2019-07-03,-0.01264651957899332
2019-07-04,-0.01264651957899332
2019-07-05,-0.010930110700428486
2019-07-08,-0.0003282481338828802
2019-07-09,-0.01264651957899332
2019-07-10,0.34394599171355367
2019-07-11,-0.01264651957899332
2019-07-12,-0.011443668510764837
2019-07-15,0.0026516858488321304
2019-07-16,0.025611717874805134
2019-07-17,-0.01264651957899332
2019-07-18,0.020789805334061384
2019-07-19,-0.01264651957899332
2019-07-20,-0.01264651957899332
2019-07-22,-0.01264651957899332
2019-07-23,-0.01264651957899332
2019-07-24,-0.00998407080769539
2019-07-25,-0.01264651957899332
2019-07-26,-0.01264651957899332
2019-07-29,-0.01264651957899332
2019-07-30,-0.01264651957899332
2019-07-31,-0.01264651957899332
2019-08-01,-0.01264651957899332
2019-08-02,-0.01264651957899332
2019-08-03,-0.01264651957899332
2019-08-05,-0.01264651957899332
2019-08-06,-0.01264651957899332
2019-08-07,-0.011990106664597988
2019-08-08,-0.01264651957899332
2019-08-09,-0.01264651957899332
2019-08-12,-0.01264651957899332
2019-08-13,-0.01264651957899332
2019-08-14,-0.01264651957899332
2019-08-15,-0.01264651957899332
2019-08-16,-0.01264651957899332
2019-08-19,-0.01264651957899332
2019-08-20,-0.01264651957899332
2019-08-21,-0.01264651957899332
2019-08-22,-0.01264651957899332
2019-08-23,-0.01264651957899332
2019-08-26,-0.01264651957899332
2019-08-27,-0.01264651957899332
2019-08-28,-0.01264651957899332
2019-08-29,-0.01264651957899332
2019-08-30,-0.01264651957899332
2019-09-02,0.0018868055194616318
2019-09-03,-0.01264651957899332
2019-09-04,-0.01264651957899332
2019-09-05,-0.01264651957899332
2019-09-06,-0.01264651957899332
2019-09-09,-0.01264651957899332
2019-09-10,0.03475636678437392
2019-09-11,-0.01264651957899332
2019-09-12,-0.01264651957899332
2019-09-13,-0.01264651957899332
2019-09-16,-0.01264651957899332
2019-09-17,-0.01264651957899332
2019-09-18,-0.01264651957899332
2019-09-19,-0.01264651957899332
2019-09-20,-0.01264651957899332
2019-09-23,-0.01264651957899332
2019-09-24,-0.01264651957899332
2019-09-25,-0.012804068314532438
2019-09-26,-0.01264651957899332
2019-09-27,-0.01264651957899332
2019-09-30,-0.01264651957899332
2019-10-01,-0.013765293359756469
2019-10-02,-0.01264651957899332
2019-10-03,-0.01264651957899332
2019-10-04,-0.01264651957899332
2019-10-07,-0.01264651957899332
2019-10-08,-0.01264651957899332
2019-10-09,-0.008890957882006964
2019-10-10,0.003132196143269539
2019-10-11,-0.01264651957899332
2019-10-14,-0.01264651957899332
2019-10-15,-0.01264651957899332
2019-10-16,-0.006720962002873421
2019-10-17,-0.01264651957899332
2019-10-18,-0.01264651957899332
2019-10-21,-0.009791793767362833
2019-10-22,-0.01264651957899332
2019-10-23,-0.01264651957899332
2019-10-24,-0.01264651957899332
2019-10-25,-0.01264651957899332
2019-10-28,-0.01264651957899332
2019-10-29,-0.01264651957899332
2019-10-30,-0.011653256913026174
2019-10-31,-0.015083629405125976
2019-11-01,-0.01264651957899332
2019-11-04,-0.01264651957899332
2019-11-05,-0.01264651957899332
2019-11-06,-0.01264651957899332
2019-11-07,-0.01264651957899332
2019-11-08,-0.01290594320744276
2019-11-11,-0.01264651957899332
2019-11-12,-0.01264651957899332
2019-11-13,-0.01264651957899332
2019-11-14,-0.01264651957899332
2019-11-15,-0.01264651957899332
2019-11-18,-0.01264651957899332
2019-11-19,-0.0003439119706551234
2019-11-20,-0.01264651957899332
2019-11-21,-0.01264651957899332
2019-11-22,0.12065531639382243
2019-11-25,-0.01264651957899332
2019-11-26,-0.01264651957899332
2019-11-27,-0.01264651957899332
2019-11-28,0.04637787980027497
2019-11-29,-0.010944729826102654
2019-11-30,-0.01264651957899332
2019-12-02,-0.01264651957899332
2019-12-03,-0.01264651957899332
2019-12-04,-0.01264651957899332
2019-12-05,-0.01264651957899332
2019-12-06,-0.01264651957899332
2019-12-07,-0.01264651957899332
2019-12-09,-0.01264651957899332
2019-12-10,-0.01264651957899332
2019-12-11,-0.011967956554144621
2019-12-12,-0.01264651957899332
2019-12-13,-0.01264651957899332
2019-12-15,-0.01264651957899332
2019-12-16,-0.01264651957899332
2019-12-17,-0.01264651957899332
2019-12-18,-0.01264651957899332
2019-12-19,-0.01193345244973898
2019-12-20,-0.01264651957899332
2020-01-02,-0.01264651957899332
2020-01-03,-0.01264651957899332
2020-01-06,-0.01264651957899332
2020-01-07,-0.01264651957899332
2020-01-08,-0.01264651957899332
2020-01-09,0.017079883720725775
2020-01-10,-0.01264651957899332
2020-01-12,-0.01264651957899332
2020-01-13,-0.01264651957899332
2020-01-14,-0.01264651957899332
2020-01-15,-0.01264651957899332
2020-01-16,-0.01264651957899332
2020-01-17,-0.01264651957899332
2020-01-20,-0.01264651957899332
2020-01-21,-0.01264651957899332
2020-01-22,0.00034569017589092255
2020-01-23,-0.01264651957899332
2020-01-24,-0.01264651957899332
2020-01-27,-0.01264651957899332
2020-01-28,0.012367860227823258
2020-01-29,-0.01264651957899332
2020-01-30,-0.01264651957899332
2020-01-31,-0.01255841770519813
2020-02-03,-0.01264651957899332
2020-02-04,-0.009163892517487207
2020-02-05,-0.01264651957899332
2020-02-06,-0.010455071615676085
2020-02-07,-0.01264651957899332
2020-02-10,-0.01264651957899332
2020-02-11,-0.007821532897651196
2020-02-12,-0.01264651957899332
2020-02-13,-0.01264651957899332
2020-02-14,-0.01264651957899332
2020-02-17,-0.01264651957899332
2020-02-18,-0.01264651957899332
2020-02-19,-0.01264651957899332
2020-02-20,-0.01264651957899332
2020-02-21,-0.01264651957899332
2020-02-22,-0.01762668415904045
2020-02-24,-0.01264651957899332
2020-02-25,-0.01264651957899332
2020-02-26,-0.01264651957899332
2020-02-27,-0.01036676368676126
2020-02-28,-0.01264651957899332
2020-03-02,-0.01264651957899332
2020-03-03,-0.01264651957899332
2020-03-04,-0.012160501132408777
2020-03-05,-0.01264651957899332
2020-03-06,-0.01264651957899332
2020-03-09,-0.01264651957899332
2020-03-10,-0.01264651957899332
2020-03-11,-0.01264651957899332
2020-03-12,-0.01264651957899332
2020-03-13,-0.01264651957899332
2020-03-16,-0.01264651957899332
2020-03-17,-0.01264651957899332
2020-03-18,-0.01264651957899332
2020-03-19,-0.012582099996507168
2020-03-20,-0.01264651957899332
2020-03-22,-0.01264651957899332
2020-03-23,-0.01264651957899332
2020-03-24,-0.01264651957899332
2020-03-25,-0.01264651957899332
2020-03-26,-0.0011910046450793743
2020-03-27,-0.01264651957899332
2020-03-29,-0.01264651957899332
2020-03-30,-0.01264651957899332
2020-03-31,-0.0013359516859054565
2020-04-01,-0.01264651957899332
2020-04-02,-0.01264651957899332
2020-04-03,-0.01264651957899332
2020-04-06,-0.01264651957899332
2020-04-07,-0.006278613582253456
2020-04-08,-0.01264651957899332
2020-04-09,-0.01264651957899332
2020-04-10,-0.01264651957899332
2020-04-14,-0.009923998732119799
2020-04-15,-0.01264651957899332
2020-04-16,-0.01264651957899332
2020-04-17,-0.008365156594663858
2020-04-20,-0.01264651957899332
2020-04-21,-0.01264651957899332
2020-04-22,-0.01264651957899332
2020-04-23,-0.01264651957899332
2020-04-24,-0.01264651957899332
2020-04-27,-0.01264651957899332
2020-04-28,0.002451767772436142
2020-04-29,-0.01264651957899332
2020-04-30,-0.01264651957899332
2020-05-01,-0.01264651957899332
2020-05-04,-0.009661553427577019
2020-05-05,-0.01264651957899332
2020-05-06,-0.01264651957899332
2020-05-07,-0.01264651957899332
2020-05-08,-0.00951175820082426
2020-05-11,-0.01264651957899332
2020-05-12,-0.01264651957899332
2020-05-13,-0.01264651957899332
2020-05-14,-0.01264651957899332
2020-05-15,-0.01264651957899332
2020-05-18,-0.01264651957899332
2020-05-19,-0.01264651957899332
2020-05-20,-0.01251406129449606
2020-05-26,-0.01264651957899332
2020-05-27,-0.01264651957899332
2020-05-28,-0.01264651957899332
2020-05-29,0.00048731453716754913
2020-06-01,-0.01264651957899332
2020-06-02,0.0016908763597408931
2020-06-03,-0.01264651957899332
2020-06-04,-0.01264651957899332
2020-06-05,-0.01264651957899332
2020-06-08,-0.01264651957899332
2020-06-09,-0.01264651957899332
2020-06-10,-0.01264651957899332
2020-06-11,-0.01264651957899332
2020-06-12,-0.01264651957899332
2020-06-15,-0.01264651957899332
2020-06-16,-0.00885385531000793
2020-06-17,-0.01264651957899332
2020-06-18,-0.01264651957899332
2020-06-19,-0.005538356490433216
2020-06-22,-0.01264651957899332
2020-06-23,-0.012554223649203777
2020-06-24,-0.01264651957899332
2020-06-25,-0.011816024547442794
2020-06-26,-0.01264651957899332
2020-06-29,-0.010931389988400042
2020-06-30,-0.01264651957899332
2020-07-01,-0.01264651957899332
2020-07-02,-0.01264651957899332
2020-07-03,-0.01264651957899332
2020-07-06,0.010141202481463552
2020-07-07,-0.01264651957899332
2020-07-08,-0.01264651957899332
2020-07-09,-0.01264651957899332
2020-07-10,-0.01260997774079442
2020-07-13,0.003924806602299213
2020-07-14,-0.01264651957899332
2020-07-15,-0.0066556259989738464
2020-07-16,-0.01264651957899332
2020-07-17,-0.01264651957899332
2020-07-20,-0.006229295860975981
2020-07-21,-0.01264651957899332
2020-07-22,-0.01264651957899332
2020-07-23,-0.01264651957899332
2020-07-24,-0.01264651957899332
2020-07-27,-0.01264651957899332
2020-07-28,-0.01264651957899332
2020-07-29,-0.01264651957899332
2020-07-30,-0.01264651957899332
2020-07-31,-0.009052358753979205
2020-08-03,-0.01264651957899332
2020-08-04,-0.01264651957899332
2020-08-05,-0.011056148097850382
2020-08-06,-0.01264651957899332
2020-08-07,-0.01264651957899332
2020-08-10,-0.01264651957899332
2020-08-11,-0.012411924824118615
2020-08-12,-0.01264651957899332
2020-08-13,-0.01264651957899332
2020-08-14,-0.01264651957899332
2020-08-17,-0.01264651957899332
2020-08-18,-0.01264651957899332
2020-08-19,-0.01264651957899332
2020-08-20,-0.012310122139751911
2020-08-21,-0.01264651957899332
2020-08-24,-0.01264651957899332
2020-08-25,-0.01264651957899332
2020-08-26,-0.009930122333268324
2020-08-27,-0.01264651957899332
2020-08-28,-0.01264651957899332
2020-09-01,-0.008210517931729555
2020-09-02,-0.01264651957899332
2020-09-03,-0.01264651957899332
2020-09-04,-0.01264651957899332
2020-09-07,-0.01264651957899332
2020-09-08,-0.0016015942674130201
2020-09-09,-0.0068657854571938515
2020-09-10,-0.01264651957899332
2020-09-11,-0.01264651957899332
2020-09-13,-0.01264651957899332
2020-09-14,-0.01264651957899332
2020-09-15,-0.01264651957899332
2020-09-16,-0.01264651957899332
2020-09-17,-0.01264651957899332
2020-09-18,-0.01264651957899332
2020-09-21,-0.01259627208734552
2020-09-22,-0.01264651957899332
2020-09-23,-0.01264651957899332
2020-09-24,-0.028276155469939113
2020-09-25,-0.01264651957899332
2020-09-28,-0.01264651957899332
2020-09-29,-0.01264651957899332
2020-09-30,-0.01264651957899332
2020-10-01,-0.01264651957899332
2020-10-02,-0.01264651957899332
2020-10-05,-0.0067604826763272285
2020-10-06,-0.01264651957899332
2020-10-07,-0.01264651957899332
2020-10-08,-0.01264651957899332
2020-10-09,-0.013772227242588997
2020-10-11,-0.01264651957899332
2020-10-12,-0.01264651957899332
2020-10-13,-0.009017098074158033
2020-10-14,-0.01107581052929163
2020-10-15,-0.01264651957899332
2020-10-16,-0.01264651957899332
2020-10-19,-0.01264651957899332
2020-10-20,-0.01264651957899332
2020-10-21,-0.01264651957899332
2020-10-22,-0.01264651957899332
2020-10-23,0.03821589487294356
2020-10-26,0.002822014813621839
2020-10-27,-0.01264651957899332
2020-10-28,-0.01264651957899332
2020-10-29,-0.01264651957899332
2020-10-30,-0.01264651957899332
2020-11-02,-0.01264651957899332
2020-11-03,-0.01264651957899332
2020-11-04,-0.01264651957899332
2020-11-05,-0.01264651957899332
2020-11-06,-0.01264651957899332
2020-11-09,-0.01264651957899332
2020-11-10,-0.01264651957899332
2020-11-11,-0.01264651957899332
2020-11-12,-0.010744606011680194
2020-11-13,-0.012288384605199099
2020-11-14,-0.01264651957899332
2020-11-16,-0.01264651957899332
2020-11-17,-0.01264651957899332
2020-11-18,-0.01264651957899332
2020-11-19,-0.01264651957899332
2020-11-20,-0.01264651957899332
2020-11-23,-0.009614582173526287
2020-11-24,-0.01264651957899332
2020-11-25,-0.01264651957899332
2020-11-26,-0.01264651957899332
2020-11-27,-0.01264651957899332
2020-11-30,-0.01264651957899332
2020-12-01,-0.005936465412378311
2020-12-02,-0.01264651957899332
2020-12-03,-0.01264651957899332
2020-12-04,-0.01264651957899332
2020-12-07,-0.01264651957899332
2020-12-08,-0.01264651957899332
2020-12-09,-0.01264651957899332
2020-12-10,-0.01264651957899332
2020-12-11,-0.01264651957899332
2020-12-12,-0.01264651957899332
2020-12-14,-0.01264651957899332
2020-12-15,-0.01264651957899332
2020-12-16,-0.01264651957899332
2020-12-17,-0.011823323741555213
2020-12-18,-0.01264651957899332
2020-12-19,-0.01264651957899332
2020-12-21,-0.01264651957899332
2020-12-22,-0.01264651957899332
2020-12-23,-0.01264651957899332
2020-12-28,-0.01264651957899332
2020-12-30,-0.01264651957899332
2021-01-04,0.00806572800502181
2021-01-05,-0.01264651957899332
2021-01-06,0.008383616184194883
2021-01-07,-0.004844597540795803
2021-01-08,-0.0061811041086912155
2021-01-11,-0.01264651957899332
2021-01-12,-0.01264651957899332
2021-01-13,-0.01264651957899332
2021-01-14,-0.01264651957899332
2021-01-15,-0.01264651957899332
2021-01-18,-0.01264651957899332
2021-01-19,0.025230381172150373
2021-01-20,-0.01264651957899332
2021-01-21,-0.01264651957899332
2021-01-22,-0.01264651957899332
2021-01-25,-0.005808843610187371
2021-01-26,-0.01264651957899332
2021-01-27,-0.011851958930492401
2021-01-28,-0.010555231478065252
2021-01-29,-0.007886132691055536
2021-02-01,-0.01264651957899332
2021-02-02,-0.01264651957899332
2021-02-03,0.01941069308668375
2021-02-04,-0.01264651957899332
2021-02-05,-0.01062708736086885
2021-02-08,-0.01264651957899332
2021-02-09,-0.01264651957899332
2021-02-10,-0.01264651957899332
2021-02-11,-0.01264651957899332
2021-02-12,-0.01264651957899332
2021-02-15,-0.01264651957899332
2021-02-16,-0.010896130930632353
2021-02-17,-0.01264651957899332
2021-02-18,-0.010844030068255961
2021-02-19,-0.01264651957899332
2021-02-22,-0.01264651957899332
2021-02-23,-0.008621691726148129
2021-02-24,-0.01264651957899332
2021-02-25,-0.01264651957899332
2021-02-26,-0.01264651957899332
2021-03-01,-0.01264651957899332
2021-03-02,-0.01264651957899332
2021-03-03,-0.01264651957899332
2021-03-04,-0.00359275471419096
2021-03-05,-0.01264651957899332
2021-03-08,-0.01264651957899332
2021-03-09,-0.01264651957899332
2021-03-10,-0.004146388173103333
2021-03-11,-0.01264651957899332
2021-03-12,-0.01264651957899332
2021-03-15,-0.010059700657924017
2021-03-16,-0.01264651957899332
2021-03-17,-0.01264651957899332
2021-03-18,-0.01264651957899332
2021-03-19,-0.01264651957899332
2021-03-22,-0.01264651957899332
2021-03-23,-0.01264651957899332
2021-03-24,-0.01264651957899332
2021-03-25,-0.01264651957899332
2021-03-26,0.003929357277229428
2021-03-29,-0.01264651957899332
2021-03-30,-0.01264651957899332
2021-03-31,-0.01264651957899332
2021-04-01,-0.01264651957899332
2021-04-06,-0.01264651957899332
2021-04-07,-0.01264651957899332
2021-04-08,-0.01264651957899332
2021-04-09,-0.01264651957899332
2021-04-12,-0.01264651957899332
2021-04-13,-0.01264651957899332
2021-04-14,-0.01264651957899332
2021-04-15,-0.01264651957899332
2021-04-16,-0.01264651957899332
2021-04-19,-0.0014286752169330914
2021-04-20,-0.012147053703665733
2021-04-21,-0.01264651957899332
2021-04-22,-0.01264651957899332
2021-04-23,-0.011628640349954367
2021-04-26,-0.01264651957899332
2021-04-27,-0.01264651957899332
2021-04-28,-0.01264651957899332
2021-04-29,-0.01264651957899332
2021-04-30,-0.01264651957899332
2021-05-02,-0.01264651957899332
2021-05-03,-0.01264651957899332
2021-05-04,-0.01264651957899332
2021-05-05,-0.01264651957899332
2021-05-06,-0.0030331211164593697
2021-05-07,-0.01264651957899332
2021-05-10,-0.01264651957899332
2021-05-11,-0.007780175811300675
2021-05-12,-0.012581503950059414
2021-05-13,-0.01264651957899332
2021-05-14,-0.01264651957899332
2021-05-17,-0.005543427852292855
2021-05-18,-0.01264651957899332
2021-05-19,-0.01264651957899332
2021-05-20,-0.01264651957899332
2021-05-21,-0.01264651957899332
2021-05-24,-0.01264651957899332
2021-05-25,-0.01264651957899332
2021-05-26,-0.01264651957899332
2021-05-27,-0.01264651957899332
2021-05-28,-0.01264651957899332
2021-05-31,-0.01264651957899332
2021-06-01,-0.01264651957899332
2021-06-02,-0.01264651957899332
2021-06-03,-0.01264651957899332
2021-06-04,-0.01264651957899332
2021-06-07,-0.01264651957899332
2021-06-08,-0.01264651957899332
2021-06-09,-0.0053314859047532085
2021-06-10,-0.01264651957899332
2021-06-11,-0.01264651957899332
2021-06-13,-0.01264651957899332
2021-06-14,-0.01264651957899332
2021-06-15,0.0020802973303943872
2021-06-16,-0.01264651957899332
2021-06-17,-0.01264651957899332
2021-06-18,-0.01264651957899332
2021-06-21,-0.01120320986956358
2021-06-22,-0.01264651957899332
2021-06-23,-0.01028798489520947
2021-06-24,-0.01264651957899332
2021-06-25,-0.010019143732885519
2021-06-27,-0.01264651957899332
2021-06-28,-0.01264651957899332
2021-06-29,-0.01264651957899332
2021-06-30,-0.01264651957899332
2021-07-01,-0.01264651957899332
2021-07-02,-0.011363118421286345
2021-07-03,-0.01264651957899332
2021-07-05,-0.01264651957899332
2021-07-06,-0.01264651957899332
2021-07-07,-0.01264651957899332
2021-07-08,-0.01264651957899332
2021-07-09,-0.01264651957899332
2021-07-12,-0.01264651957899332
2021-07-13,-0.01264651957899332
2021-07-14,-0.012317109480500221
2021-07-15,-0.01264651957899332
2021-07-16,-0.01264651957899332
2021-07-17,-0.01264651957899332
2021-07-19,-0.01264651957899332
2021-07-20,-0.01264651957899332
2021-07-21,-0.01264651957899332
2021-07-22,-0.01264651957899332
2021-07-23,-0.01264651957899332
2021-07-26,-0.01264651957899332
2021-07-27,-0.01264651957899332
2021-07-28,-0.01264651957899332
2021-07-29,-0.01264651957899332
2021-07-30,-0.01264651957899332
2021-08-02,-0.010505836689844728
2021-08-03,-0.01264651957899332
2021-08-04,-0.01264651957899332
2021-08-05,-0.01264651957899332
2021-08-06,-0.01264651957899332
2021-08-09,-0.01264651957899332
2021-08-10,-0.01264651957899332
2021-08-11,-0.01264651957899332
2021-08-12,-0.01264651957899332
2021-08-13,-0.01264651957899332
2021-08-16,-0.01264651957899332
2021-08-17,-0.01264651957899332
2021-08-18,-0.01264651957899332
2021-08-19,-0.01264651957899332
2021-08-20,-0.01264651957899332
2021-08-23,-0.01264651957899332
2021-08-24,-0.01264651957899332
2021-08-25,-0.01264651957899332
2021-08-26,-0.01264651957899332
2021-08-27,-0.01264651957899332
2021-08-30,-0.01264651957899332
2021-08-31,-0.01264651957899332
2021-09-01,-0.01264651957899332
2021-09-02,-0.01264651957899332
2021-09-03,-0.01264651957899332
