date,text_feature
2017-09-18,0.0
2017-09-18,0.0
2017-09-18,0.0
2017-09-18,0.0
2017-09-18,0.0
2017-09-18,0.0
2017-09-18,0.0
2017-09-18,0.0
2017-09-18,0.0
2017-09-19,0.0
2017-09-19,0.0
2017-09-19,0.0
2017-09-19,0.0
2017-09-19,0.0
2017-09-19,0.0
2017-09-19,0.0
2017-09-20,0.0
2017-09-20,0.0
2017-09-20,0.0
2017-09-20,0.0
2017-09-20,0.0
2017-09-20,0.0
2017-09-20,0.0
2017-09-20,0.0
2017-09-20,0.0
2017-09-21,0.0
2017-09-21,0.0
2017-09-21,0.0
2017-09-21,0.0
2017-09-21,0.0
2017-09-22,0.0
2017-09-22,0.0
2017-09-25,0.0
2017-09-25,0.0
2017-09-25,0.0
2017-09-25,0.0
2017-09-25,0.0
2017-09-25,0.0
2017-09-25,0.0
2017-09-25,0.0
2017-09-25,0.0
2017-09-25,0.0
2017-09-25,0.0
2017-09-25,0.0
2017-09-25,0.0
2017-09-26,0.0
2017-09-26,0.0
2017-09-26,0.0
2017-09-26,0.0
2017-09-26,0.0
2017-09-26,0.0
2017-09-26,0.0
2017-09-27,0.0
2017-09-27,0.0
2017-09-27,0.0
2017-09-27,0.0
2017-09-27,0.0
2017-09-27,0.0
2017-09-27,0.0
2017-09-27,0.0
2017-09-27,0.0
2017-09-27,0.0
2017-09-27,0.0
2017-09-27,0.0
2017-09-27,0.0
2017-09-28,0.0
2017-09-28,0.0
2017-09-28,0.0
2017-09-28,0.0
2017-09-28,0.0
2017-09-29,0.0
2017-09-29,0.0
2017-09-29,0.0
2017-10-02,0.0
2017-10-02,0.0
2017-10-02,0.0
2017-10-02,0.0
2017-10-02,0.0
2017-10-03,0.0
2017-10-03,0.0
2017-10-03,0.0
2017-10-03,0.0
2017-10-03,0.0
2017-10-04,0.0
2017-10-04,0.0
2017-10-04,0.0
2017-10-04,0.0
2017-10-04,0.0
2017-10-05,0.0
2017-10-05,0.0
2017-10-05,0.0
2017-10-05,0.0
2017-10-05,0.0
2017-10-06,0.0
2017-10-06,0.0
2017-10-06,0.0
2017-10-06,0.0
2017-10-06,0.0
2017-10-06,0.0
2017-10-09,0.0
2017-10-09,0.0
2017-10-09,0.0
2017-10-09,0.0
2017-10-10,0.0
2017-10-10,0.0
2017-10-10,0.0
2017-10-10,0.0
2017-10-11,0.0
2017-10-11,0.0
2017-10-11,0.0
2017-10-11,0.0
2017-10-11,0.0
2017-10-12,0.0
2017-10-12,0.0
2017-10-12,0.0
2017-10-12,0.0
2017-10-12,0.0
2017-10-12,0.0
2017-10-12,0.0
2017-10-12,0.0
2017-10-12,0.0
2017-10-12,0.0
2017-10-13,0.0
2017-10-13,0.0
2017-10-13,0.0
2017-10-13,0.0
2017-10-13,0.0
2017-10-13,0.0
2017-10-13,0.0
2017-10-13,0.0
2017-10-13,0.0
2017-10-16,0.0
2017-10-16,0.0
2017-10-16,0.0
2017-10-16,0.0
2017-10-17,0.0
2017-10-17,0.0
2017-10-17,0.0
2017-10-18,0.0
2017-10-18,0.0
2017-10-18,0.0
2017-10-18,0.0
2017-10-18,0.0
2017-10-18,0.0
2017-10-18,0.0
2017-10-19,0.0
2017-10-19,0.0
2017-10-19,0.0
2017-10-19,0.0
2017-10-19,0.0
2017-10-20,0.0
2017-10-20,0.0
2017-10-20,0.0
2017-10-20,0.0
2017-10-20,0.0
2017-10-23,0.0
2017-10-23,0.0
2017-10-23,0.0
2017-10-23,0.0
2017-10-23,0.0
2017-10-23,0.0
2017-10-23,0.0
2017-10-23,0.0
2017-10-23,0.0
2017-10-24,0.0
2017-10-24,0.0
2017-10-24,0.0
2017-10-24,0.0
2017-10-24,0.0
2017-10-24,0.0
2017-10-25,0.0
2017-10-25,0.0
2017-10-25,0.0
2017-10-26,0.0
2017-10-26,0.0
2017-10-26,0.0
2017-10-26,0.0
2017-10-26,0.0
2017-10-26,0.0
2017-10-26,0.0
2017-10-27,0.0
2017-10-27,0.0
2017-10-27,0.0
2017-10-27,0.0
2017-10-27,0.0
2017-10-30,0.0
2017-10-30,0.0
2017-10-30,0.0
2017-10-30,0.0
2017-10-30,0.0
2017-10-30,0.0
2017-10-30,0.0
2017-10-31,0.0
2017-10-31,0.0
2017-10-31,0.0
2017-10-31,0.0
2017-10-31,0.0
2017-11-01,0.0
2017-11-01,0.0
2017-11-01,0.0
2017-11-01,0.0
2017-11-01,0.0
2017-11-02,0.0
2017-11-02,0.0
2017-11-02,0.0
2017-11-02,0.0
2017-11-02,0.0
2017-11-03,0.0
2017-11-03,0.0
2017-11-03,0.0
2017-11-03,0.0
2017-11-06,0.0
2017-11-06,0.0
2017-11-06,0.0
2017-11-06,0.0
2017-11-06,0.0
2017-11-06,0.0
2017-11-06,0.0
2017-11-07,0.0
2017-11-07,0.0
2017-11-07,0.0
2017-11-07,0.0
2017-11-07,0.0
2017-11-07,0.0
2017-11-07,0.0
2017-11-08,0.0
2017-11-08,0.0
2017-11-08,0.0
2017-11-08,0.0
2017-11-08,0.0
2017-11-08,0.0
2017-11-09,0.0
2017-11-09,0.0
2017-11-09,0.0
2017-11-09,0.0
2017-11-10,0.0
2017-11-10,0.0
2017-11-13,0.0
2017-11-13,0.0
2017-11-13,0.0
2017-11-13,0.0
2017-11-13,0.0
2017-11-13,0.0
2017-11-13,0.0
2017-11-13,0.0
2017-11-13,0.0
2017-11-14,0.0
2017-11-14,0.0
2017-11-14,0.0
2017-11-14,0.0
2017-11-15,0.2412858307361603
2017-11-15,0.24964968860149386
2017-11-15,0.2726596295833588
2017-11-15,0.3281364142894745
2017-11-16,0.5024936199188232
2017-11-16,0.4326537549495697
2017-11-16,0.0
2017-11-16,0.1962852329015732
2017-11-16,0.5064082145690918
2017-11-17,0.271513432264328
2017-11-17,0.11525186151266098
2017-11-20,0.5945755839347839
2017-11-20,0.15844574570655826
2017-11-20,0.33110591769218445
2017-11-20,0.3642617166042328
2017-11-20,0.2416549175977707
2017-11-20,0.07868342101573944
2017-11-20,0.3506941497325897
2017-11-21,0.18616729974746704
2017-11-21,0.3913041353225708
2017-11-21,0.32223185896873474
2017-11-21,0.18479184806346893
2017-11-22,0.2398875951766968
2017-11-22,0.17831987142562866
2017-11-22,0.2588157057762146
2017-11-24,0.5287317633628845
2017-11-24,0.3457773625850677
2017-11-24,0.21152587234973907
2017-11-24,0.4245803654193878
2017-11-27,0.4166451692581177
2017-11-27,0.5810623168945312
2017-11-27,0.21799074113368988
2017-11-27,0.4278966188430786
2017-11-27,0.2985062003135681
2017-11-28,0.391009122133255
2017-11-28,0.20402581989765167
2017-11-28,0.16905441880226135
2017-11-28,0.4607584178447723
2017-11-28,0.18061655759811399
2017-11-28,0.22088751196861267
2017-11-28,0.2322355508804321
2017-11-29,0.4072188436985016
2017-11-29,0.3037051260471344
2017-11-29,0.23074230551719666
2017-11-29,0.3313876688480377
2017-11-30,0.27688315510749817
2017-11-30,0.35262420773506165
2017-11-30,0.4409494996070862
2017-11-30,0.20111791789531708
2017-11-30,0.3712199926376343
2017-11-30,0.4092824757099152
2017-11-30,0.19235460460186005
2017-12-01,0.4241746366024017
2017-12-01,0.3363511562347412
2017-12-01,0.25848037004470825
2017-12-04,0.3205154836177826
2017-12-04,0.007377549074590206
2017-12-04,0.31803813576698303
2017-12-04,0.3907966315746307
2017-12-04,0.2395617812871933
2017-12-05,0.389936238527298
2017-12-05,0.4571046233177185
2017-12-05,0.1901850551366806
2017-12-05,0.3632306754589081
2017-12-06,0.2462497055530548
2017-12-06,0.2719753682613373
2017-12-06,0.21152402460575104
2017-12-06,0.2759625017642975
2017-12-06,0.3537253737449646
2017-12-07,0.563977062702179
2017-12-07,0.20753952860832212
2017-12-07,0.19964557886123654
2017-12-07,0.5859317779541016
2017-12-07,0.34928229451179504
2017-12-08,0.3499151766300201
2017-12-08,0.3893197476863861
2017-12-11,0.15906359255313873
2017-12-11,0.3310003876686096
2017-12-11,0.14111194014549255
2017-12-11,0.2764205038547516
2017-12-11,0.3464856147766113
2017-12-11,0.30608853697776794
2017-12-11,0.32117316126823425
2017-12-12,0.21509358286857605
2017-12-12,0.3324554562568665
2017-12-12,0.3448223173618317
2017-12-12,0.4078063666820526
2017-12-12,0.236641064286232
2017-12-12,0.2407306730747223
2017-12-13,0.1734219193458557
2017-12-13,0.3779433965682984
2017-12-13,0.3474002778530121
2017-12-13,0.4764529764652252
2017-12-14,0.2594422698020935
2017-12-14,0.2759523093700409
2017-12-14,0.3033226430416107
2017-12-15,0.31253018975257874
2017-12-18,0.5319474339485168
2017-12-18,0.3568686246871948
2017-12-18,0.22121644020080566
2017-12-18,0.3234999775886536
2017-12-18,0.487549215555191
2017-12-18,0.44937431812286377
2017-12-18,0.5804120898246765
2017-12-19,0.5625987648963928
2017-12-19,0.4440955817699432
2017-12-19,0.29176756739616394
2017-12-20,0.1600547581911087
2017-12-20,0.4783369302749634
2017-12-21,0.4038435518741608
2017-12-21,0.26543718576431274
2017-12-21,0.3021370768547058
2017-12-21,0.2597267329692841
2017-12-21,0.5083125829696655
2017-12-21,0.12878915667533875
2017-12-21,0.2308828830718994
2017-12-21,0.4115227162837982
2017-12-22,0.2324878573417664
2017-12-22,0.32101574540138245
2017-12-28,0.4506427347660065
2017-12-29,0.5835468173027039
2017-12-29,0.4551152884960175
2018-01-03,0.3150548040866852
2018-01-03,0.4201768040657044
2018-01-04,0.38933393359184265
2018-01-04,0.0
2018-01-04,0.0
2018-01-04,0.0
2018-01-08,0.0
2018-01-08,0.0
2018-01-08,0.0
2018-01-09,0.0
2018-01-09,0.0
2018-01-10,0.0
2018-01-10,0.0
2018-01-10,0.0
2018-01-11,0.0
2018-01-11,0.0
2018-01-11,0.0
2018-01-11,0.0
2018-01-12,0.0
2018-01-12,0.0
2018-01-12,0.0
2018-01-12,0.0
2018-01-16,0.0
2018-01-16,0.0
2018-01-17,0.0
2018-01-17,0.0
2018-01-17,0.0
2018-01-17,0.0
2018-01-18,0.0
2018-01-18,0.0
2018-01-18,0.0
2018-01-18,0.0
2018-01-18,0.0
2018-01-19,0.0
2018-01-19,0.0
2018-01-19,0.0
2018-01-19,0.0
2018-01-22,0.0
2018-01-22,0.0
2018-01-22,0.0
2018-01-22,0.0
2018-01-22,0.0
2018-01-22,0.0
2018-01-22,0.0
2018-01-23,0.0
2018-01-23,0.0
2018-01-23,0.0
2018-01-24,0.0
2018-01-25,0.0
2018-01-25,0.0
2018-01-25,0.0
2018-01-25,0.0
2018-01-25,0.0
2018-01-25,0.0
2018-01-26,0.0
2018-01-26,0.0
2018-01-26,0.0
2018-01-26,0.0
2018-01-26,0.0
2018-01-26,0.0
2018-01-26,0.0
2018-01-26,0.0
2018-01-29,0.0
2018-01-29,0.0
2018-01-29,0.0
2018-01-29,0.0
2018-01-29,0.0
2018-01-30,0.0
2018-01-30,0.0
2018-01-30,0.0
2018-01-30,0.0
2018-01-31,0.0
2018-01-31,0.0
2018-01-31,0.0
2018-02-01,0.0
2018-02-01,0.0
2018-02-01,0.0
2018-02-02,0.0
2018-02-02,0.0
2018-02-02,0.0
2018-02-05,0.0
2018-02-06,0.0
2018-02-06,0.0
2018-02-06,0.0
2018-02-06,0.0
2018-02-07,0.0
2018-02-07,0.0
2018-02-07,0.0
2018-02-07,0.0
2018-02-08,0.0
2018-02-08,0.0
2018-02-08,0.0
2018-02-09,0.0
2018-02-09,0.0
2018-02-09,0.0
2018-02-09,0.0
2018-02-09,0.0
2018-02-09,0.0
2018-02-09,0.0
2018-02-12,0.0
2018-02-12,0.0
2018-02-12,0.0
2018-02-13,0.0
2018-02-13,0.0
2018-02-13,0.0
2018-02-13,0.0
2018-02-14,0.0
2018-02-14,0.0
2018-02-15,0.0
2018-02-15,0.0
2018-02-16,0.0
2018-02-16,0.0
2018-02-16,0.0
2018-02-20,0.0
2018-02-20,0.0
2018-02-20,0.0
2018-02-20,0.0
2018-02-21,0.0
2018-02-21,0.0
2018-02-21,0.0
2018-02-21,0.0
2018-02-21,0.0
2018-02-21,0.0
2018-02-22,0.0
2018-02-22,0.0
2018-02-23,0.0
2018-02-23,0.0
2018-02-23,0.0
2018-02-23,0.0
2018-02-23,0.0
2018-02-23,0.0
2018-02-26,0.0
2018-02-26,0.0
2018-02-26,0.0
2018-02-26,0.0
2018-02-26,0.0
2018-02-27,0.0
2018-02-27,0.0
2018-02-27,0.0
2018-02-27,0.0
2018-02-27,0.0
2018-02-27,0.0
2018-02-27,0.0
2018-02-27,0.0
2018-02-27,0.0
2018-02-27,0.0
2018-02-28,0.0
2018-02-28,0.0
2018-02-28,0.0
2018-02-28,0.0
2018-02-28,0.0
2018-03-01,0.0
2018-03-01,0.0
2018-03-01,0.0
2018-03-01,0.0
2018-03-01,0.0
2018-03-02,0.0
2018-03-02,0.0
2018-03-02,0.0
2018-03-02,0.0
2018-03-02,0.0
2018-03-02,0.0
2018-03-05,0.0
2018-03-05,0.0
2018-03-05,0.0
2018-03-05,0.0
2018-03-05,0.0
2018-03-05,0.0
2018-03-05,0.0
2018-03-06,0.0
2018-03-06,0.0
2018-03-06,0.0
2018-03-06,0.0
2018-03-06,0.0
2018-03-06,0.0
2018-03-06,0.0
2018-03-06,0.0
2018-03-06,0.0
2018-03-07,0.0
2018-03-07,0.0
2018-03-07,0.0
2018-03-07,0.0
2018-03-08,0.0
2018-03-08,0.0
2018-03-08,0.0
2018-03-08,0.0
2018-03-08,0.0
2018-03-08,0.0
2018-03-08,0.0
2018-03-09,0.0
2018-03-09,0.0
2018-03-09,0.0
2018-03-09,0.0
2018-03-09,0.0
2018-03-09,0.0
2018-03-12,0.0
2018-03-12,0.0
2018-03-12,0.0
2018-03-12,0.0
2018-03-12,0.0
2018-03-12,0.0
2018-03-12,0.0
2018-03-12,0.0
2018-03-12,0.0
2018-03-13,0.0
2018-03-13,0.0
2018-03-13,0.0
2018-03-13,0.0
2018-03-13,0.0
2018-03-13,0.0
2018-03-13,0.0
2018-03-13,0.0
2018-03-14,0.0
2018-03-14,0.0
2018-03-14,0.0
2018-03-14,0.0
2018-03-15,0.0
2018-03-15,0.0
2018-03-15,0.0
2018-03-16,0.0
2018-03-16,0.0
2018-03-16,0.0
2018-03-16,0.0
2018-03-16,0.0
2018-03-16,0.0
2018-03-19,0.0
2018-03-19,0.0
2018-03-19,0.0
2018-03-19,0.0
2018-03-19,0.0
2018-03-19,0.0
2018-03-19,0.0
2018-03-19,0.0
2018-03-19,0.0
2018-03-19,0.0
2018-03-19,0.0
2018-03-19,0.0
2018-03-19,0.0
2018-03-19,0.0
2018-03-20,0.0
2018-03-20,0.0
2018-03-20,0.0
2018-03-20,0.0
2018-03-21,0.0
2018-03-21,0.0
2018-03-21,0.0
2018-03-21,0.0
2018-03-21,0.0
2018-03-21,0.0
2018-03-21,0.0
2018-03-21,0.0
2018-03-22,0.0
2018-03-22,0.0
2018-03-22,0.0
2018-03-22,0.0
2018-03-22,0.0
2018-03-22,0.0
2018-03-23,0.0
2018-03-23,0.0
2018-03-23,0.0
2018-03-23,0.0
2018-03-23,0.0
2018-03-23,0.0
2018-03-23,0.0
2018-03-23,0.0
2018-03-23,0.0
2018-03-23,0.0
2018-03-26,0.0
2018-03-26,0.0
2018-03-26,0.0
2018-03-26,0.0
2018-03-26,0.0
2018-03-26,0.0
2018-03-26,0.0
2018-03-26,0.0
2018-03-26,0.0
2018-03-26,0.0
2018-03-27,0.0
2018-03-27,0.0
2018-03-27,0.0
2018-03-27,0.0
2018-03-27,0.0
2018-03-27,0.0
2018-03-27,0.0
2018-03-28,0.0
2018-03-28,0.0
2018-03-28,0.0
2018-03-28,0.0
2018-03-29,0.0
2018-03-29,0.0
2018-03-29,0.0
2018-03-29,0.0
2018-03-29,0.0
2018-04-03,0.0
2018-04-03,0.0
2018-04-03,0.0
2018-04-03,0.0
2018-04-03,0.0
2018-04-03,0.0
2018-04-04,0.0
2018-04-05,0.0
2018-04-05,0.0
2018-04-05,0.0
2018-04-06,0.0
2018-04-06,0.0
2018-04-06,0.0
2018-04-06,0.0
2018-04-09,0.0
2018-04-09,0.0
2018-04-09,0.0
2018-04-09,0.0
2018-04-09,0.0
2018-04-09,0.0
2018-04-09,0.0
2018-04-09,0.0
2018-04-09,0.0
2018-04-10,0.0
2018-04-10,0.0
2018-04-10,0.0
2018-04-10,0.0
2018-04-10,0.0
2018-04-10,0.0
2018-04-11,0.0
2018-04-11,0.0
2018-04-11,0.0
2018-04-11,0.0
2018-04-12,0.0
2018-04-12,0.0
2018-04-12,0.0
2018-04-13,0.0
2018-04-13,0.0
2018-04-16,0.0
2018-04-16,0.0
2018-04-16,0.0
2018-04-16,0.0
2018-04-16,0.0
2018-04-16,0.0
2018-04-16,0.0
2018-04-16,0.0
2018-04-17,0.0
2018-04-17,0.0
2018-04-17,0.0
2018-04-17,0.0
2018-04-18,0.0
2018-04-18,0.0
2018-04-18,0.0
2018-04-18,0.0
2018-04-18,0.0
2018-04-18,0.0
2018-04-18,0.0
2018-04-18,0.0
2018-04-19,0.0
2018-04-19,0.0
2018-04-19,0.0
2018-04-19,0.0
2018-04-19,0.0
2018-04-20,0.0
2018-04-20,0.0
2018-04-20,0.0
2018-04-20,0.0
2018-04-23,0.0
2018-04-23,0.0
2018-04-23,0.0
2018-04-23,0.0
2018-04-23,0.0
2018-04-23,0.0
2018-04-23,0.0
2018-04-24,0.0
2018-04-24,0.0
2018-04-24,0.0
2018-04-24,0.0
2018-04-25,0.0
2018-04-25,0.0
2018-04-25,0.0
2018-04-25,0.0
2018-04-25,0.0
2018-04-25,0.0
2018-04-25,0.0
2018-04-25,0.0
2018-04-25,0.0
2018-04-25,0.0
2018-04-25,0.0
2018-04-25,0.0
2018-04-25,0.0
2018-04-25,0.0
2018-04-26,0.0
2018-04-26,0.0
2018-04-26,0.0
2018-04-26,0.0
2018-04-26,0.0
2018-04-26,0.0
2018-04-27,0.0
2018-04-27,0.0
2018-04-27,0.0
2018-04-30,0.0
2018-04-30,0.0
2018-04-30,0.0
2018-04-30,0.0
2018-04-30,0.0
2018-04-30,0.0
2018-04-30,0.0
2018-05-02,0.0
2018-05-02,0.0
2018-05-02,0.0
2018-05-02,0.0
2018-05-03,0.0
2018-05-03,0.0
2018-05-03,0.0
2018-05-04,0.0
2018-05-04,0.0
2018-05-04,0.0
2018-05-04,0.0
2018-05-04,0.0
2018-05-04,0.0
2018-05-04,0.0
2018-05-08,0.0
2018-05-08,0.0
2018-05-08,0.0
2018-05-08,0.0
2018-05-08,0.0
2018-05-08,0.0
2018-05-08,0.0
2018-05-09,0.0
2018-05-09,0.0
2018-05-09,0.0
2018-05-09,0.0
2018-05-09,0.0
2018-05-09,0.0
2018-05-09,0.0
2018-05-09,0.0
2018-05-11,0.0
2018-05-11,0.0
2018-05-11,0.0
2018-05-11,0.0
2018-05-11,0.0
2018-05-11,0.0
2018-05-11,0.0
2018-05-11,0.0
2018-05-11,0.0
2018-05-14,0.0
2018-05-14,0.0
2018-05-14,0.0
2018-05-14,0.0
2018-05-14,0.0
2018-05-14,0.0
2018-05-15,0.0
2018-05-15,0.0
2018-05-15,0.0
2018-05-15,0.0
2018-05-15,0.0
2018-05-15,0.0
2018-05-15,0.0
2018-05-15,0.0
2018-05-15,0.0
2018-05-16,0.0
2018-05-16,0.0
2018-05-16,0.0
2018-05-16,0.0
2018-05-16,0.0
2018-05-16,0.0
2018-05-16,0.0
2018-05-17,0.0
2018-05-17,0.0
2018-05-17,0.0
2018-05-17,0.0
2018-05-18,0.0
2018-05-18,0.0
2018-05-18,0.0
2018-05-18,0.0
2018-05-18,0.0
2018-05-18,0.0
2018-05-18,0.0
2018-05-18,0.0
2018-05-18,0.0
2018-05-22,0.0
2018-05-22,0.0
2018-05-22,0.0
2018-05-23,0.0
2018-05-23,0.0
2018-05-23,0.0
2018-05-23,0.0
2018-05-24,0.0
2018-05-24,0.0
2018-05-24,0.0
2018-05-24,0.0
2018-05-24,0.0
2018-05-25,0.0
2018-05-25,0.0
2018-05-25,0.0
2018-05-25,0.0
2018-05-25,0.0
2018-05-25,0.0
2018-05-29,0.0
2018-05-29,0.0
2018-05-29,0.0
2018-05-30,0.0
2018-05-30,0.0
2018-05-30,0.0
2018-05-30,0.0
2018-05-30,0.0
2018-05-31,0.0
2018-05-31,0.0
2018-05-31,0.0
2018-05-31,0.0
2018-05-31,0.0
2018-05-31,0.0
2018-06-01,0.0
2018-06-01,0.0
2018-06-01,0.0
2018-06-01,0.0
2018-06-01,0.0
2018-06-01,0.0
2018-06-01,0.0
2018-06-01,0.0
2018-06-04,0.0
2018-06-04,0.0
2018-06-04,0.0
2018-06-04,0.0
2018-06-04,0.0
2018-06-04,0.0
2018-06-04,0.0
2018-06-04,0.0
2018-06-04,0.0
2018-06-05,0.0
2018-06-05,0.0
2018-06-05,0.0
2018-06-05,0.0
2018-06-05,0.0
2018-06-05,0.0
2018-06-05,0.0
2018-06-06,0.0
2018-06-06,0.0
2018-06-06,0.0
2018-06-06,0.0
2018-06-06,0.0
2018-06-06,0.0
2018-06-06,0.0
2018-06-06,0.0
2018-06-07,0.0
2018-06-07,0.0
2018-06-07,0.0
2018-06-07,0.0
2018-06-07,0.0
2018-06-08,0.0
2018-06-08,0.0
2018-06-08,0.0
2018-06-11,0.0
2018-06-11,0.0
2018-06-11,0.0
2018-06-11,0.0
2018-06-11,0.0
2018-06-11,0.0
2018-06-11,0.0
2018-06-12,0.0
2018-06-13,0.0
2018-06-13,0.0
2018-06-13,0.0
2018-06-13,0.0
2018-06-14,0.0
2018-06-14,0.0
2018-06-14,0.0
2018-06-15,0.0
2018-06-15,0.0
2018-06-15,0.0
2018-06-18,0.0
2018-06-18,0.0
2018-06-18,0.0
2018-06-18,0.0
2018-06-18,0.0
2018-06-18,0.0
2018-06-18,0.0
2018-06-19,0.0
2018-06-19,0.0
2018-06-19,0.0
2018-06-19,0.0
2018-06-19,0.0
2018-06-19,0.0
2018-06-19,0.0
2018-06-20,0.0
2018-06-20,0.0
2018-06-20,0.0
2018-06-20,0.0
2018-06-20,0.0
2018-06-20,0.0
2018-06-21,0.0
2018-06-21,0.0
2018-06-21,0.0
2018-06-21,0.0
2018-06-21,0.0
2018-06-21,0.0
2018-06-22,0.0
2018-06-22,0.0
2018-06-22,0.0
2018-06-22,0.0
2018-06-22,0.0
2018-06-25,0.0
2018-06-25,0.0
2018-06-25,0.0
2018-06-25,0.0
2018-06-25,0.0
2018-06-25,0.0
2018-06-26,0.0
2018-06-26,0.0
2018-06-26,0.0
2018-06-26,0.0
2018-06-27,0.0
2018-06-27,0.0
2018-06-27,0.0
2018-06-27,0.0
2018-06-28,0.0
2018-06-28,0.0
2018-06-28,0.0
2018-06-28,0.0
2018-06-29,0.0
2018-06-29,0.0
2018-06-29,0.0
2018-06-29,0.0
2018-06-29,0.0
2018-06-29,0.0
2018-06-29,0.0
2018-06-29,0.0
2018-07-02,0.0
2018-07-02,0.0
2018-07-02,0.0
2018-07-02,0.0
2018-07-02,0.0
2018-07-02,0.0
2018-07-02,0.0
2018-07-02,0.0
2018-07-02,0.0
2018-07-02,0.0
2018-07-03,0.0
2018-07-03,0.0
2018-07-03,0.0
2018-07-05,0.0
2018-07-05,0.0
2018-07-05,0.0
2018-07-05,0.0
2018-07-05,0.0
2018-07-05,0.0
2018-07-05,0.0
2018-07-06,0.0
2018-07-06,0.0
2018-07-06,0.0
2018-07-06,0.0
2018-07-06,0.0
2018-07-06,0.0
2018-07-06,0.0
2018-07-06,0.0
2018-07-09,0.0
2018-07-09,0.0
2018-07-09,0.0
2018-07-09,0.0
2018-07-09,0.0
2018-07-09,0.0
2018-07-09,0.0
2018-07-10,0.0
2018-07-10,0.0
2018-07-10,0.0
2018-07-10,0.0
2018-07-10,0.0
2018-07-10,0.0
2018-07-10,0.0
2018-07-10,0.0
2018-07-10,0.0
2018-07-10,0.0
2018-07-10,0.0
2018-07-11,0.0
2018-07-11,0.0
2018-07-11,0.0
2018-07-11,0.0
2018-07-11,0.0
2018-07-11,0.0
2018-07-11,0.0
2018-07-11,0.0
2018-07-11,0.0
2018-07-11,0.0
2018-07-11,0.0
2018-07-12,0.0
2018-07-12,0.0
2018-07-12,0.0
2018-07-12,0.0
2018-07-12,0.0
2018-07-12,0.0
2018-07-12,0.0
2018-07-12,0.0
2018-07-13,0.0
2018-07-13,0.0
2018-07-13,0.0
2018-07-13,0.0
2018-07-13,0.0
2018-07-13,0.0
2018-07-16,0.0
2018-07-16,0.0
2018-07-16,0.0
2018-07-16,0.0
2018-07-17,0.0
2018-07-17,0.0
2018-07-17,0.0
2018-07-17,0.0
2018-07-17,0.0
2018-07-17,0.0
2018-07-17,0.0
2018-07-17,0.0
2018-07-17,0.0
2018-07-17,0.0
2018-07-17,0.0
2018-07-18,0.0
2018-07-18,0.0
2018-07-18,0.0
2018-07-18,0.0
2018-07-18,0.0
2018-07-18,0.0
2018-07-18,0.0
2018-07-18,0.0
2018-07-19,0.0
2018-07-19,0.0
2018-07-19,0.0
2018-07-19,0.0
2018-07-19,0.0
2018-07-20,0.0
2018-07-20,0.0
2018-07-20,0.0
2018-07-20,0.0
2018-07-23,0.0
2018-07-23,0.0
2018-07-23,0.0
2018-07-23,0.0
2018-07-24,0.0
2018-07-24,0.0
2018-07-24,0.0
2018-07-24,0.0
2018-07-24,0.0
2018-07-24,0.0
2018-07-25,0.0
2018-07-25,0.0
2018-07-25,0.0
2018-07-26,0.0
2018-07-26,0.0
2018-07-26,0.0
2018-07-26,0.0
2018-07-26,0.0
2018-07-27,0.0
2018-07-27,0.0
2018-07-30,0.0
2018-07-30,0.0
2018-07-30,0.0
2018-07-30,0.0
2018-07-30,0.0
2018-07-30,0.0
2018-07-30,0.0
2018-07-30,0.0
2018-07-30,0.0
2018-07-31,0.0
2018-07-31,0.0
2018-07-31,0.0
2018-08-02,0.0
2018-08-02,0.0
2018-08-02,0.0
2018-08-02,0.0
2018-08-02,0.0
2018-08-02,0.0
2018-08-03,0.0
2018-08-03,0.0
2018-08-03,0.0
2018-08-03,0.0
2018-08-06,0.0
2018-08-06,0.0
2018-08-06,0.0
2018-08-06,0.0
2018-08-06,0.0
2018-08-06,0.0
2018-08-06,0.0
2018-08-06,0.0
2018-08-06,0.0
2018-08-06,0.0
2018-08-06,0.0
2018-08-06,0.0
2018-08-07,0.0
2018-08-07,0.0
2018-08-07,0.0
2018-08-07,0.0
2018-08-07,0.0
2018-08-07,0.0
2018-08-07,0.0
2018-08-07,0.0
2018-08-07,0.0
2018-08-07,0.0
2018-08-07,0.0
2018-08-07,0.0
2018-08-08,0.0
2018-08-08,0.0
2018-08-08,0.0
2018-08-08,0.0
2018-08-08,0.0
2018-08-09,0.0
2018-08-09,0.0
2018-08-09,0.0
2018-08-10,0.0
2018-08-10,0.0
2018-08-10,0.0
2018-08-10,0.0
2018-08-10,0.0
2018-08-13,0.0
2018-08-13,0.0
2018-08-13,0.0
2018-08-13,0.0
2018-08-13,0.0
2018-08-13,0.0
2018-08-13,0.0
2018-08-13,0.0
2018-08-13,0.0
2018-08-13,0.0
2018-08-13,0.0
2018-08-13,0.0
2018-08-13,0.0
2018-08-13,0.0
2018-08-14,0.0
2018-08-14,0.0
2018-08-14,0.0
2018-08-15,0.0
2018-08-15,0.0
2018-08-15,0.0
2018-08-15,0.0
2018-08-16,0.0
2018-08-16,0.0
2018-08-16,0.0
2018-08-16,0.0
2018-08-16,0.0
2018-08-17,0.0
2018-08-17,0.0
2018-08-20,0.0
2018-08-20,0.0
2018-08-20,0.0
2018-08-20,0.0
2018-08-20,0.0
2018-08-20,0.0
2018-08-20,0.0
2018-08-21,0.0
2018-08-21,0.0
2018-08-21,0.0
2018-08-21,0.0
2018-08-21,0.0
2018-08-22,0.0
2018-08-22,0.0
2018-08-22,0.0
2018-08-22,0.0
2018-08-22,0.0
2018-08-22,0.0
2018-08-23,0.0
2018-08-23,0.0
2018-08-23,0.0
2018-08-23,0.0
2018-08-23,0.0
2018-08-24,0.0
2018-08-24,0.0
2018-08-24,0.0
2018-08-24,0.0
2018-08-24,0.0
2018-08-28,0.0
2018-08-28,0.0
2018-08-28,0.0
2018-08-28,0.0
2018-08-29,0.0
2018-08-29,0.0
2018-08-29,0.0
2018-08-30,0.0
2018-08-30,0.0
2018-08-30,0.0
2018-08-30,0.0
2018-08-30,0.0
2018-08-30,0.0
2018-08-31,0.0
2018-08-31,0.0
2018-08-31,0.0
2018-09-04,0.0
2018-09-04,0.0
2018-09-04,0.0
2018-09-04,0.0
2018-09-04,0.0
2018-09-04,0.0
2018-09-04,0.0
2018-09-05,0.0
2018-09-05,0.0
2018-09-05,0.0
2018-09-05,0.0
2018-09-05,0.0
2018-09-05,0.0
2018-09-06,0.0
2018-09-06,0.0
2018-09-07,0.0
2018-09-07,0.0
2018-09-07,0.0
2018-09-07,0.0
2018-09-10,0.0
2018-09-10,0.0
2018-09-10,0.0
2018-09-10,0.0
2018-09-10,0.0
2018-09-10,0.0
2018-09-11,0.0
2018-09-11,0.0
2018-09-11,0.0
2018-09-11,0.0
2018-09-12,0.0
2018-09-12,0.0
2018-09-12,0.0
2018-09-12,0.0
2018-09-12,0.0
2018-09-12,0.0
2018-09-12,0.0
2018-09-12,0.0
2018-09-12,0.0
2018-09-12,0.0
2018-09-12,0.0
2018-09-14,0.0
2018-09-14,0.0
2018-09-14,0.0
2018-09-17,0.0
2018-09-17,0.0
2018-09-17,0.0
2018-09-17,0.0
2018-09-18,0.0
2018-09-18,0.0
2018-09-18,0.0
2018-09-19,0.0
2018-09-19,0.0
2018-09-19,0.0
2018-09-19,0.0
2018-09-19,0.0
2018-09-19,0.0
2018-09-19,0.0
2018-09-20,0.0
2018-09-20,0.0
2018-09-20,0.0
2018-09-20,0.0
2018-09-20,0.0
2018-09-20,0.0
2018-09-20,0.0
2018-09-21,0.0
2018-09-21,0.0
2018-09-21,0.0
2018-09-21,0.0
2018-09-21,0.0
2018-09-24,0.0
2018-09-24,0.0
2018-09-24,0.0
2018-09-24,0.0
2018-09-24,0.0
2018-09-25,0.0
2018-09-25,0.0
2018-09-25,0.0
2018-09-25,0.0
2018-09-25,0.0
2018-09-25,0.0
2018-09-25,0.0
2018-09-25,0.0
2018-09-25,0.0
2018-09-26,0.0
2018-09-26,0.0
2018-09-26,0.0
2018-09-26,0.0
2018-09-26,0.0
2018-09-26,0.0
2018-09-26,0.0
2018-09-26,0.0
2018-09-26,0.0
2018-09-26,0.0
2018-09-27,0.0
2018-09-27,0.0
2018-09-27,0.0
2018-09-27,0.0
2018-09-27,0.0
2018-09-27,0.0
2018-09-27,0.0
2018-09-27,0.0
2018-09-28,0.0
2018-09-28,0.0
2018-09-28,0.0
2018-09-28,0.0
2018-09-28,0.0
2018-09-28,0.0
2018-09-28,0.0
2018-09-28,0.0
2018-09-28,0.0
2018-09-28,0.0
2018-10-01,0.0
2018-10-01,0.0
2018-10-01,0.0
2018-10-01,0.0
2018-10-01,0.0
2018-10-01,0.0
2018-10-01,0.0
2018-10-01,0.0
2018-10-02,0.0
2018-10-02,0.0
2018-10-02,0.0
2018-10-02,0.0
2018-10-02,0.0
2018-10-02,0.0
2018-10-03,0.0
2018-10-03,0.0
2018-10-03,0.0
2018-10-03,0.0
2018-10-04,0.0
2018-10-04,0.0
2018-10-04,0.0
2018-10-04,0.0
2018-10-05,0.0
2018-10-05,0.0
2018-10-05,0.0
2018-10-05,0.0
2018-10-05,0.0
2018-10-05,0.0
2018-10-08,0.0
2018-10-08,0.0
2018-10-08,0.0
2018-10-08,0.0
2018-10-09,0.0
2018-10-09,0.0
2018-10-09,0.0
2018-10-09,0.0
2018-10-09,0.0
2018-10-10,0.0
2018-10-10,0.0
2018-10-10,0.0
2018-10-11,0.0
2018-10-11,0.0
2018-10-11,0.0
2018-10-11,0.0
2018-10-11,0.0
2018-10-12,0.0
2018-10-12,0.0
2018-10-12,0.0
2018-10-12,0.0
2018-10-12,0.0
2018-10-15,0.0
2018-10-15,0.0
2018-10-15,0.0
2018-10-15,0.0
2018-10-15,0.0
2018-10-15,0.0
2018-10-15,0.0
2018-10-16,0.0
2018-10-16,0.0
2018-10-16,0.0
2018-10-16,0.0
2018-10-17,0.0
2018-10-17,0.0
2018-10-17,0.0
2018-10-17,0.0
2018-10-17,0.0
2018-10-17,0.0
2018-10-18,0.0
2018-10-18,0.0
2018-10-18,0.0
2018-10-18,0.0
2018-10-19,0.0
2018-10-19,0.0
2018-10-19,0.0
2018-10-22,0.0
2018-10-22,0.0
2018-10-22,0.0
2018-10-22,0.0
2018-10-23,0.0
2018-10-23,0.0
2018-10-24,0.0
2018-10-24,0.0
2018-10-24,0.0
2018-10-24,0.0
2018-10-24,0.0
2018-10-24,0.0
2018-10-24,0.0
2018-10-24,0.0
2018-10-25,0.0
2018-10-25,0.0
2018-10-25,0.0
2018-10-25,0.0
2018-10-25,0.0
2018-10-26,0.0
2018-10-26,0.0
2018-10-26,0.0
2018-10-26,0.0
2018-10-26,0.0
2018-10-26,0.0
2018-10-26,0.0
2018-10-26,0.0
2018-10-29,0.0
2018-10-29,0.0
2018-10-29,0.0
2018-10-29,0.0
2018-10-29,0.0
2018-10-29,0.0
2018-10-29,0.0
2018-10-29,0.0
2018-10-29,0.0
2018-10-29,0.0
2018-10-29,0.0
2018-10-29,0.0
2018-10-30,0.0
2018-10-30,0.0
2018-10-30,0.0
2018-10-30,0.0
2018-10-31,0.0
2018-10-31,0.0
2018-11-01,0.0
2018-11-01,0.0
2018-11-01,0.0
2018-11-01,0.0
2018-11-01,0.0
2018-11-01,0.0
2018-11-01,0.0
2018-11-01,0.0
2018-11-02,0.0
2018-11-02,0.0
2018-11-02,0.0
2018-11-02,0.0
2018-11-02,0.0
2018-11-02,0.0
2018-11-02,0.0
2018-11-02,0.0
2018-11-02,0.0
2018-11-02,0.0
2018-11-02,0.0
2018-11-02,0.0
2018-11-05,0.0
2018-11-05,0.0
2018-11-05,0.0
2018-11-05,0.0
2018-11-05,0.0
2018-11-05,0.0
2018-11-05,0.0
2018-11-05,0.0
2018-11-05,0.0
2018-11-05,0.0
2018-11-05,0.0
2018-11-05,0.0
2018-11-05,0.0
2018-11-05,0.0
2018-11-05,0.0
2018-11-05,0.0
2018-11-05,0.0
2018-11-05,0.0
2018-11-05,0.0
2018-11-05,0.0
2018-11-05,0.0
2018-11-05,0.0
2018-11-05,0.0
2018-11-05,0.0
2018-11-05,0.0
2018-11-05,0.0
2018-11-05,0.0
2018-11-05,0.0
2018-11-05,0.0
2018-11-05,0.0
2018-11-05,0.0
2018-11-05,0.0
2018-11-05,0.0
2018-11-05,0.0
2018-11-05,0.0
2018-11-05,0.0
2018-11-06,0.0
2018-11-06,0.0
2018-11-06,0.0
2018-11-07,0.0
2018-11-07,0.0
2018-11-07,0.0
2018-11-07,0.0
2018-11-08,0.0
2018-11-08,0.0
2018-11-08,0.0
2018-11-08,0.0
2018-11-09,0.0
2018-11-09,0.0
2018-11-09,0.0
2018-11-09,0.0
2018-11-12,0.0
2018-11-12,0.0
2018-11-12,0.0
2018-11-12,0.0
2018-11-12,0.0
2018-11-12,0.0
2018-11-12,0.0
2018-11-12,0.0
2018-11-12,0.0
2018-11-12,0.0
2018-11-12,0.0
2018-11-12,0.0
2018-11-12,0.0
2018-11-12,0.0
2018-11-13,0.0
2018-11-13,0.0
2018-11-13,0.0
2018-11-13,0.0
2018-11-14,0.0
2018-11-14,0.0
2018-11-14,0.0
2018-11-14,0.0
2018-11-14,0.0
2018-11-14,0.0
2018-11-14,0.0
2018-11-14,0.0
2018-11-15,0.0
2018-11-15,0.0
2018-11-15,0.0
2018-11-15,0.0
2018-11-16,0.0
2018-11-16,0.0
2018-11-16,0.0
2018-11-16,0.0
2018-11-16,0.0
2018-11-16,0.0
2018-11-16,0.0
2018-11-16,0.0
2018-11-19,0.0
2018-11-19,0.0
2018-11-19,0.0
2018-11-19,0.0
2018-11-19,0.0
2018-11-19,0.0
2018-11-19,0.0
2018-11-19,0.0
2018-11-19,0.0
2018-11-19,0.0
2018-11-19,0.0
2018-11-20,0.0
2018-11-20,0.0
2018-11-21,0.0
2018-11-21,0.0
2018-11-21,0.0
2018-11-21,0.0
2018-11-26,0.0
2018-11-26,0.0
2018-11-26,0.0
2018-11-26,0.0
2018-11-26,0.0
2018-11-27,0.0
2018-11-27,0.0
2018-11-27,0.0
2018-11-27,0.0
2018-11-27,0.0
2018-11-28,0.0
2018-11-28,0.0
2018-11-28,0.0
2018-11-28,0.0
2018-11-28,0.0
2018-11-28,0.0
2018-11-29,0.0
2018-11-29,0.0
2018-11-29,0.0
2018-11-29,0.0
2018-11-29,0.0
2018-11-30,0.0
2018-11-30,0.0
2018-11-30,0.0
2018-11-30,0.0
2018-11-30,0.0
2018-11-30,0.0
2018-11-30,0.0
2018-11-30,0.0
2018-12-03,0.0
2018-12-03,0.0
2018-12-03,0.0
2018-12-03,0.0
2018-12-03,0.0
2018-12-03,0.0
2018-12-03,0.0
2018-12-03,0.0
2018-12-03,0.0
2018-12-03,0.0
2018-12-03,0.0
2018-12-03,0.0
2018-12-04,0.0
2018-12-04,0.0
2018-12-04,0.0
2018-12-04,0.0
2018-12-04,0.0
2018-12-04,0.0
2018-12-05,0.0
2018-12-05,0.0
2018-12-05,0.0
2018-12-05,0.0
2018-12-05,0.0
2018-12-05,0.0
2018-12-06,0.0
2018-12-06,0.0
2018-12-06,0.0
2018-12-06,0.0
2018-12-06,0.0
2018-12-07,0.0
2018-12-07,0.0
2018-12-07,0.0
2018-12-07,0.0
2018-12-07,0.0
2018-12-07,0.0
2018-12-10,0.0
2018-12-10,0.0
2018-12-10,0.0
2018-12-10,0.0
2018-12-10,0.0
2018-12-11,0.0
2018-12-11,0.0
2018-12-11,0.0
2018-12-11,0.0
2018-12-11,0.0
2018-12-11,0.0
2018-12-11,0.0
2018-12-11,0.0
2018-12-11,0.0
2018-12-12,0.0
2018-12-12,0.0
2018-12-12,0.0
2018-12-12,0.0
2018-12-12,0.0
2018-12-12,0.0
2018-12-13,0.0
2018-12-13,0.0
2018-12-13,0.0
2018-12-13,0.0
2018-12-13,0.0
2018-12-14,0.0
2018-12-14,0.0
2018-12-14,0.0
2018-12-17,0.0
2018-12-17,0.0
2018-12-17,0.0
2018-12-17,0.0
2018-12-17,0.0
2018-12-17,0.0
2018-12-17,0.0
2018-12-18,0.0
2018-12-18,0.0
2018-12-18,0.0
2018-12-18,0.0
2018-12-18,0.0
2018-12-19,0.0
2018-12-19,0.0
2018-12-19,0.0
2018-12-19,0.0
2018-12-19,0.0
2018-12-19,0.0
2018-12-19,0.0
2018-12-20,0.0
2018-12-20,0.0
2018-12-20,0.0
2018-12-20,0.0
2018-12-20,0.0
2018-12-20,0.0
2018-12-20,0.0
2018-12-20,0.0
2018-12-21,0.0
2018-12-21,0.0
2018-12-21,0.0
2018-12-21,0.0
2018-12-27,0.0
2018-12-27,0.0
2018-12-28,0.0
2018-12-28,0.0
2019-01-03,0.0
2019-01-03,0.0
2019-01-04,0.0
2019-01-07,0.0
2019-01-07,0.0
2019-01-07,0.0
2019-01-07,0.0
2019-01-07,0.0
2019-01-07,0.0
2019-01-08,0.0
2019-01-08,0.0
2019-01-08,0.0
2019-01-08,0.0
2019-01-08,0.0
2019-01-08,0.0
2019-01-09,0.0
2019-01-10,0.0
2019-01-10,0.0
2019-01-10,0.0
2019-01-10,0.0
2019-01-11,0.0
2019-01-11,0.0
2019-01-11,0.0
2019-01-14,0.0
2019-01-14,0.0
2019-01-14,0.0
2019-01-15,0.0
2019-01-15,0.0
2019-01-15,0.0
2019-01-15,0.0
2019-01-15,0.0
2019-01-15,0.0
2019-01-16,0.0
2019-01-16,0.0
2019-01-16,0.0
2019-01-16,0.0
2019-01-17,0.0
2019-01-17,0.0
2019-01-17,0.0
2019-01-17,0.0
2019-01-18,0.0
2019-01-22,0.0
2019-01-22,0.0
2019-01-22,0.0
2019-01-22,0.0
2019-01-23,0.0
2019-01-23,0.0
2019-01-24,0.0
2019-01-24,0.0
2019-01-24,0.0
2019-01-24,0.0
2019-01-24,0.0
2019-01-24,0.0
2019-01-24,0.0
2019-01-25,0.0
2019-01-25,0.0
2019-01-25,0.0
2019-01-25,0.0
2019-01-25,0.0
2019-01-25,0.0
2019-01-25,0.0
2019-01-25,0.0
2019-01-28,0.0
2019-01-28,0.0
2019-01-28,0.0
2019-01-28,0.0
2019-01-28,0.0
2019-01-28,0.0
2019-01-28,0.0
2019-01-29,0.0
2019-01-29,0.0
2019-01-30,0.0
2019-01-30,0.0
2019-01-30,0.0
2019-01-30,0.0
2019-01-31,0.0
2019-01-31,0.0
2019-01-31,0.0
2019-01-31,0.0
2019-01-31,0.0
2019-02-01,0.0
2019-02-01,0.0
2019-02-01,0.0
2019-02-01,0.0
2019-02-01,0.0
2019-02-01,0.0
2019-02-01,0.0
2019-02-01,0.0
2019-02-01,0.0
2019-02-01,0.0
2019-02-01,0.0
2019-02-04,0.0
2019-02-04,0.0
2019-02-04,0.0
2019-02-04,0.0
2019-02-04,0.0
2019-02-04,0.0
2019-02-04,0.0
2019-02-04,0.0
2019-02-04,0.0
2019-02-04,0.0
2019-02-04,0.0
2019-02-05,0.0
2019-02-05,0.0
2019-02-05,0.0
2019-02-05,0.0
2019-02-05,0.0
2019-02-05,0.0
2019-02-06,0.0
2019-02-06,0.0
2019-02-06,0.0
2019-02-06,0.0
2019-02-06,0.0
2019-02-06,0.0
2019-02-06,0.0
2019-02-07,0.0
2019-02-07,0.0
2019-02-07,0.0
2019-02-07,0.0
2019-02-07,0.0
2019-02-07,0.0
2019-02-07,0.0
2019-02-07,0.0
2019-02-08,0.0
2019-02-08,0.0
2019-02-08,0.0
2019-02-11,0.0
2019-02-11,0.0
2019-02-11,0.0
2019-02-11,0.0
2019-02-11,0.0
2019-02-11,0.0
2019-02-12,0.0
2019-02-12,0.0
2019-02-12,0.0
2019-02-13,0.0
2019-02-13,0.0
2019-02-13,0.0
2019-02-13,0.0
2019-02-13,0.0
2019-02-13,0.0
2019-02-13,0.0
2019-02-14,0.0
2019-02-14,0.0
2019-02-14,0.0
2019-02-14,0.0
2019-02-14,0.0
2019-02-14,0.0
2019-02-14,0.0
2019-02-14,0.0
2019-02-15,0.0
2019-02-15,0.0
2019-02-15,0.0
2019-02-15,0.0
2019-02-15,0.0
2019-02-19,0.0
2019-02-19,0.0
2019-02-19,0.0
2019-02-19,0.0
2019-02-19,0.0
2019-02-19,0.0
2019-02-20,0.0
2019-02-20,0.0
2019-02-20,0.0
2019-02-20,0.0
2019-02-20,0.0
2019-02-21,0.0
2019-02-21,0.0
2019-02-21,0.0
2019-02-21,0.0
2019-02-22,0.0
2019-02-22,0.0
2019-02-22,0.0
2019-02-22,0.0
2019-02-25,0.0
2019-02-25,0.0
2019-02-25,0.0
2019-02-25,0.0
2019-02-25,0.0
2019-02-25,0.0
2019-02-26,0.0
2019-02-26,0.0
2019-02-26,0.0
2019-02-26,0.0
2019-02-26,0.0
2019-02-26,0.0
2019-02-26,0.0
2019-02-26,0.0
2019-02-26,0.0
2019-02-27,0.0
2019-02-27,0.0
2019-02-27,0.0
2019-02-27,0.0
2019-02-27,0.0
2019-02-27,0.0
2019-02-28,0.0
2019-02-28,0.0
2019-02-28,0.0
2019-02-28,0.0
2019-02-28,0.0
2019-02-28,0.0
2019-02-28,0.0
2019-03-01,0.0
2019-03-01,0.0
2019-03-01,0.0
2019-03-01,0.0
2019-03-01,0.0
2019-03-01,0.0
2019-03-04,0.0
2019-03-04,0.0
2019-03-04,0.0
2019-03-04,0.0
2019-03-04,0.0
2019-03-04,0.0
2019-03-05,0.0
2019-03-05,0.0
2019-03-05,0.0
2019-03-05,0.0
2019-03-05,0.0
2019-03-05,0.0
2019-03-05,0.0
2019-03-05,0.0
2019-03-06,0.0
2019-03-06,0.0
2019-03-06,0.0
2019-03-06,0.0
2019-03-06,0.0
2019-03-06,0.0
2019-03-06,0.0
2019-03-07,0.0
2019-03-07,0.0
2019-03-07,0.0
2019-03-07,0.0
2019-03-07,0.0
2019-03-07,0.0
2019-03-07,0.0
2019-03-07,0.0
2019-03-07,0.0
2019-03-07,0.0
2019-03-08,0.0
2019-03-08,0.0
2019-03-08,0.0
2019-03-11,0.0
2019-03-11,0.0
2019-03-11,0.0
2019-03-11,0.0
2019-03-11,0.0
2019-03-11,0.0
2019-03-11,0.0
2019-03-11,0.0
2019-03-12,0.0
2019-03-12,0.0
2019-03-12,0.0
2019-03-12,0.0
2019-03-12,0.0
2019-03-12,0.0
2019-03-12,0.0
2019-03-13,0.0
2019-03-13,0.0
2019-03-13,0.0
2019-03-13,0.0
2019-03-13,0.0
2019-03-13,0.0
2019-03-13,0.0
2019-03-13,0.0
2019-03-13,0.0
2019-03-13,0.0
2019-03-13,0.0
2019-03-14,0.0
2019-03-14,0.0
2019-03-14,0.0
2019-03-14,0.0
2019-03-14,0.0
2019-03-14,0.0
2019-03-14,0.0
2019-03-14,0.0
2019-03-14,0.0
2019-03-14,0.0
2019-03-14,0.0
2019-03-14,0.0
2019-03-15,0.0
2019-03-15,0.0
2019-03-15,0.0
2019-03-15,0.0
2019-03-15,0.0
2019-03-15,0.0
2019-03-18,0.0
2019-03-18,0.0
2019-03-18,0.0
2019-03-18,0.0
2019-03-18,0.0
2019-03-18,0.0
2019-03-18,0.0
2019-03-18,0.0
2019-03-19,0.0
2019-03-19,0.0
2019-03-19,0.0
2019-03-19,0.0
2019-03-19,0.0
2019-03-19,0.0
2019-03-19,0.0
2019-03-19,0.0
2019-03-20,0.0
2019-03-20,0.0
2019-03-20,0.0
2019-03-20,0.0
2019-03-20,0.0
2019-03-20,0.0
2019-03-21,0.0
2019-03-21,0.0
2019-03-21,0.0
2019-03-21,0.0
2019-03-21,0.0
2019-03-21,0.0
2019-03-22,0.0
2019-03-22,0.0
2019-03-22,0.0
2019-03-22,0.0
2019-03-22,0.0
2019-03-22,0.0
2019-03-22,0.0
2019-03-22,0.0
2019-03-22,0.0
2019-03-25,0.0
2019-03-25,0.0
2019-03-25,0.0
2019-03-25,0.0
2019-03-25,0.0
2019-03-25,0.0
2019-03-25,0.0
2019-03-25,0.0
2019-03-25,0.0
2019-03-25,0.0
2019-03-26,0.0
2019-03-26,0.0
2019-03-26,0.0
2019-03-26,0.0
2019-03-26,0.0
2019-03-27,0.0
2019-03-27,0.0
2019-03-27,0.0
2019-03-27,0.0
2019-03-27,0.0
2019-03-27,0.0
2019-03-27,0.0
2019-03-28,0.0
2019-03-28,0.0
2019-03-28,0.0
2019-03-28,0.0
2019-03-28,0.0
2019-03-28,0.0
2019-03-29,0.0
2019-03-29,0.0
2019-03-29,0.0
2019-03-29,0.0
2019-03-29,0.0
2019-03-29,0.0
2019-04-01,0.0
2019-04-01,0.0
2019-04-01,0.0
2019-04-01,0.0
2019-04-01,0.0
2019-04-01,0.0
2019-04-01,0.0
2019-04-01,0.0
2019-04-01,0.0
2019-04-01,0.0
2019-04-02,0.0
2019-04-02,0.0
2019-04-02,0.0
2019-04-02,0.0
2019-04-02,0.0
2019-04-03,0.0
2019-04-03,0.0
2019-04-03,0.0
2019-04-03,0.0
2019-04-03,0.0
2019-04-04,0.0
2019-04-04,0.0
2019-04-04,0.0
2019-04-05,0.0
2019-04-05,0.0
2019-04-05,0.0
2019-04-05,0.0
2019-04-05,0.0
2019-04-08,0.0
2019-04-08,0.0
2019-04-08,0.0
2019-04-08,0.0
2019-04-08,0.0
2019-04-08,0.0
2019-04-08,0.0
2019-04-08,0.0
2019-04-09,0.0
2019-04-09,0.0
2019-04-09,0.5933309197425842
2019-04-09,0.808282196521759
2019-04-09,1.0782780647277832
2019-04-09,0.3241579830646515
2019-04-10,0.1316692978143692
2019-04-10,0.9399202466011048
2019-04-10,0.3419317305088043
2019-04-10,0.8808217644691467
2019-04-10,0.6175724864006042
2019-04-10,0.3892239034175873
2019-04-10,0.5005666017532349
2019-04-11,0.7616512179374695
2019-04-11,0.7496188282966614
2019-04-11,0.5494516491889954
2019-04-11,0.6605094075202942
2019-04-11,0.4399068951606751
2019-04-11,0.3819946348667145
2019-04-12,0.629736065864563
2019-04-12,0.1544869840145111
2019-04-12,0.5375190377235413
2019-04-12,0.6300490498542786
2019-04-12,0.5167168378829956
2019-04-12,0.3303115665912628
2019-04-12,0.7083380222320557
2019-04-12,0.8860260844230652
2019-04-12,0.6268796324729919
2019-04-12,0.7892494797706604
2019-04-15,0.3644241392612457
2019-04-15,0.5642096400260925
2019-04-15,0.6252055168151855
2019-04-15,0.5439673662185669
2019-04-15,0.3989915549755096
2019-04-15,0.5686745047569275
2019-04-15,0.5264341235160828
2019-04-15,0.4251090586185455
2019-04-15,0.9806366562843324
2019-04-15,0.2996536493301392
2019-04-16,0.7335337400436401
2019-04-16,0.8911487460136414
2019-04-16,0.6773517727851868
2019-04-17,0.5409039855003357
2019-04-17,1.2764898538589478
2019-04-17,0.006904540583491325
2019-04-18,0.6043131947517395
2019-04-18,0.5147213339805603
2019-04-18,0.6351330876350403
2019-04-18,0.4944969713687897
2019-04-18,0.552355170249939
2019-04-23,0.4915136694908142
2019-04-23,0.4268448650836945
2019-04-23,0.8107860088348389
2019-04-23,0.6588662266731262
2019-04-24,0.719862163066864
2019-04-24,0.6353950500488281
2019-04-24,0.6922621130943298
2019-04-24,0.9694414138793944
2019-04-25,0.3661207854747772
2019-04-26,0.6562270522117615
2019-04-26,0.7099902629852295
2019-04-26,0.639858603477478
2019-04-26,0.6788971424102783
2019-04-26,0.3618756532669067
2019-04-26,1.3430074453353882
2019-04-26,0.3552450239658356
2019-04-26,0.4949544966220856
2019-04-29,0.7650615572929382
2019-04-29,0.14635252952575686
2019-04-29,0.5775886178016663
2019-04-29,0.8044842481613159
2019-04-30,0.18838326632976526
2019-04-30,0.6933717727661133
2019-04-30,0.4183070659637451
2019-04-30,0.6582671999931335
2019-04-30,0.4184365272521973
2019-04-30,0.474398136138916
2019-05-02,0.7679107785224915
2019-05-02,0.498822957277298
2019-05-02,0.6998018026351929
2019-05-02,0.6871635317802429
2019-05-02,0.6541441082954407
2019-05-02,0.4379130601882935
2019-05-02,0.9597514271736144
2019-05-02,0.5857235789299011
2019-05-02,0.25879430770874023
2019-05-03,0.4858089983463288
2019-05-03,0.4206701517105103
2019-05-03,0.7448583245277405
2019-05-03,0.5395172238349915
2019-05-07,0.7435259222984314
2019-05-07,0.23275172710418698
2019-05-07,0.7252312302589417
2019-05-07,0.18631725013256076
2019-05-07,0.4714007675647736
2019-05-07,0.1243620663881302
2019-05-07,0.6413995027542114
2019-05-07,0.5956515073776245
2019-05-07,0.5726284384727478
2019-05-07,0.3737248778343201
2019-05-08,0.584027886390686
2019-05-08,0.3187570869922638
2019-05-08,0.7020606994628906
2019-05-08,0.5753523111343384
2019-05-08,0.20300567150115967
2019-05-08,1.0537101030349731
2019-05-08,0.7119715809822083
2019-05-08,0.5309850573539734
2019-05-08,0.5133293867111206
2019-05-09,0.6388834118843079
2019-05-09,0.28270432353019714
2019-05-09,0.22339987754821775
2019-05-09,0.7960689663887024
2019-05-09,0.4565487205982208
2019-05-09,0.41730186343193054
2019-05-09,0.4552067220211029
2019-05-09,0.22842586040496826
2019-05-09,0.7287037968635559
2019-05-09,0.28270432353019714
2019-05-10,0.4179093539714813
2019-05-10,0.515208899974823
2019-05-10,0.6157724857330322
2019-05-10,0.9390386939048768
2019-05-10,0.6135517954826355
2019-05-10,0.5191534757614136
2019-05-10,0.6247327327728271
2019-05-10,0.2425688803195953
2019-05-10,0.5014818906784058
2019-05-10,0.3358227610588074
2019-05-13,0.3563555181026459
2019-05-13,0.3522213399410248
2019-05-13,0.6672536134719849
2019-05-13,0.3176465332508087
2019-05-13,0.331072598695755
2019-05-13,0.3093774616718292
2019-05-13,0.5538290739059448
2019-05-13,0.29383492469787603
2019-05-13,0.39152950048446655
2019-05-13,0.30301663279533386
2019-05-13,0.30946579575538635
2019-05-14,0.4668371975421906
2019-05-14,0.30662915110588074
2019-05-14,0.3169458210468292
2019-05-14,0.4834360480308533
2019-05-14,0.5465335845947266
2019-05-14,0.5562328696250916
2019-05-14,0.24745258688926694
2019-05-14,0.4693195223808289
2019-05-14,0.2312500774860382
2019-05-14,0.3123798072338104
2019-05-14,0.4097264111042023
2019-05-14,0.09537774324417114
2019-05-14,0.4912190139293671
2019-05-15,0.31121376156806946
2019-05-15,0.1971665471792221
2019-05-15,0.2430710643529892
2019-05-15,0.5144503712654114
2019-05-15,0.2758255898952484
2019-05-15,0.5877681374549866
2019-05-15,0.2939998209476471
2019-05-15,0.31313303112983704
2019-05-15,0.09843621402978896
2019-05-16,0.3489469289779663
2019-05-16,0.4966128170490265
2019-05-16,0.4748471677303314
2019-05-16,0.5646704435348511
2019-05-16,0.5700012445449829
2019-05-16,0.5450139045715332
2019-05-16,0.4916841983795166
2019-05-16,0.3496932089328766
2019-05-16,0.5284020304679871
2019-05-17,0.4378822147846222
2019-05-17,0.6776993870735168
2019-05-17,0.4564160406589508
2019-05-17,0.5664951205253601
2019-05-17,0.3171878457069397
2019-05-17,0.4018120765686035
2019-05-20,0.03354137018322945
2019-05-20,0.347774475812912
2019-05-20,0.03949965164065361
2019-05-20,0.3077119886875153
2019-05-21,0.5597543716430664
2019-05-21,0.20344141125679016
2019-05-21,0.08912715315818788
2019-05-21,0.07695591449737549
2019-05-21,0.25118502974510193
2019-05-21,0.4863361716270447
2019-05-22,0.5644254684448242
2019-05-22,0.6883245706558228
2019-05-22,0.6795091032981873
2019-05-22,0.4087083637714386
2019-05-22,0.46597144007682795
2019-05-23,0.3260740339756012
2019-05-23,0.2961786389350891
2019-05-23,0.3494941294193268
2019-05-23,0.3644775450229645
2019-05-23,0.9273386001586914
2019-05-23,0.4390343129634857
2019-05-24,0.5712277889251709
2019-05-24,0.2297850251197815
2019-05-24,0.2714857757091522
2019-05-24,0.519477903842926
2019-05-24,0.519477903842926
2019-05-28,0.3826754093170166
2019-05-28,0.952240824699402
2019-05-28,0.09127097576856613
2019-05-28,0.4503476321697235
2019-05-28,0.5842381119728088
2019-05-28,0.3002943694591522
2019-05-28,0.09127097576856613
2019-05-28,0.4509678483009338
2019-05-28,0.2772451937198639
2019-05-28,0.5721657276153564
2019-05-29,0.27730709314346313
2019-05-29,0.5511123538017273
2019-05-29,0.17294490337371826
2019-05-29,0.3447353541851044
2019-05-29,0.3395810127258301
2019-05-29,0.3796251714229584
2019-05-29,0.6724950671195984
2019-06-11,0.3247314691543579
2019-06-11,0.3841080069541931
2019-06-11,0.5183561444282532
2019-06-11,0.3579846918582916
2019-06-11,0.716078519821167
2019-06-12,0.7129819393157959
2019-06-12,0.392242431640625
2019-06-12,0.40875300765037537
2019-06-12,0.6315659880638123
2019-06-12,0.4760836660861969
2019-06-13,0.3289029002189636
2019-06-13,0.21286463737487796
2019-06-13,0.13663840293884275
2019-06-13,0.3831644356250763
2019-06-13,0.2238127440214157
2019-06-13,0.4125557839870453
2019-06-13,0.3380206823348999
2019-06-14,0.4747081995010376
2019-06-14,0.1975112408399582
2019-06-14,0.7239798903465271
2019-06-14,0.39767733216285706
2019-06-14,0.4206078946590424
2019-06-14,0.31884947419166565
2019-06-14,0.32345959544181824
2019-06-17,0.4709620773792267
2019-06-17,0.3458838164806366
2019-06-17,0.1524895429611206
2019-06-17,0.3600915968418121
2019-06-17,0.6317423582077026
2019-06-17,0.4127199947834015
2019-06-17,0.5140030980110168
2019-06-17,0.6867244243621826
2019-06-17,0.6481840014457703
2019-06-17,0.1746833473443985
2019-06-17,0.4315573871135712
2019-06-17,0.536641001701355
2019-06-17,0.7508037090301514
2019-06-17,0.6720132827758789
2019-06-17,0.3450774550437927
2019-06-17,0.19451217353343964
2019-06-17,0.5691337585449219
2019-06-17,0.5581490397453308
2019-06-17,0.6523261666297913
2019-06-18,0.3664808869361877
2019-06-18,0.3173281848430633
2019-06-18,0.4240345656871796
2019-06-18,0.3481597304344177
2019-06-18,0.1592162847518921
2019-06-18,0.19247254729270932
2019-06-18,0.5264043807983398
2019-06-18,0.5340238213539124
2019-06-18,1.162853717803955
2019-06-18,0.3486458361148834
2019-06-18,0.8800463676452637
2019-06-18,0.5268198847770691
2019-06-18,0.5730650424957275
2019-06-18,0.4508236348628998
2019-06-18,0.44181740283966064
2019-06-18,0.616199791431427
2019-06-18,0.1956553161144257
2019-06-19,0.4995352327823639
2019-06-19,0.2724837064743042
2019-06-19,0.5939948558807373
2019-06-19,0.3947000205516815
2019-06-19,0.17994408309459686
2019-06-19,0.6408793926239014
2019-06-19,0.5317981839179993
2019-06-19,0.13603664934635162
2019-06-19,0.16460485756397247
2019-06-19,0.06784510612487793
2019-06-20,0.4379933178424835
2019-06-20,0.7033227682113647
2019-06-20,0.8896428346633911
2019-06-20,0.9040989875793456
2019-06-20,0.2601558268070221
2019-06-20,0.4646947681903839
2019-06-20,0.6879168748855591
2019-06-20,0.3983261287212372
2019-06-20,0.5892980694770813
2019-06-20,0.4414326548576355
2019-06-20,0.935988426208496
2019-06-20,0.5711609125137329
2019-06-20,0.604581356048584
2019-06-21,0.5624157190322876
2019-06-21,0.6200165748596191
2019-06-21,0.4548479914665222
2019-06-21,0.6957825422286987
2019-06-21,0.6297937035560608
2019-06-21,0.3692138195037842
2019-06-21,0.4305647611618042
2019-06-21,0.2462516874074936
2019-06-21,0.8421778678894043
2019-06-21,0.8532096147537231
2019-06-21,0.5976126194000244
2019-06-21,0.6704556941986084
2019-06-21,0.6252704858779907
2019-06-21,0.4698088765144348
2019-06-24,0.3143702447414398
2019-06-24,0.4309066236019135
2019-06-24,0.4334417879581451
2019-06-24,0.5999339818954468
2019-06-24,0.28639301657676697
2019-06-24,0.2839002311229706
2019-06-24,0.07033656537532806
2019-06-24,0.7316481471061707
2019-06-24,0.8428659439086914
2019-06-24,0.5908940434455872
2019-06-24,0.7023584246635437
2019-06-24,0.7281216382980347
2019-06-24,0.44090959429740906
2019-06-24,0.7046386003494263
2019-06-24,0.928221881389618
2019-06-25,0.5625777244567871
2019-06-25,0.4574580192565918
2019-06-25,0.8008189797401428
2019-06-25,0.3531915247440338
2019-06-26,0.0
2019-06-26,0.4364632964134216
2019-06-26,0.5285845994949341
2019-06-26,0.3824151456356049
2019-06-26,0.6156134605407715
2019-06-27,0.4917904138565064
2019-06-27,0.3111196756362915
2019-06-27,0.7140824198722839
2019-06-28,0.6869596838951111
2019-06-28,0.533300518989563
2019-06-28,0.9208986759185792
2019-06-28,0.33341142535209656
2019-06-28,0.4151477515697479
2019-06-28,0.5424517393112183
2019-07-01,0.3542996644973755
2019-07-01,0.4376277625560761
2019-07-01,0.4661670625209808
2019-07-01,0.7235430479049683
2019-07-01,0.0
2019-07-01,0.6936654448509216
2019-07-01,0.38067275285720825
2019-07-01,0.4237355589866638
2019-07-01,0.6472812294960022
2019-07-01,0.3280074894428253
2019-07-01,0.7206603288650513
2019-07-01,0.6936654448509216
2019-07-01,0.4289055764675141
2019-07-01,0.5038024187088013
2019-07-02,0.8481326699256897
2019-07-02,0.2835117280483246
2019-07-02,0.6892822980880737
2019-07-02,0.3297141492366791
2019-07-02,0.4901610016822815
2019-07-02,0.6953805685043335
2019-07-03,0.5309028625488281
2019-07-03,0.4631462097167969
2019-07-03,0.7171226143836975
2019-07-03,0.3994662463665009
2019-07-08,0.0
2019-07-08,0.0
2019-07-08,0.0
2019-07-08,0.0
2019-07-08,0.0
2019-07-08,0.0
2019-07-08,0.0
2019-07-08,0.0
2019-07-08,0.0
2019-07-08,0.0
2019-07-08,0.0
2019-07-08,0.0
2019-07-09,0.0
2019-07-09,0.0
2019-07-09,0.0
2019-07-09,0.0
2019-07-10,0.0
2019-07-10,0.0
2019-07-10,0.0
2019-07-10,0.0
2019-07-10,0.0
2019-07-10,0.0
2019-07-10,0.0
2019-07-11,0.0
2019-07-11,0.0
2019-07-11,0.0
2019-07-11,0.0
2019-07-11,0.0
2019-07-11,0.0
2019-07-11,0.0
2019-07-11,0.0
2019-07-11,0.0
2019-07-12,0.0
2019-07-12,0.0
2019-07-12,0.0
2019-07-12,0.0
2019-07-12,0.0
2019-07-12,0.0
2019-07-12,0.0
2019-07-12,0.0
2019-07-12,0.0
2019-07-12,0.0
2019-07-15,0.0
2019-07-15,0.0
2019-07-15,0.0
2019-07-15,0.0
2019-07-15,0.0
2019-07-15,0.0
2019-07-15,0.0
2019-07-15,0.0
2019-07-15,0.0
2019-07-15,0.0
2019-07-15,0.0
2019-07-15,0.0
2019-07-15,0.0
2019-07-15,0.0
2019-07-15,0.0
2019-07-15,0.0
2019-07-15,0.0
2019-07-15,0.0
2019-07-15,0.0
2019-07-15,0.0
2019-07-15,0.0
2019-07-16,0.0
2019-07-16,0.0
2019-07-16,0.0
2019-07-16,0.0
2019-07-16,0.0
2019-07-16,0.0
2019-07-16,0.0
2019-07-16,0.0
2019-07-16,0.0
2019-07-16,0.0
2019-07-17,0.0
2019-07-17,0.0
2019-07-17,0.0
2019-07-17,0.0
2019-07-17,0.0
2019-07-17,0.0
2019-07-17,0.0
2019-07-17,0.0
2019-07-18,0.0
2019-07-18,0.0
2019-07-18,0.0
2019-07-18,0.0
2019-07-18,0.0
2019-07-18,0.0
2019-07-19,0.0
2019-07-19,0.0
2019-07-19,0.0
2019-07-19,0.0
2019-07-19,0.0
2019-07-19,0.0
2019-07-22,0.0
2019-07-22,0.0
2019-07-22,0.0
2019-07-22,0.0
2019-07-22,0.0
2019-07-22,0.0
2019-07-22,0.0
2019-07-22,0.0
2019-07-22,0.0
2019-07-22,0.0
2019-07-22,0.0
2019-07-22,0.0
2019-07-22,0.0
2019-07-23,0.0
2019-07-23,0.0
2019-07-23,0.0
2019-07-23,0.0
2019-07-23,0.0
2019-07-23,0.0
2019-07-23,0.0
2019-07-23,0.0
2019-07-23,0.0
2019-07-23,0.0
2019-07-24,0.0
2019-07-24,0.0
2019-07-24,0.0
2019-07-24,0.0
2019-07-24,0.0
2019-07-24,0.0
2019-07-24,0.0
2019-07-24,0.0
2019-07-24,0.0
2019-07-24,0.0
2019-07-25,0.0
2019-07-25,0.0
2019-07-25,0.0
2019-07-26,0.0
2019-07-26,0.0
2019-07-29,0.0
2019-07-29,0.0
2019-07-29,0.0
2019-07-29,0.0
2019-07-29,0.0
2019-07-29,0.0
2019-07-30,0.0
2019-07-30,0.0
2019-07-30,0.0
2019-07-30,0.0
2019-07-31,0.0
2019-07-31,0.0
2019-07-31,0.0
2019-07-31,0.0
2019-07-31,0.0
2019-07-31,0.0
2019-07-31,0.0
2019-07-31,0.0
2019-08-02,0.0
2019-08-02,0.0
2019-08-02,0.0
2019-08-02,0.0
2019-08-02,0.0
2019-08-02,0.0
2019-08-02,0.0
2019-08-05,0.0
2019-08-05,0.0
2019-08-05,0.0
2019-08-05,0.0
2019-08-06,0.0
2019-08-06,0.0
2019-08-06,0.0
2019-08-06,0.0
2019-08-06,0.0
2019-08-07,0.0
2019-08-07,0.0
2019-08-07,0.0
2019-08-07,0.0
2019-08-07,0.0
2019-08-08,0.0
2019-08-08,0.0
2019-08-08,0.0
2019-08-08,0.0
2019-08-08,0.0
2019-08-09,0.0
2019-08-09,0.0
2019-08-09,0.0
2019-08-09,0.0
2019-08-12,0.0
2019-08-12,0.0
2019-08-12,0.0
2019-08-12,0.0
2019-08-12,0.0
2019-08-12,0.0
2019-08-13,0.0
2019-08-13,0.0
2019-08-13,0.0
2019-08-14,0.0
2019-08-14,0.0
2019-08-14,0.0
2019-08-14,0.0
2019-08-15,0.0
2019-08-15,0.0
2019-08-15,0.0
2019-08-16,0.0
2019-08-16,0.0
2019-08-16,0.0
2019-08-19,0.0
2019-08-19,0.0
2019-08-19,0.0
2019-08-19,0.0
2019-08-19,0.0
2019-08-19,0.0
2019-08-19,0.0
2019-08-20,0.0
2019-08-20,0.0
2019-08-20,0.0
2019-08-20,0.0
2019-08-20,0.0
2019-08-20,0.0
2019-08-20,0.0
2019-08-20,0.0
2019-08-21,0.0
2019-08-21,0.0
2019-08-21,0.0
2019-08-21,0.0
2019-08-21,0.0
2019-08-21,0.0
2019-08-22,0.0
2019-08-22,0.0
2019-08-22,0.0
2019-08-22,0.0
2019-08-22,0.0
2019-08-22,0.0
2019-08-22,0.0
2019-08-23,0.0
2019-08-23,0.0
2019-08-23,0.0
2019-08-23,0.0
2019-08-23,0.0
2019-08-27,0.0
2019-08-27,0.0
2019-08-28,0.0
2019-08-28,0.0
2019-08-28,0.0
2019-08-28,0.0
2019-08-28,0.0
2019-08-28,0.0
2019-08-29,0.0
2019-08-29,0.0
2019-08-29,0.0
2019-08-29,0.0
2019-08-30,0.0
2019-08-30,0.0
2019-08-30,0.0
2019-08-30,0.0
2019-09-03,0.0
2019-09-03,0.0
2019-09-03,0.0
2019-09-03,0.0
2019-09-04,0.0
2019-09-04,0.0
2019-09-04,0.0
2019-09-04,0.0
2019-09-04,0.0
2019-09-05,0.0
2019-09-05,0.0
2019-09-05,0.0
2019-09-05,0.0
2019-09-05,0.0
2019-09-05,0.0
2019-09-05,0.0
2019-09-06,0.0
2019-09-06,0.0
2019-09-06,0.0
2019-09-06,0.0
2019-09-06,0.0
2019-09-09,0.0
2019-09-09,0.0
2019-09-09,0.0
2019-09-09,0.0
2019-09-09,0.0
2019-09-09,0.0
2019-09-09,0.0
2019-09-09,0.0
2019-09-09,0.0
2019-09-09,0.0
2019-09-09,0.0
2019-09-09,0.0
2019-09-10,0.0
2019-09-10,0.0
2019-09-10,0.0
2019-09-10,0.0
2019-09-10,0.0
2019-09-10,0.0
2019-09-11,0.0
2019-09-11,0.0
2019-09-11,0.0
2019-09-11,0.0
2019-09-12,0.0
2019-09-12,0.0
2019-09-12,0.0
2019-09-12,0.0
2019-09-12,0.0
2019-09-12,0.0
2019-09-12,0.0
2019-09-13,0.0
2019-09-13,0.0
2019-09-13,0.0
2019-09-13,0.0
2019-09-13,0.0
2019-09-16,0.0
2019-09-16,0.0
2019-09-16,0.0
2019-09-16,0.0
2019-09-16,0.0
2019-09-16,0.0
2019-09-16,0.0
2019-09-17,0.0
2019-09-17,0.0
2019-09-17,0.0
2019-09-17,0.0
2019-09-17,0.0
2019-09-18,0.0
2019-09-18,0.0
2019-09-18,0.0
2019-09-18,0.0
2019-09-18,0.0
2019-09-19,0.0
2019-09-19,0.0
2019-09-19,0.0
2019-09-19,0.0
2019-09-19,0.0
2019-09-19,0.0
2019-09-19,0.0
2019-09-19,0.0
2019-09-19,0.0
2019-09-19,0.0
2019-09-20,0.0
2019-09-20,0.0
2019-09-20,0.0
2019-09-20,0.0
2019-09-20,0.0
2019-09-23,0.0
2019-09-23,0.0
2019-09-23,0.0
2019-09-23,0.0
2019-09-23,0.0
2019-09-23,0.0
2019-09-23,0.0
2019-09-23,0.0
2019-09-23,0.0
2019-09-23,0.0
2019-09-23,0.0
2019-09-23,0.0
2019-09-24,0.0
2019-09-24,0.0
2019-09-24,0.0
2019-09-25,0.0
2019-09-25,0.0
2019-09-25,0.0
2019-09-25,0.0
2019-09-25,0.0
2019-09-25,0.0
2019-09-25,0.0
2019-09-26,0.0
2019-09-26,0.0
2019-09-26,0.0
2019-09-26,0.0
2019-09-26,0.0
2019-09-26,0.0
2019-09-27,0.0
2019-09-27,0.0
2019-09-30,0.0
2019-09-30,0.0
2019-09-30,0.0
2019-09-30,0.0
2019-09-30,0.0
2019-09-30,0.0
2019-09-30,0.0
2019-09-30,0.0
2019-10-01,0.0
2019-10-01,0.0
2019-10-01,0.0
2019-10-01,0.0
2019-10-01,0.0
2019-10-01,0.0
2019-10-01,0.0
2019-10-01,0.0
2019-10-02,0.0
2019-10-02,0.0
2019-10-02,0.0
2019-10-03,0.0
2019-10-03,0.0
2019-10-03,0.0
2019-10-03,0.0
2019-10-03,0.0
2019-10-03,0.0
2019-10-03,0.0
2019-10-03,0.0
2019-10-03,0.0
2019-10-03,0.0
2019-10-04,0.0
2019-10-04,0.0
2019-10-04,0.0
2019-10-04,0.0
2019-10-04,0.0
2019-10-07,0.0
2019-10-07,0.0
2019-10-07,0.0
2019-10-07,0.0
2019-10-07,0.0
2019-10-07,0.0
2019-10-07,0.0
2019-10-07,0.0
2019-10-07,0.0
2019-10-07,0.0
2019-10-08,0.0
2019-10-08,0.0
2019-10-08,0.0
2019-10-08,0.0
2019-10-08,0.0
2019-10-08,0.0
2019-10-09,0.0
2019-10-09,0.0
2019-10-09,0.0
2019-10-09,0.0
2019-10-09,0.0
2019-10-09,0.0
2019-10-09,0.0
2019-10-09,0.0
2019-10-09,0.0
2019-10-10,0.0
2019-10-10,0.0
2019-10-10,0.0
2019-10-10,0.0
2019-10-10,0.0
2019-10-10,0.0
2019-10-10,0.0
2019-10-11,0.0
2019-10-11,0.0
2019-10-11,0.0
2019-10-11,0.0
2019-10-11,0.0
2019-10-11,0.0
2019-10-11,0.0
2019-10-14,0.0
2019-10-14,0.0
2019-10-14,0.0
2019-10-14,0.0
2019-10-14,0.0
2019-10-14,0.0
2019-10-14,0.0
2019-10-15,0.0
2019-10-15,0.0
2019-10-15,0.0
2019-10-15,0.0
2019-10-15,0.0
2019-10-15,0.0
2019-10-16,0.0
2019-10-16,0.0
2019-10-16,0.0
2019-10-16,0.0
2019-10-17,0.0
2019-10-17,0.0
2019-10-17,0.0
2019-10-17,0.0
2019-10-17,0.0
2019-10-17,0.0
2019-10-17,0.0
2019-10-17,0.0
2019-10-17,0.0
2019-10-17,0.0
2019-10-17,0.0
2019-10-17,0.0
2019-10-17,0.0
2019-10-18,0.0
2019-10-18,0.0
2019-10-18,0.0
2019-10-18,0.0
2019-10-18,0.0
2019-10-18,0.0
2019-10-21,0.0
2019-10-21,0.0
2019-10-21,0.0
2019-10-21,0.0
2019-10-21,0.0
2019-10-21,0.0
2019-10-21,0.0
2019-10-21,0.0
2019-10-22,0.0
2019-10-22,0.0
2019-10-22,0.0
2019-10-23,0.0
2019-10-23,0.0
2019-10-23,0.0
2019-10-23,0.0
2019-10-23,0.0
2019-10-23,0.0
2019-10-23,0.0
2019-10-24,0.0
2019-10-24,0.0
2019-10-24,0.0
2019-10-24,0.0
2019-10-24,0.0
2019-10-25,1.8913360834121704
2019-10-25,1.6017630100250244
2019-10-25,2.1404142379760738
2019-10-25,1.9801574945449831
2019-10-25,2.3787240982055664
2019-10-25,1.7480891942977903
2019-10-28,2.122644186019897
2019-10-28,0.9619975686073304
2019-10-28,0.9619975686073304
2019-10-28,1.69825279712677
2019-10-28,1.923442244529724
2019-10-28,2.35859489440918
2019-10-28,1.9323669672012331
2019-10-28,2.0001749992370605
2019-10-28,1.715962052345276
2019-10-28,2.316456794738769
2019-10-28,1.611791491508484
2019-10-28,1.5174086093902588
2019-10-28,2.227001667022705
2019-10-28,1.2698328495025637
2019-10-28,2.486222267150879
2019-10-28,2.4412436485290527
2019-10-28,2.0847606658935547
2019-10-28,2.367035150527954
2019-10-28,1.6263831853866575
2019-10-29,2.056138277053833
2019-10-29,2.368412971496582
2019-10-29,2.2381434440612797
2019-10-30,2.4851481914520264
2019-10-30,1.7958508729934692
2019-10-30,2.1497066020965576
2019-10-31,1.818580985069275
2019-10-31,0.4139269590377808
2019-10-31,1.4507118463516235
2019-10-31,2.1804273128509517
2019-10-31,2.1896924972534184
2019-10-31,2.051756858825684
2019-11-01,1.9312349557876587
2019-11-01,1.4642468690872192
2019-11-01,2.2599782943725586
2019-11-01,2.3194522857666016
2019-11-01,1.6548796892166138
2019-11-04,1.6964465379714966
2019-11-04,1.9304851293563845
2019-11-04,2.5053322315216064
2019-11-04,2.1759169101715092
2019-11-05,2.909961700439453
2019-11-05,1.7711619138717651
2019-11-05,1.80251944065094
2019-11-05,2.4825725555419917
2019-11-05,1.589653253555298
2019-11-05,1.6702601909637451
2019-11-05,2.0824823379516597
2019-11-05,1.6939789056777954
2019-11-06,1.872297525405884
2019-11-06,1.8082088232040403
2019-11-06,2.1245827674865723
2019-11-06,1.8148821592330933
2019-11-06,1.275230050086975
2019-11-06,2.0079483985900883
2019-11-06,2.0245120525360107
2019-11-06,1.6659593582153318
2019-11-06,1.7903180122375488
2019-11-07,1.8547344207763672
2019-11-07,1.9452378749847408
2019-11-07,0.6988075375556946
2019-11-07,1.6588305234909058
2019-11-07,2.706225872039795
2019-11-08,2.591818332672119
2019-11-08,1.9133059978485107
2019-11-08,1.7251356840133667
2019-11-08,2.0635602474212646
2019-11-08,2.1147375106811523
2019-11-08,2.1212174892425537
2019-11-08,2.226862907409668
2019-11-08,1.3809858560562134
2019-11-12,2.2940683364868164
2019-11-12,2.033579111099243
2019-11-12,1.081273913383484
2019-11-12,2.2507305145263667
2019-11-13,1.6944028139114382
2019-11-13,2.0134284496307373
2019-11-13,1.9022847414016724
2019-11-13,2.454555988311768
2019-11-14,2.1153097152709956
2019-11-14,2.232377052307129
2019-11-14,1.910151124000549
2019-11-14,1.2690589427947998
2019-11-14,1.2716796398162842
2019-11-15,2.219742774963379
2019-11-15,2.3311471939086914
2019-11-15,1.6124900579452517
2019-11-15,2.4242420196533203
2019-11-18,2.1537437438964844
2019-11-18,2.1967020034790044
2019-11-18,1.7618619203567505
2019-11-18,1.9207851886749268
2019-11-18,2.0318269729614262
2019-11-18,1.44062340259552
2019-11-18,1.9669429063797
2019-11-18,1.8604806661605835
2019-11-18,2.1211206912994385
2019-11-19,2.270421028137207
2019-11-19,1.7864890098571775
2019-11-19,1.6015254259109497
2019-11-19,0.979958474636078
2019-11-19,1.9205241203308103
2019-11-19,1.55355966091156
2019-11-20,1.9861366748809812
2019-11-20,1.7567840814590454
2019-11-20,1.614535927772522
2019-11-21,2.1303243637084956
2019-11-21,2.046736478805542
2019-11-21,1.7377910614013672
2019-11-21,1.7193449735641482
2019-11-22,2.5249547958374023
2019-11-22,2.167947769165039
2019-11-25,1.317151665687561
2019-11-25,1.6419838666915894
2019-11-25,1.9862749576568604
2019-11-25,1.3662937879562378
2019-11-25,1.96198832988739
2019-11-25,1.991212010383606
2019-11-26,2.286715030670166
2019-11-26,0.0
2019-11-26,0.0
2019-11-26,0.0
2019-11-26,0.0
2019-11-26,0.0
2019-11-27,0.0
2019-11-27,0.0
2019-11-27,0.0
2019-11-29,0.0
2019-11-29,0.0
2019-11-29,0.0
2019-11-29,0.0
2019-11-29,0.0
2019-11-29,0.0
2019-11-29,0.0
2019-11-29,0.0
2019-12-02,0.0
2019-12-02,0.0
2019-12-02,0.0
2019-12-02,0.0
2019-12-02,0.0
2019-12-02,0.0
2019-12-02,0.0
2019-12-02,0.0
2019-12-03,0.0
2019-12-03,0.0
2019-12-03,0.0
2019-12-03,0.0
2019-12-03,0.0
2019-12-04,0.0
2019-12-04,0.0
2019-12-05,0.0
2019-12-06,0.0
2019-12-06,0.0
2019-12-06,0.0
2019-12-06,0.0
2019-12-06,0.0
2019-12-06,0.0
2019-12-09,0.0
2019-12-09,0.0
2019-12-09,0.0
2019-12-09,0.0
2019-12-09,0.0
2019-12-09,0.0
2019-12-10,0.0
2019-12-10,0.0
2019-12-10,0.0
2019-12-11,0.0
2019-12-11,0.0
2019-12-11,0.0
2019-12-12,0.0
2019-12-12,0.0
2019-12-12,0.0
2019-12-12,0.0
2019-12-12,0.0
2019-12-12,0.0
2019-12-13,0.0
2019-12-13,0.0
2019-12-13,0.0
2019-12-13,0.0
2019-12-13,0.0
2019-12-13,0.0
2019-12-16,0.0
2019-12-16,0.0
2019-12-16,0.0
2019-12-16,0.0
2019-12-16,0.0
2019-12-16,0.0
2019-12-16,0.0
2019-12-17,0.0
2019-12-18,0.0
2019-12-18,0.0
2019-12-18,0.0
2019-12-19,0.0
2019-12-19,0.0
2019-12-19,0.0
2019-12-19,0.0
2019-12-20,0.0
2019-12-20,0.0
2019-12-20,0.0
2019-12-20,0.0
2019-12-20,0.0
2019-12-20,0.0
2019-12-20,0.0
2019-12-23,0.0
2019-12-23,0.0
2019-12-23,0.0
2019-12-23,0.0
2019-12-23,0.0
2019-12-27,0.0
2019-12-30,0.0
2019-12-30,0.0
2019-12-30,0.0
2020-01-03,0.0
2020-01-06,0.0
2020-01-06,0.0
2020-01-06,0.0
2020-01-06,0.0
2020-01-06,0.0
2020-01-07,0.0
2020-01-07,0.0
2020-01-07,0.0
2020-01-07,0.0
2020-01-07,0.0
2020-01-08,0.0
2020-01-08,0.0
2020-01-08,0.0
2020-01-08,0.0
2020-01-09,0.0
2020-01-09,0.0
2020-01-09,0.0
2020-01-09,0.0
2020-01-09,0.0
2020-01-09,0.0
2020-01-10,0.0
2020-01-10,0.0
2020-01-13,0.0
2020-01-13,0.0
2020-01-13,0.0
2020-01-13,0.0
2020-01-14,0.0
2020-01-14,0.0
2020-01-14,0.0
2020-01-14,0.0
2020-01-14,0.0
2020-01-14,0.0
2020-01-14,0.0
2020-01-14,0.0
2020-01-15,0.0
2020-01-15,0.0
2020-01-15,0.0
2020-01-15,0.0
2020-01-15,0.0
2020-01-16,0.0
2020-01-16,0.0
2020-01-16,0.0
2020-01-16,0.0
2020-01-16,0.0
2020-01-16,0.0
2020-01-17,0.0
2020-01-17,0.0
2020-01-17,0.0
2020-01-21,0.0
2020-01-21,0.0
2020-01-21,0.0
2020-01-21,0.0
2020-01-22,0.0
2020-01-22,0.0
2020-01-22,0.0
2020-01-22,0.0
2020-01-23,0.0
2020-01-23,0.0
2020-01-24,0.0
2020-01-24,0.0
2020-01-24,0.0
2020-01-24,0.0
2020-01-24,0.0
2020-01-27,0.0
2020-01-27,0.0
2020-01-27,0.0
2020-01-27,0.0
2020-01-27,0.0
2020-01-28,0.0
2020-01-28,0.0
2020-01-28,0.0
2020-01-28,0.0
2020-01-28,0.0
2020-01-29,0.0
2020-01-29,0.0
2020-01-29,0.0
2020-01-30,0.0
2020-01-30,0.0
2020-01-30,0.0
2020-01-30,0.0
2020-01-31,0.0
2020-01-31,0.0
2020-01-31,0.0
2020-01-31,0.0
2020-01-31,0.0
2020-01-31,0.0
2020-01-31,0.0
2020-02-03,0.0
2020-02-03,0.0
2020-02-03,0.0
2020-02-03,0.0
2020-02-03,0.0
2020-02-03,0.0
2020-02-03,0.0
2020-02-03,0.0
2020-02-03,0.0
2020-02-04,0.0
2020-02-04,0.0
2020-02-04,0.0
2020-02-04,0.0
2020-02-04,0.0
2020-02-04,0.0
2020-02-04,0.0
2020-02-04,0.0
2020-02-05,0.0
2020-02-05,0.0
2020-02-05,0.0
2020-02-05,0.0
2020-02-05,0.0
2020-02-06,0.0
2020-02-06,0.0
2020-02-06,0.0
2020-02-06,0.0
2020-02-06,0.0
2020-02-06,0.0
2020-02-06,0.0
2020-02-07,0.0
2020-02-07,0.0
2020-02-07,0.0
2020-02-10,0.0
2020-02-10,0.0
2020-02-10,0.0
2020-02-10,0.0
2020-02-10,0.0
2020-02-10,0.0
2020-02-11,0.0
2020-02-11,0.0
2020-02-12,0.0
2020-02-12,0.0
2020-02-13,0.0
2020-02-14,0.0
2020-02-14,0.0
2020-02-14,0.0
2020-02-18,0.0
2020-02-18,0.0
2020-02-18,0.0
2020-02-18,0.0
2020-02-18,0.0
2020-02-18,0.0
2020-02-19,0.0
2020-02-19,0.0
2020-02-19,0.0
2020-02-19,0.0
2020-02-19,0.0
2020-02-19,0.0
2020-02-20,0.0
2020-02-20,0.0
2020-02-20,0.0
2020-02-20,0.0
2020-02-21,0.0
2020-02-21,0.0
2020-02-21,0.0
2020-02-21,0.0
2020-02-21,0.0
2020-02-21,0.0
2020-02-21,0.0
2020-02-24,0.0
2020-02-24,0.0
2020-02-24,0.0
2020-02-24,0.0
2020-02-24,0.0
2020-02-24,0.0
2020-02-24,0.0
2020-02-25,0.0
2020-02-25,0.0
2020-02-26,0.0
2020-02-26,0.0
2020-02-26,0.0
2020-02-26,0.0
2020-02-27,0.0
2020-02-27,0.0
2020-02-27,0.0
2020-02-27,0.0
2020-02-27,0.0
2020-02-27,0.0
2020-02-27,0.0
2020-02-27,0.0
2020-02-28,0.0
2020-02-28,0.0
2020-02-28,0.0
2020-03-02,0.0
2020-03-02,0.0
2020-03-02,0.0
2020-03-02,0.0
2020-03-02,0.0
2020-03-02,0.0
2020-03-02,0.0
2020-03-02,0.0
2020-03-03,0.0
2020-03-03,0.0
2020-03-03,0.0
2020-03-03,0.0
2020-03-03,0.0
2020-03-03,0.0
2020-03-04,0.0
2020-03-04,0.0
2020-03-04,0.0
2020-03-04,0.0
2020-03-04,0.0
2020-03-04,0.0
2020-03-05,0.0
2020-03-05,0.0
2020-03-05,0.0
2020-03-05,0.0
2020-03-05,0.0
2020-03-05,0.0
2020-03-05,0.0
2020-03-05,0.0
2020-03-06,0.0
2020-03-06,0.0
2020-03-06,0.0
2020-03-06,0.0
2020-03-06,0.0
2020-03-06,0.0
2020-03-06,0.0
2020-03-09,0.0
2020-03-09,0.0
2020-03-09,0.0
2020-03-09,0.0
2020-03-09,0.0
2020-03-09,0.0
2020-03-09,0.0
2020-03-10,0.0
2020-03-10,0.0
2020-03-10,0.0
2020-03-10,0.0
2020-03-10,0.0
2020-03-10,0.0
2020-03-11,0.0
2020-03-11,0.0
2020-03-11,0.0
2020-03-12,0.0
2020-03-12,0.0
2020-03-12,0.0
2020-03-12,0.0
2020-03-13,0.0
2020-03-13,0.0
2020-03-13,0.0
2020-03-16,0.0
2020-03-16,0.0
2020-03-16,0.0
2020-03-16,0.0
2020-03-16,0.0
2020-03-17,0.0
2020-03-17,0.0
2020-03-17,0.0
2020-03-17,0.0
2020-03-17,0.0
2020-03-17,0.0
2020-03-17,0.0
2020-03-18,0.0
2020-03-18,0.0
2020-03-18,0.0
2020-03-18,0.0
2020-03-19,0.0
2020-03-19,0.0
2020-03-19,0.0
2020-03-19,0.0
2020-03-19,0.0
2020-03-19,0.0
2020-03-20,0.0
2020-03-20,0.0
2020-03-20,0.0
2020-03-20,0.0
2020-03-20,0.0
2020-03-23,0.0
2020-03-23,0.0
2020-03-23,0.0
2020-03-23,0.0
2020-03-23,0.0
2020-03-24,0.0
2020-03-24,0.0
2020-03-24,0.0
2020-03-24,0.0
2020-03-24,0.0
2020-03-25,0.0
2020-03-25,0.0
2020-03-25,0.0
2020-03-25,0.0
2020-03-26,0.0
2020-03-26,0.0
2020-03-26,0.0
2020-03-26,0.0
2020-03-26,0.0
2020-03-26,0.0
2020-03-27,0.0
2020-03-27,0.0
2020-03-30,0.0
2020-03-30,0.0
2020-03-30,0.0
2020-03-30,0.0
2020-03-31,0.0
2020-03-31,0.0
2020-03-31,0.0
2020-03-31,0.0
2020-03-31,0.0
2020-03-31,0.0
2020-04-01,0.0
2020-04-01,0.0
2020-04-01,0.0
2020-04-01,0.0
2020-04-01,0.0
2020-04-01,0.0
2020-04-02,0.0
2020-04-02,0.0
2020-04-02,0.0
2020-04-03,0.0
2020-04-03,0.0
2020-04-03,0.0
2020-04-06,0.0
2020-04-06,0.0
2020-04-06,0.0
2020-04-06,0.0
2020-04-07,0.0
2020-04-07,0.0
2020-04-07,0.0
2020-04-07,0.0
2020-04-08,0.0
2020-04-08,0.0
2020-04-08,0.0
2020-04-08,0.0
2020-04-09,0.0
2020-04-09,0.0
2020-04-09,0.0
2020-04-14,0.0
2020-04-14,0.0
2020-04-14,0.0
2020-04-14,0.0
2020-04-14,0.0
2020-04-15,0.0
2020-04-15,0.0
2020-04-15,0.0
2020-04-15,0.0
2020-04-15,0.0
2020-04-16,0.0
2020-04-16,0.0
2020-04-16,0.0
2020-04-16,0.0
2020-04-16,0.0
2020-04-16,0.0
2020-04-17,0.0
2020-04-17,0.0
2020-04-17,0.0
2020-04-17,0.0
2020-04-20,0.0
2020-04-20,0.0
2020-04-20,0.0
2020-04-21,0.0
2020-04-21,0.0
2020-04-21,0.0
2020-04-21,0.0
2020-04-21,0.0
2020-04-21,0.0
2020-04-21,0.0
2020-04-22,0.0
2020-04-22,0.0
2020-04-22,0.0
2020-04-22,0.0
2020-04-23,0.0
2020-04-24,0.0
2020-04-24,0.0
2020-04-24,0.0
2020-04-24,0.0
2020-04-24,0.0
2020-04-24,0.0
2020-04-27,0.0
2020-04-27,0.0
2020-04-27,0.0
2020-04-27,0.0
2020-04-27,0.0
2020-04-28,0.0
2020-04-28,0.0
2020-04-28,0.0
2020-04-28,0.0
2020-04-28,0.0
2020-04-29,0.0
2020-04-29,0.0
2020-04-29,0.0
2020-04-29,0.0
2020-04-29,0.0
2020-04-29,0.0
2020-04-30,0.0
2020-04-30,0.0
2020-04-30,0.0
2020-04-30,0.0
2020-04-30,0.0
2020-05-04,0.0
2020-05-04,0.0
2020-05-04,0.0
2020-05-04,0.0
2020-05-04,0.0
2020-05-04,0.0
2020-05-04,0.0
2020-05-04,0.0
2020-05-04,0.0
2020-05-05,0.0
2020-05-05,0.0
2020-05-05,0.0
2020-05-05,0.0
2020-05-05,0.0
2020-05-06,0.0
2020-05-06,0.0
2020-05-06,0.0
2020-05-06,0.0
2020-05-06,0.0
2020-05-06,0.0
2020-05-06,0.0
2020-05-06,0.0
2020-05-06,0.0
2020-05-06,0.0
2020-05-06,0.0
2020-05-06,0.0
2020-05-06,0.0
2020-05-07,0.0
2020-05-07,0.0
2020-05-07,0.0
2020-05-07,0.0
2020-05-07,0.0
2020-05-07,0.0
2020-05-07,0.0
2020-05-07,0.0
2020-05-07,0.0
2020-05-07,0.0
2020-05-07,0.0
2020-05-07,0.0
2020-05-07,0.0
2020-05-07,0.0
2020-05-11,0.0
2020-05-11,0.0
2020-05-11,0.0
2020-05-11,0.0
2020-05-11,0.0
2020-05-11,0.0
2020-05-12,0.0
2020-05-12,0.0
2020-05-12,0.0
2020-05-12,0.0
2020-05-13,0.0
2020-05-13,0.0
2020-05-13,0.0
2020-05-13,0.0
2020-05-13,0.0
2020-05-13,0.0
2020-05-14,0.0
2020-05-14,0.0
2020-05-14,0.0
2020-05-14,0.0
2020-05-14,0.0
2020-05-14,0.0
2020-05-14,0.0
2020-05-14,0.0
2020-05-15,0.0
2020-05-15,0.0
2020-05-15,0.0
2020-05-15,0.0
2020-05-15,0.0
2020-05-15,0.0
2020-05-18,0.0
2020-05-18,0.0
2020-05-18,0.0
2020-05-18,0.0
2020-05-18,0.0
2020-05-18,0.0
2020-05-18,0.0
2020-05-18,0.0
2020-05-18,0.0
2020-05-18,0.0
2020-05-18,0.0
2020-05-19,0.0
2020-05-19,0.0
2020-05-19,0.0
2020-05-19,0.0
2020-05-19,0.0
2020-05-20,0.0
2020-05-20,0.0
2020-05-22,0.0
2020-05-22,0.0
2020-05-22,0.0
2020-05-22,0.0
2020-05-26,0.0
2020-05-26,0.0
2020-05-26,0.0
2020-05-27,0.0
2020-05-27,0.0
2020-05-27,0.0
2020-05-28,0.0
2020-05-28,0.0
2020-05-28,0.0
2020-05-28,0.0
2020-05-28,0.0
2020-05-28,0.0
2020-05-28,0.0
2020-05-29,0.0
2020-05-29,0.0
2020-05-29,0.0
2020-05-29,0.0
2020-05-29,0.0
2020-06-02,0.0
2020-06-02,0.0
2020-06-02,0.0
2020-06-02,0.0
2020-06-02,0.0
2020-06-02,0.0
2020-06-02,0.0
2020-06-03,0.0
2020-06-03,0.0
2020-06-03,0.0
2020-06-03,0.0
2020-06-04,0.0
2020-06-04,0.0
2020-06-04,0.0
2020-06-04,0.0
2020-06-05,0.0
2020-06-05,0.0
2020-06-05,0.0
2020-06-08,0.0
2020-06-08,0.0
2020-06-08,0.0
2020-06-08,0.0
2020-06-08,0.0
2020-06-08,0.0
2020-06-08,0.0
2020-06-08,0.0
2020-06-08,0.0
2020-06-09,0.0
2020-06-09,0.0
2020-06-09,0.0
2020-06-09,0.0
2020-06-10,0.0
2020-06-10,0.0
2020-06-10,0.0
2020-06-10,0.0
2020-06-10,0.0
2020-06-10,0.0
2020-06-10,0.0
2020-06-10,0.0
2020-06-11,0.0
2020-06-11,0.0
2020-06-11,0.0
2020-06-11,0.0
2020-06-12,0.0
2020-06-12,0.0
2020-06-12,0.0
2020-06-12,0.0
2020-06-15,0.0
2020-06-15,0.0
2020-06-15,0.0
2020-06-15,0.0
2020-06-15,0.0
2020-06-15,0.0
2020-06-15,0.0
2020-06-16,0.0
2020-06-16,0.0
2020-06-16,0.0
2020-06-16,0.0
2020-06-16,0.0
2020-06-16,0.0
2020-06-16,0.0
2020-06-16,0.0
2020-06-17,0.0
2020-06-17,0.0
2020-06-17,0.0
2020-06-17,0.0
2020-06-17,0.0
2020-06-18,0.0
2020-06-18,0.0
2020-06-18,0.0
2020-06-18,0.0
2020-06-18,0.0
2020-06-18,0.0
2020-06-18,0.0
2020-06-18,0.0
2020-06-19,0.0
2020-06-19,0.0
2020-06-19,0.0
2020-06-19,0.0
2020-06-19,0.0
2020-06-19,0.0
2020-06-22,0.0
2020-06-22,0.0
2020-06-22,0.0
2020-06-22,0.0
2020-06-22,0.0
2020-06-22,0.0
2020-06-22,0.0
2020-06-22,0.0
2020-06-23,0.0
2020-06-23,0.0
2020-06-23,0.0
2020-06-23,0.0
2020-06-23,0.0
2020-06-23,0.0
2020-06-24,0.0
2020-06-24,0.0
2020-06-24,0.0
2020-06-24,0.0
2020-06-24,0.0
2020-06-25,0.0
2020-06-25,0.0
2020-06-25,0.0
2020-06-25,0.0
2020-06-25,0.0
2020-06-25,0.0
2020-06-25,0.0
2020-06-26,0.0
2020-06-26,0.0
2020-06-26,0.0
2020-06-26,0.0
2020-06-29,0.0
2020-06-29,0.0
2020-06-29,0.0
2020-06-29,0.0
2020-06-29,0.0
2020-06-29,0.0
2020-06-29,0.0
2020-06-29,0.0
2020-06-30,0.0
2020-06-30,0.0
2020-06-30,0.0
2020-06-30,0.0
2020-06-30,0.0
2020-06-30,0.0
2020-06-30,0.0
2020-07-01,0.0
2020-07-01,0.0
2020-07-01,0.0
2020-07-01,0.0
2020-07-01,0.0
2020-07-01,0.0
2020-07-06,0.0
2020-07-06,0.0
2020-07-06,0.0
2020-07-06,0.0
2020-07-06,0.0
2020-07-07,0.0
2020-07-07,0.0
2020-07-07,0.0
2020-07-07,0.0
2020-07-07,0.0
2020-07-07,0.0
2020-07-07,0.0
2020-07-07,0.0
2020-07-07,0.0
2020-07-08,0.0
2020-07-08,0.0
2020-07-08,0.0
2020-07-09,0.0
2020-07-09,0.0
2020-07-09,0.0
2020-07-09,0.0
2020-07-09,0.0
2020-07-10,0.0
2020-07-10,0.0
2020-07-10,0.0
2020-07-10,0.0
2020-07-10,0.0
2020-07-10,0.0
2020-07-10,0.0
2020-07-10,0.0
2020-07-13,0.0
2020-07-13,0.0
2020-07-13,0.0
2020-07-14,0.0
2020-07-14,0.0
2020-07-14,0.0
2020-07-14,0.0
2020-07-15,0.0
2020-07-15,0.0
2020-07-15,0.0
2020-07-15,0.0
2020-07-15,0.0
2020-07-16,0.0
2020-07-16,0.0
2020-07-16,0.0
2020-07-16,0.0
2020-07-17,0.0
2020-07-17,0.0
2020-07-17,0.0
2020-07-20,0.0
2020-07-20,0.0
2020-07-20,0.0
2020-07-20,0.0
2020-07-20,0.0
2020-07-20,0.0
2020-07-21,0.0
2020-07-21,0.0
2020-07-21,0.0
2020-07-21,0.0
2020-07-21,0.0
2020-07-21,0.0
2020-07-21,0.0
2020-07-22,0.0
2020-07-22,0.0
2020-07-22,0.0
2020-07-22,0.0
2020-07-22,0.0
2020-07-22,0.0
2020-07-22,0.0
2020-07-23,0.0
2020-07-23,0.0
2020-07-23,0.0
2020-07-23,0.0
2020-07-23,0.0
2020-07-23,0.0
2020-07-23,0.0
2020-07-24,0.0
2020-07-24,0.0
2020-07-24,0.0
2020-07-24,0.0
2020-07-24,0.0
2020-07-24,0.0
2020-07-24,0.0
2020-07-27,0.0
2020-07-27,0.0
2020-07-28,0.0
2020-07-28,0.0
2020-07-28,0.0
2020-07-29,0.0
2020-07-29,0.0
2020-07-29,0.0
2020-07-29,0.0
2020-07-29,0.0
2020-07-30,0.0
2020-07-30,0.0
2020-07-30,0.0
2020-07-30,0.0
2020-07-30,0.0
2020-07-30,0.0
2020-07-30,0.0
2020-07-31,0.0
2020-07-31,0.0
2020-07-31,0.0
2020-07-31,0.0
2020-07-31,0.0
2020-08-03,0.0
2020-08-03,0.0
2020-08-03,0.0
2020-08-03,0.0
2020-08-03,0.0
2020-08-04,0.0
2020-08-04,0.0
2020-08-04,0.0
2020-08-04,0.0
2020-08-04,0.0
2020-08-04,0.0
2020-08-05,0.0
2020-08-05,0.0
2020-08-05,0.0
2020-08-05,0.0
2020-08-05,0.0
2020-08-05,0.0
2020-08-05,0.0
2020-08-06,0.0
2020-08-06,0.0
2020-08-06,0.0
2020-08-06,0.0
2020-08-06,0.0
2020-08-07,0.0
2020-08-07,0.0
2020-08-07,0.0
2020-08-07,0.0
2020-08-10,0.0
2020-08-10,0.0
2020-08-10,0.0
2020-08-10,0.0
2020-08-10,0.0
2020-08-10,0.0
2020-08-10,0.0
2020-08-10,0.0
2020-08-11,0.0
2020-08-11,0.0
2020-08-11,0.0
2020-08-11,0.0
2020-08-11,0.0
2020-08-11,0.0
2020-08-11,0.0
2020-08-11,0.0
2020-08-11,0.0
2020-08-12,0.0
2020-08-12,0.0
2020-08-12,0.0
2020-08-12,0.0
2020-08-13,0.0
2020-08-13,0.0
2020-08-13,0.0
2020-08-13,0.0
2020-08-13,0.0
2020-08-13,0.0
2020-08-13,0.0
2020-08-13,0.0
2020-08-14,0.0
2020-08-14,0.0
2020-08-14,0.0
2020-08-14,0.0
2020-08-14,0.0
2020-08-14,0.0
2020-08-14,0.0
2020-08-14,0.0
2020-08-14,0.0
2020-08-17,0.0
2020-08-17,0.0
2020-08-17,0.0
2020-08-17,0.0
2020-08-17,0.0
2020-08-17,0.0
2020-08-17,0.0
2020-08-18,0.0
2020-08-18,0.0
2020-08-18,0.0
2020-08-18,0.0
2020-08-19,0.0
2020-08-19,0.0
2020-08-19,0.0
2020-08-19,0.0
2020-08-20,0.0
2020-08-20,0.0
2020-08-20,0.0
2020-08-20,0.0
2020-08-21,0.0
2020-08-21,0.0
2020-08-21,0.0
2020-08-21,0.0
2020-08-24,0.0
2020-08-24,0.0
2020-08-24,0.0
2020-08-24,0.0
2020-08-24,0.0
2020-08-24,0.0
2020-08-24,0.0
2020-08-25,0.0
2020-08-25,0.0
2020-08-25,0.0
2020-08-25,0.0
2020-08-26,0.0
2020-08-26,0.0
2020-08-26,0.0
2020-08-26,0.0
2020-08-26,0.0
2020-08-27,0.0
2020-08-27,0.0
2020-08-28,0.0
2020-08-28,0.0
2020-08-28,0.0
2020-08-28,0.0
2020-08-28,0.0
2020-08-28,0.0
2020-08-28,0.0
2020-08-31,0.0
2020-08-31,0.0
2020-08-31,0.0
2020-08-31,0.0
2020-09-01,0.0
2020-09-01,0.0
2020-09-01,0.0
2020-09-01,0.0
2020-09-01,0.0
2020-09-01,0.0
2020-09-01,0.0
2020-09-01,0.0
2020-09-02,0.0
2020-09-02,0.0
2020-09-02,0.0
2020-09-02,0.0
2020-09-03,0.0
2020-09-03,0.0
2020-09-03,0.0
2020-09-03,0.0
2020-09-03,0.0
2020-09-04,0.0
2020-09-04,0.0
2020-09-04,0.0
2020-09-04,0.0
2020-09-08,0.0
2020-09-08,0.0
2020-09-08,0.0
2020-09-08,0.0
2020-09-09,0.0
2020-09-09,0.0
2020-09-09,0.0
2020-09-09,0.0
2020-09-09,0.0
2020-09-09,0.0
2020-09-09,0.0
2020-09-10,0.0
2020-09-10,0.0
2020-09-10,0.0
2020-09-10,0.0
2020-09-11,0.0
2020-09-11,0.0
2020-09-11,0.0
2020-09-11,0.0
2020-09-11,0.0
2020-09-11,0.0
2020-09-11,0.0
2020-09-11,0.0
2020-09-11,0.0
2020-09-14,0.0
2020-09-14,0.0
2020-09-14,0.0
2020-09-14,0.0
2020-09-14,0.0
2020-09-14,0.0
2020-09-14,0.0
2020-09-14,0.0
2020-09-14,0.0
2020-09-14,0.0
2020-09-14,0.0
2020-09-14,0.0
2020-09-14,0.0
2020-09-14,0.0
2020-09-14,0.0
2020-09-14,0.0
2020-09-15,0.0
2020-09-15,0.0
2020-09-15,0.0
2020-09-15,0.0
2020-09-15,0.0
2020-09-15,0.0
2020-09-15,0.0
2020-09-16,0.0
2020-09-16,0.0
2020-09-16,0.0
2020-09-16,0.0
2020-09-16,0.0
2020-09-16,0.0
2020-09-16,0.0
2020-09-16,0.0
2020-09-16,0.0
2020-09-16,0.0
2020-09-17,0.0
2020-09-17,0.0
2020-09-17,0.0
2020-09-17,0.0
2020-09-17,0.0
2020-09-18,0.0
2020-09-18,0.0
2020-09-18,0.0
2020-09-18,0.0
2020-09-18,0.0
2020-09-18,0.0
2020-09-18,0.0
2020-09-21,0.0
2020-09-21,0.0
2020-09-21,0.0
2020-09-21,0.0
2020-09-21,0.0
2020-09-21,0.0
2020-09-21,0.0
2020-09-21,0.0
2020-09-21,0.0
2020-09-21,0.0
2020-09-21,0.0
2020-09-21,0.0
2020-09-21,0.0
2020-09-21,0.0
2020-09-22,0.0
2020-09-22,0.0
2020-09-22,0.0
2020-09-22,0.0
2020-09-22,0.0
2020-09-22,0.0
2020-09-22,0.0
2020-09-22,0.0
2020-09-22,0.0
2020-09-22,0.0
2020-09-22,0.0
2020-09-22,0.0
2020-09-22,0.0
2020-09-23,0.0
2020-09-23,0.0
2020-09-23,0.0
2020-09-23,0.0
2020-09-23,0.0
2020-09-24,0.0
2020-09-24,0.0
2020-09-24,0.0
2020-09-24,0.0
2020-09-24,0.0
2020-09-24,0.0
2020-09-24,0.0
2020-09-25,0.0
2020-09-25,0.0
2020-09-25,0.0
2020-09-25,0.0
2020-09-25,0.0
2020-09-28,0.0
2020-09-28,0.0
2020-09-28,0.0
2020-09-28,0.0
2020-09-28,0.0
2020-09-28,0.0
2020-09-28,0.0
2020-09-28,0.0
2020-09-28,0.0
2020-09-28,0.0
2020-09-28,0.0
2020-09-28,0.0
2020-09-28,0.0
2020-09-29,0.0
2020-09-29,0.0
2020-09-29,0.0
2020-09-29,0.0
2020-09-29,0.0
2020-09-29,0.0
2020-09-29,0.0
2020-09-29,0.0
2020-09-29,0.0
2020-09-30,0.0
2020-09-30,0.0
2020-09-30,0.0
2020-09-30,0.0
2020-09-30,0.0
2020-09-30,0.0
2020-09-30,0.0
2020-09-30,0.0
2020-09-30,0.0
2020-10-01,0.0
2020-10-01,0.0
2020-10-01,0.0
2020-10-01,0.0
2020-10-01,0.0
2020-10-01,0.0
2020-10-01,0.0
2020-10-01,0.0
2020-10-02,0.0
2020-10-02,0.0
2020-10-02,0.0
2020-10-02,0.0
2020-10-02,0.0
2020-10-02,0.0
2020-10-02,0.0
2020-10-05,0.0
2020-10-05,0.0
2020-10-05,0.0
2020-10-05,0.0
2020-10-05,0.0
2020-10-05,0.0
2020-10-05,0.0
2020-10-05,0.0
2020-10-05,0.0
2020-10-05,0.0
2020-10-05,0.0
2020-10-06,0.0
2020-10-06,0.0
2020-10-06,0.0
2020-10-06,0.0
2020-10-06,0.0
2020-10-06,0.0
2020-10-06,0.0
2020-10-07,0.0
2020-10-07,0.0
2020-10-07,0.0
2020-10-07,0.0
2020-10-07,0.0
2020-10-07,0.0
2020-10-07,0.0
2020-10-07,0.0
2020-10-08,0.0
2020-10-08,0.0
2020-10-08,0.0
2020-10-08,0.0
2020-10-08,0.0
2020-10-09,0.0
2020-10-09,0.0
2020-10-09,0.0
2020-10-09,0.0
2020-10-09,0.0
2020-10-12,0.0
2020-10-12,0.0
2020-10-12,0.0
2020-10-12,0.0
2020-10-12,0.0
2020-10-12,0.0
2020-10-12,0.0
2020-10-12,0.0
2020-10-13,0.0
2020-10-13,0.0
2020-10-13,0.0
2020-10-13,0.0
2020-10-13,0.0
2020-10-14,0.0
2020-10-14,0.0
2020-10-14,0.0
2020-10-14,0.0
2020-10-14,0.0
2020-10-14,0.0
2020-10-14,0.0
2020-10-14,0.0
2020-10-15,0.0
2020-10-15,0.0
2020-10-15,0.0
2020-10-15,0.0
2020-10-15,0.0
2020-10-15,0.0
2020-10-15,0.0
2020-10-15,0.0
2020-10-15,0.0
2020-10-16,0.0
2020-10-16,0.0
2020-10-16,0.0
2020-10-19,0.0
2020-10-19,0.0
2020-10-19,0.0
2020-10-19,0.0
2020-10-19,0.0
2020-10-19,0.0
2020-10-20,0.0
2020-10-20,0.0
2020-10-20,0.0
2020-10-20,0.0
2020-10-20,0.0
2020-10-21,0.0
2020-10-22,0.0
2020-10-22,0.0
2020-10-22,0.0
2020-10-22,0.0
2020-10-22,0.0
2020-10-22,0.0
2020-10-23,0.0
2020-10-23,0.0
2020-10-23,0.0
2020-10-23,0.0
2020-10-26,0.0
2020-10-26,0.0
2020-10-26,0.0
2020-10-26,0.0
2020-10-27,0.0
2020-10-27,0.0
2020-10-27,0.0
2020-10-27,0.0
2020-10-28,0.0
2020-10-28,0.0
2020-10-28,0.0
2020-10-28,0.0
2020-10-29,0.0
2020-10-29,0.0
2020-10-29,0.0
2020-10-29,0.0
2020-10-29,0.0
2020-10-29,0.0
2020-10-29,0.0
2020-10-30,0.0
2020-10-30,0.0
2020-10-30,0.0
2020-10-30,0.0
2020-10-30,0.0
2020-10-30,0.0
2020-11-02,0.0
2020-11-03,0.0
2020-11-03,0.0
2020-11-03,0.0
2020-11-03,0.0
2020-11-03,0.0
2020-11-03,0.0
2020-11-03,0.0
2020-11-04,0.0
2020-11-04,0.0
2020-11-05,0.0
2020-11-05,0.0
2020-11-05,0.0
2020-11-05,0.0
2020-11-05,0.0
2020-11-05,0.0
2020-11-05,0.0
2020-11-05,0.0
2020-11-06,0.0
2020-11-06,0.0
2020-11-09,0.0
2020-11-09,0.0
2020-11-09,0.0
2020-11-09,0.0
2020-11-09,0.0
2020-11-09,0.0
2020-11-09,0.0
2020-11-09,0.0
2020-11-10,0.0
2020-11-10,0.0
2020-11-10,0.0
2020-11-10,0.0
2020-11-10,0.0
2020-11-10,0.0
2020-11-10,0.0
2020-11-11,0.0
2020-11-11,0.0
2020-11-11,0.0
2020-11-11,0.0
2020-11-11,0.0
2020-11-12,0.0
2020-11-12,0.0
2020-11-12,0.0
2020-11-12,0.0
2020-11-12,0.0
2020-11-12,0.0
2020-11-12,0.0
2020-11-13,0.0
2020-11-13,0.0
2020-11-13,0.0
2020-11-13,0.0
2020-11-13,0.0
2020-11-16,0.0
2020-11-16,0.0
2020-11-16,0.0
2020-11-16,0.0
2020-11-16,0.0
2020-11-16,0.0
2020-11-16,0.0
2020-11-17,0.0
2020-11-17,0.0
2020-11-17,0.0
2020-11-17,0.0
2020-11-17,0.0
2020-11-17,0.0
2020-11-17,0.0
2020-11-18,0.0
2020-11-18,0.0
2020-11-18,0.0
2020-11-18,0.0
2020-11-18,0.0
2020-11-18,0.0
2020-11-18,0.0
2020-11-18,0.0
2020-11-18,0.0
2020-11-18,0.0
2020-11-19,0.0
2020-11-19,0.0
2020-11-19,0.0
2020-11-19,0.0
2020-11-19,0.0
2020-11-19,0.0
2020-11-20,0.0
2020-11-20,0.0
2020-11-20,0.0
2020-11-20,0.0
2020-11-23,0.0
2020-11-23,0.0
2020-11-23,0.0
2020-11-23,0.0
2020-11-23,0.0
2020-11-23,0.0
2020-11-23,0.0
2020-11-23,0.0
2020-11-23,0.0
2020-11-24,0.0
2020-11-24,0.0
2020-11-24,0.0
2020-11-24,0.0
2020-11-24,0.0
2020-11-24,0.0
2020-11-24,0.0
2020-11-25,0.0
2020-11-25,0.0
2020-11-25,0.0
2020-11-25,0.0
2020-11-25,0.0
2020-11-25,0.0
2020-11-25,0.0
2020-11-25,0.0
2020-11-25,0.0
2020-11-25,0.0
2020-11-30,0.0
2020-11-30,0.0
2020-11-30,0.0
2020-11-30,0.0
2020-11-30,0.0
2020-11-30,0.0
2020-11-30,0.0
2020-11-30,0.0
2020-11-30,0.0
2020-11-30,0.0
2020-11-30,0.0
2020-11-30,0.0
2020-12-01,0.0
2020-12-01,0.0
2020-12-01,0.0
2020-12-01,0.0
2020-12-01,0.0
2020-12-01,0.0
2020-12-02,0.0
2020-12-02,0.0
2020-12-02,0.0
2020-12-02,0.0
2020-12-02,0.0
2020-12-02,0.0
2020-12-03,0.0
2020-12-03,0.0
2020-12-03,0.0
2020-12-03,0.0
2020-12-03,0.0
2020-12-03,0.0
2020-12-04,0.0
2020-12-04,0.0
2020-12-04,0.0
2020-12-04,0.0
2020-12-04,0.0
2020-12-04,0.0
2020-12-07,0.0
2020-12-07,0.0
2020-12-07,0.0
2020-12-08,0.0
2020-12-08,0.0
2020-12-08,0.0
2020-12-08,0.0
2020-12-08,0.0
2020-12-09,0.0
2020-12-09,0.0
2020-12-09,0.0
2020-12-09,0.0
2020-12-09,0.0
2020-12-09,0.0
2020-12-09,0.0
2020-12-10,0.0
2020-12-10,0.0
2020-12-10,0.0
2020-12-11,0.0
2020-12-11,0.0
2020-12-11,0.0
2020-12-11,0.0
2020-12-11,0.0
2020-12-11,0.0
2020-12-11,0.0
2020-12-11,0.0
2020-12-11,0.0
2020-12-11,0.0
2020-12-11,0.0
2020-12-11,0.0
2020-12-14,0.0
2020-12-14,0.0
2020-12-14,0.0
2020-12-14,0.0
2020-12-14,0.0
2020-12-14,0.0
2020-12-14,0.0
2020-12-14,0.0
2020-12-14,0.0
2020-12-14,0.0
2020-12-14,0.0
2020-12-14,0.0
2020-12-14,0.0
2020-12-14,0.0
2020-12-14,0.0
2020-12-14,0.0
2020-12-15,0.0
2020-12-15,0.0
2020-12-15,0.0
2020-12-15,0.0
2020-12-15,0.0
2020-12-16,0.0
2020-12-16,0.0
2020-12-16,0.0
2020-12-16,0.0
2020-12-16,0.0
2020-12-17,0.0
2020-12-17,0.0
2020-12-17,0.0
2020-12-17,0.0
2020-12-17,0.0
2020-12-17,0.0
2020-12-17,0.0
2020-12-17,0.0
2020-12-18,0.0
2020-12-18,0.0
2020-12-18,0.0
2020-12-18,0.0
2020-12-21,0.0
2020-12-21,0.0
2020-12-21,0.0
2020-12-21,0.0
2020-12-21,0.0
2020-12-21,0.0
2020-12-21,0.0
2020-12-21,0.0
2020-12-22,0.0
2020-12-22,0.0
2020-12-22,0.0
2020-12-22,0.0
2020-12-23,0.0
2020-12-23,0.0
2020-12-23,0.0
2020-12-23,0.0
2020-12-23,0.0
2020-12-23,0.0
2020-12-29,0.0
2020-12-29,0.0
2020-12-30,0.0
2020-12-30,0.0
2021-01-04,0.0
2021-01-04,0.0
2021-01-04,0.0
2021-01-04,0.0
2021-01-04,0.0
2021-01-05,0.0
2021-01-05,0.0
2021-01-06,0.0
2021-01-06,0.0
2021-01-06,0.0
2021-01-06,0.0
2021-01-06,0.0
2021-01-06,0.0
2021-01-06,0.0
2021-01-06,0.0
2021-01-07,0.0
2021-01-07,0.0
2021-01-07,0.0
2021-01-08,0.0
2021-01-08,0.0
2021-01-08,0.0
2021-01-08,0.0
2021-01-08,0.0
2021-01-08,0.0
2021-01-08,0.0
2021-01-11,0.0
2021-01-11,0.0
2021-01-11,0.0
2021-01-11,0.0
2021-01-11,0.0
2021-01-11,0.0
2021-01-11,0.0
2021-01-11,0.0
2021-01-12,0.0
2021-01-12,0.0
2021-01-12,0.0
2021-01-12,0.0
2021-01-13,0.0
2021-01-13,0.0
2021-01-13,0.0
2021-01-14,0.0
2021-01-14,0.0
2021-01-15,0.0
2021-01-15,0.0
2021-01-15,0.0
2021-01-15,0.0
2021-01-15,0.0
2021-01-19,0.0
2021-01-19,0.0
2021-01-19,0.0
2021-01-19,0.0
2021-01-20,0.0
2021-01-20,0.0
2021-01-20,0.0
2021-01-20,0.0
2021-01-21,0.0
2021-01-21,0.0
2021-01-21,0.0
2021-01-21,0.0
2021-01-21,0.0
2021-01-21,0.0
2021-01-21,0.0
2021-01-22,0.0
2021-01-22,0.0
2021-01-22,0.0
2021-01-22,0.0
2021-01-22,0.0
2021-01-25,0.0
2021-01-25,0.0
2021-01-25,0.0
2021-01-25,0.0
2021-01-25,0.0
2021-01-26,0.0
2021-01-26,0.0
2021-01-26,0.0
2021-01-26,0.0
2021-01-26,0.0
2021-01-26,0.0
2021-01-26,0.0
2021-01-26,0.0
2021-01-27,0.0
2021-01-27,0.0
2021-01-27,0.0
2021-01-28,0.0
2021-01-28,0.0
2021-01-28,0.0
2021-01-29,0.0
2021-01-29,0.0
2021-01-29,0.0
2021-01-29,0.0
2021-01-29,0.0
2021-01-29,0.0
2021-01-29,0.0
2021-02-01,0.0
2021-02-01,0.0
2021-02-01,0.0
2021-02-01,0.0
2021-02-01,0.0
2021-02-01,0.0
2021-02-01,0.0
2021-02-01,0.0
2021-02-01,0.0
2021-02-01,0.0
2021-02-02,0.0
2021-02-02,0.0
2021-02-02,0.0
2021-02-02,0.0
2021-02-02,0.0
2021-02-02,0.0
2021-02-03,0.0
2021-02-03,0.0
2021-02-03,0.0
2021-02-03,0.0
2021-02-03,0.0
2021-02-03,0.0
2021-02-04,0.0
2021-02-04,0.0
2021-02-04,0.0
2021-02-04,0.0
2021-02-04,0.0
2021-02-04,0.0
2021-02-04,0.0
2021-02-05,0.0
2021-02-05,0.0
2021-02-05,0.0
2021-02-05,0.0
2021-02-05,0.0
2021-02-05,0.0
2021-02-08,0.0
2021-02-08,0.0
2021-02-08,0.0
2021-02-08,0.0
2021-02-08,0.0
2021-02-08,0.08868372440338135
2021-02-09,0.013595289550721644
2021-02-09,0.06621631234884262
2021-02-09,0.17828264832496646
2021-02-10,0.16517335176467896
2021-02-10,0.20093505084514615
2021-02-10,0.09857257455587387
2021-02-10,0.0
2021-02-11,0.047535955905914314
2021-02-11,0.0
2021-02-11,0.17584918439388275
2021-02-12,0.08492869883775711
2021-02-12,0.24835726618766785
2021-02-12,0.1622670292854309
2021-02-12,0.0
2021-02-16,0.15919189155101776
2021-02-16,0.2189769297838211
2021-02-16,0.09044140577316284
2021-02-16,0.1003655046224594
2021-02-16,0.08502507954835893
2021-02-17,0.289353221654892
2021-02-17,0.09525470435619354
2021-02-17,0.0
2021-02-17,0.09063168615102768
2021-02-17,0.06062760204076768
2021-02-18,0.08125369250774384
2021-02-18,0.0824272558093071
2021-02-18,0.05201982706785202
2021-02-18,0.20214679837226868
2021-02-18,0.07098823040723799
2021-02-18,0.07384879142045975
2021-02-18,0.15473347902297974
2021-02-19,0.1543835699558258
2021-02-19,0.20290571451187134
2021-02-19,0.0
2021-02-19,0.10049474239349364
2021-02-19,0.10969008505344392
2021-02-19,0.15631671249866486
2021-02-19,0.11223668605089188
2021-02-19,0.3456132411956787
2021-02-22,0.14151382446289062
2021-02-22,0.1515641212463379
2021-02-22,0.12386278808116913
2021-02-22,0.19006361067295074
2021-02-22,0.24254250526428225
2021-02-22,0.1799536645412445
2021-02-23,0.1369810849428177
2021-02-23,0.21248140931129456
2021-02-23,0.15641629695892334
2021-02-23,0.16578078269958496
2021-02-23,0.1189652904868126
2021-02-23,0.2407463937997818
2021-02-24,0.0
2021-02-24,0.02968169562518597
2021-02-24,0.05581361800432205
2021-02-24,0.19755178689956665
2021-02-25,0.0
2021-02-25,0.0
2021-02-25,0.14189571142196655
2021-02-25,0.18748973309993744
2021-02-25,0.007379486225545406
2021-02-25,0.10874199122190477
2021-02-25,0.19146066904067996
2021-02-26,0.16123132407665253
2021-02-26,0.2474520206451416
2021-02-26,0.11819521337747575
2021-02-26,0.14339834451675415
2021-02-26,0.1752844750881195
2021-02-26,0.2253977805376053
2021-03-01,0.13813261687755585
2021-03-01,0.18451040983200076
2021-03-01,0.12057942152023315
2021-03-01,0.12004711478948593
2021-03-01,0.0
2021-03-01,0.12819480895996094
2021-03-01,0.09801238775253296
2021-03-01,0.18301032483577728
2021-03-01,0.2203555405139923
2021-03-01,0.19204989075660706
2021-03-01,0.14145155251026156
2021-03-02,0.08334200829267502
2021-03-02,0.20315998792648315
2021-03-03,0.15098007023334506
2021-03-03,0.0
2021-03-04,0.10060364007949828
2021-03-04,0.22412236034870148
2021-03-04,0.296596884727478
2021-03-04,0.06775934249162674
2021-03-04,0.2322080731391907
2021-03-04,0.06732519716024399
2021-03-04,0.09011415392160416
2021-03-04,0.14021740853786469
2021-03-05,0.1050727367401123
2021-03-05,0.2178828865289688
2021-03-05,0.1205257922410965
2021-03-05,0.17834407091140747
2021-03-05,0.08685360103845596
2021-03-08,0.06738033145666122
2021-03-08,0.15733613073825836
2021-03-08,0.11660637706518172
2021-03-08,0.07925587147474289
2021-03-09,0.18583978712558746
2021-03-09,0.0
2021-03-09,0.16145378351211548
2021-03-09,0.01615872047841549
2021-03-09,0.21732769906520846
2021-03-09,0.1933647096157074
2021-03-10,0.2191517204046249
2021-03-10,0.0
2021-03-10,0.3072004616260529
2021-03-10,0.04815839976072312
2021-03-10,0.1045103594660759
2021-03-10,0.01366941537708044
2021-03-10,0.07872539013624191
2021-03-10,0.2689294219017029
2021-03-10,0.06098401546478272
2021-03-11,0.0
2021-03-11,0.02604380063712597
2021-03-11,0.219332754611969
2021-03-11,0.15582120418548584
2021-03-11,0.12612633407115936
2021-03-11,0.08580797165632248
2021-03-12,0.038821808993816376
2021-03-12,0.0964730903506279
2021-03-12,0.0
2021-03-12,0.0
2021-03-12,0.0
2021-03-12,0.0
2021-03-12,0.0
2021-03-15,0.0
2021-03-15,0.0
2021-03-15,0.0
2021-03-15,0.0
2021-03-16,0.0
2021-03-16,0.0
2021-03-16,0.0
2021-03-16,0.0
2021-03-17,0.0
2021-03-17,0.0
2021-03-17,0.0
2021-03-17,0.0
2021-03-17,0.0
2021-03-17,0.0
2021-03-17,0.0
2021-03-18,0.0
2021-03-18,0.0
2021-03-18,0.0
2021-03-18,0.0
2021-03-18,0.0
2021-03-18,0.0
2021-03-19,0.0
2021-03-19,0.0
2021-03-19,0.0
2021-03-19,0.0
2021-03-22,0.0
2021-03-22,0.0
2021-03-22,0.0
2021-03-22,0.0
2021-03-22,0.0
2021-03-22,0.0
2021-03-22,0.0
2021-03-22,0.0
2021-03-22,0.0
2021-03-22,0.0
2021-03-23,0.0
2021-03-23,0.0
2021-03-23,0.0
2021-03-23,0.0
2021-03-23,0.0
2021-03-23,0.0
2021-03-23,0.0
2021-03-23,0.0
2021-03-24,0.0
2021-03-24,0.0
2021-03-24,0.0
2021-03-24,0.0
2021-03-24,0.0
2021-03-25,0.0
2021-03-25,0.0
2021-03-25,0.0
2021-03-25,0.0
2021-03-25,0.0
2021-03-25,0.0
2021-03-25,0.0
2021-03-25,0.0
2021-03-25,0.0
2021-03-26,0.0
2021-03-26,0.0
2021-03-26,0.0
2021-03-26,0.0
2021-03-26,0.0
2021-03-26,0.0
2021-03-29,0.0
2021-03-29,0.0
2021-03-29,0.0
2021-03-29,0.0
2021-03-29,0.0
2021-03-30,0.0
2021-03-30,0.0
2021-03-30,0.0
2021-03-30,0.0
2021-03-30,0.0
2021-03-30,0.0
2021-03-31,0.0
2021-03-31,0.0
2021-03-31,0.0
2021-03-31,0.0
2021-03-31,0.0
2021-04-01,0.0
2021-04-01,0.0
2021-04-01,0.0
2021-04-01,0.0
2021-04-01,0.0
2021-04-06,0.0
2021-04-06,0.0
2021-04-06,0.0
2021-04-06,0.0
2021-04-06,0.0
2021-04-06,0.0
2021-04-06,0.0
2021-04-06,0.0
2021-04-06,0.0
2021-04-06,0.0
2021-04-06,0.0
2021-04-07,0.0
2021-04-07,0.0
2021-04-07,0.0
2021-04-07,0.0
2021-04-07,0.0
2021-04-08,0.0
2021-04-08,0.0
2021-04-09,0.0
2021-04-09,0.0
2021-04-09,0.0
2021-04-09,0.0
2021-04-09,0.0
2021-04-12,0.0
2021-04-12,0.0
2021-04-12,0.0
2021-04-12,0.0
2021-04-12,0.0
2021-04-12,0.0
2021-04-12,0.0
2021-04-13,0.0
2021-04-13,0.0
2021-04-13,0.0
2021-04-13,0.0
2021-04-13,0.0
